station_id,station_name,address,phone,longitude,latitude,city_id,operator_id,spec_id,opening_hours,has_restroom,parking_spots
1,理想汽车超级充电站(理想5C超充站龙河高速定南服务区龙南方向),定南服务区龙南方向,4006860400,114.9627722,24.67902525,1,1,5,24小时,TRUE,22
2,特来电汽车充电站(特来电赣州高速定南服务区河源方向电动汽车充电站),定南服务区西区,4001300001,114.9603075,24.67992659,1,2,1,24小时,TRUE,11
3,驴充充汽车充电站(界上),肖田乡G236界上,0797-966999,116.109579,27.12952437,2,5,5,24小时,TRUE,42
4,国家电网汽车充电站(江西省赣州市宁都县肖田乡肖田供电服务站公共充电站),肖田乡肖田供电服务站公共充电站,18296760232,116.0915222,27.04319103,2,1,3,24小时,TRUE,10
5,汽车充电站,鸿运饭店,[],116.0958501,26.93674319,2,2,1,24小时,TRUE,40
6,国家电网汽车充电站(江西省赣州市宁都县东韶乡东韶供电服务站公共充电站),祥林大酒店处,18279708232,116.0020989,26.9221677,2,5,1,24小时,FALSE,19
7,驴充充汽车充电站(迅达超级快充充电站),洛口中学支部委员会,13766367728,116.0819188,26.85271889,2,5,3,24小时,FALSE,5
8,星星充电汽车充电站(星星充电-中京石化充电站),洛口镇中京石化加油站(同发站),13576754981,116.0780069,26.85137145,2,4,1,24小时,FALSE,22
9,驴充充汽车充电站(洛口镇易地搬迁河东安置点),洛口镇易地搬迁河东安置点,18296873778,116.0813727,26.85564663,2,2,1,24小时,FALSE,11
10,蔚景云汽车充电站(宁都万鑫超级充电桩洛口镇),洛口镇453乡道,4006803880,116.0810257,26.85641167,2,4,1,24小时,TRUE,27
11,国家电网汽车充电站(江西省赣州市宁都县洛口镇洛口供电所公共充电站),洛口镇洛口供电所公共充电站,13803585139,116.0705507,26.85404927,2,5,3,24小时,FALSE,7
12,小桔充电汽车充电站(沃尔泰古夏充电站),洛口镇古夏服务区,4000610999,116.0834193,26.80358318,2,4,5,24小时,TRUE,29
13,充电站,洛口服务区,[],116.0783001,26.79402929,2,5,1,24小时,FALSE,45
14,国家电网汽车充电站(江西省赣州市宁都县小布镇誓师广场充电站),小布镇誓师广场停车场,15579994494,115.8352408,26.78293762,2,3,5,24小时,TRUE,50
15,云快充汽车充电站(宁都雪碳N行动一期项目),小布镇政府西侧停车场,[],115.8313973,26.78161968,2,1,1,24小时,TRUE,23
16,星星充电汽车充电站(星星充电-小布镇笑笑充电站),笑笑的民宿(振兴大道分店),15970719649,115.8270407,26.77796795,2,2,1,24小时,TRUE,29
17,小桔充电汽车充电站(小布镇旅游景区充电站),小布镇旅游风景区游客中心停车场,4000610999,115.828329,26.77640155,2,4,3,24小时,FALSE,15
18,国家电网汽车充电站(江西省赣州市宁都县东山坝镇东山坝供电服务站公共充电站),东山坝镇东山坝供电服务站公共充电站,13607073958,116.0678391,26.77072049,2,3,3,24小时,TRUE,47
19,国家电网汽车充电站(江西省赣州市宁都县大沽乡大沽供电服务站公共充电站),大沽乡大沽供电服务站公共充电站,18770750232,115.7845755,26.73360311,2,1,3,24小时,TRUE,39
20,国家电网汽车充电站(江西省赣州市宁都县钓峰乡钓峰供电服务站公共充电站),钓峰乡钓峰供电服务站公共充电站,13879779680,115.9322738,26.70028994,2,2,5,24小时,TRUE,34
21,国家电网汽车充电站(江西省赣州市宁都县公园东街2号停车场充电站),黄陂镇314省道,19179791366,115.8834092,26.69148973,2,3,3,24小时,TRUE,48
22,驴充充汽车充电站(下湾充电桩160千瓦超级快充47分钟充了98度电有图片展示),钓峰乡钓峰中小学,13766367822,115.9271138,26.69989642,2,1,3,24小时,TRUE,7
23,特来电汽车充电站(宁都县黄陂道班停车区充电站),黄陂道班停车区,18179701888,115.8262721,26.69159118,2,4,3,24小时,FALSE,9
24,中国石化汽车充电站(黄陂镇政府充电站),黄陂镇人民政府,95105888,115.8455969,26.69566511,2,5,1,24小时,FALSE,18
25,宁都万鑫充电汽车充电站(万鑫超级充电站黄陂站),镇南路黄陂车站西侧约170米,[],115.8534216,26.69152683,2,4,5,24小时,FALSE,46
26,国家电网汽车充电站(江西省赣州市兴国县枫边乡城市公共充电站),枫边乡枫边供电所门口,13870718609,115.4706858,26.6405099,6,2,3,24小时,FALSE,13
27,星星充电汽车充电站(枫边乡),枫边乡政府院内,4008280768,115.4707721,26.64056914,6,5,1,24小时,FALSE,42
28,卫莱电汽车充电站(兴国县崇贤乡贺堂村充电桩),崇贤乡贺堂村,13005413969,115.3693536,26.6274888,6,5,3,24小时,FALSE,28
29,国家电网汽车充电站(江西省赣州市宁都县安福乡安福供电服务站公共充电站),安福乡安福供电服务站公共充电站,13766312169,115.9695231,26.62809447,2,2,1,24小时,FALSE,10
30,小桔充电汽车充电站(宁都县安福乡人民政府充电站),安福乡人民政府,4000610999,115.9692537,26.62958831,2,1,1,24小时,TRUE,45
31,小桔充电汽车充电站(宁都县蔡江乡蔡江酒家充电站),蔡江乡综合行政执法大队,4000610999,115.8110628,26.61363403,2,4,1,24小时,TRUE,29
32,国家电网汽车充电站(江西省赣州市宁都县石上镇石上供电所公共充电站),石上镇石上供电所公共充电站,13767720781,116.06215,26.62122655,2,5,3,24小时,FALSE,38
33,卫莱电汽车充电站(荣创巨稳印象南坑农庄充电站),南坑乡派出所旁边,13699830691,115.6639336,26.60626077,6,5,3,24小时,TRUE,48
34,国家电网汽车充电站(江西省赣州市兴国县南坑乡南坑供电所城市公共充电站),南坑乡南坑村村委会门口,13870718609,115.66704,26.60634783,6,1,5,24小时,FALSE,46
35,兴国北服务区特来电电动汽车充电站,宁兴高速公路兴国北服务区(北侧),[],115.6393675,26.59408576,6,1,3,24小时,FALSE,32
36,理想汽车超级充电站(理想5C超充站宁兴高速兴国北服务区兴国方向),兴国北服务区,4006860400,115.6396061,26.59380234,6,4,1,24小时,TRUE,21
37,蔚来换电站,S55宁兴高速兴国北服务区(宁兴高速兴国方向),[],115.6378118,26.5937282,6,2,5,24小时,TRUE,45
38,小桔充电汽车充电站(沃尔泰莲湖充电站),石上镇莲湖服务区(G236线),4000610999,116.0475404,26.59305451,2,5,3,24小时,TRUE,14
39,小桔充电汽车充电站(宁都县湛田乡湛田中学充电站),湛田乡425县道湛田中学,4000610999,116.1605984,26.59734595,2,2,3,24小时,TRUE,43
40,国家电网汽车充电站(江西省赣州市宁都县湛田乡湛田供电服务站充电站),湛田健民大药房,15970719232,116.1602379,26.59223171,2,4,3,24小时,TRUE,12
41,理想汽车超级充电站(理想5C超充站宁兴高速兴国北服务区宁都方向),兴国北服务区,4006860400,115.6369023,26.59162639,6,3,3,24小时,TRUE,8
42,蔚来换电站(宁都方向S55宁兴高速兴国北服务区),S55宁兴高速,[],115.6385199,26.59191687,6,5,1,24小时,TRUE,10
43,星星充电汽车充电站(星星充电-荣创老营盘充电站),老营盘村钟勇卫生室,13005413969,115.2288371,26.55273925,6,4,5,24小时,TRUE,39
44,云快充汽车充电站(荣创巨稳崇贤乡充电站),崇贤乡G238(垇上坪),[],115.3480347,26.55277297,6,2,1,24小时,FALSE,40
45,汽车充电站(云快充荣创巨稳崇贤乡站),崇贤乡G238(垇上坪),[],115.3478471,26.55255124,6,3,1,24小时,FALSE,18
46,国家电网汽车充电站(江西省赣州市兴国县良村镇良村供电所城市公共充电站),良村镇良村中学对面,13870718609,115.569255,26.5569917,6,2,5,24小时,FALSE,30
47,驴充充汽车充电站(兴国良村镇乡野人家农庄),S450长兴居,0797-966999,115.5686332,26.55502471,6,3,5,24小时,FALSE,38
48,汽车充电站(良村镇站),良村镇良村村上街组,[],115.5712206,26.5576408,6,1,3,24小时,TRUE,19
49,星星充电汽车充电站(良村镇),良村镇政府(794县道南),4008280768,115.5763325,26.5583873,6,3,1,24小时,TRUE,42
50,驴充充汽车充电站(良村镇充电站),以南500米中国石化(江西赣州兴国良村加油站),0797-966999,115.5714528,26.55790807,6,2,5,24小时,TRUE,5
51,星星充电汽车充电站(崇贤乡),崇贤乡政府门口,4008280768,115.3454931,26.545513,6,1,1,24小时,TRUE,9
52,兴国县崇贤乡人民政府汽车充电站,238国道,[],115.3455161,26.5451819,6,3,1,24小时,TRUE,37
53,卫莱电汽车充电站(赣州卫莱电崇贤充电站),崇贤村红胜组,15350368772,115.3488065,26.5499182,6,3,1,24小时,FALSE,18
54,驴充充汽车充电站(江西省民拓建材有限公司),良村镇S450瑶前排,0797-966999,115.5524853,26.54011899,6,2,5,24小时,FALSE,20
55,国家电网汽车充电站(江西省赣州市宁都县会同乡会同供电所公共充电站),会同乡会同供电所公共充电站,19379562103,116.0999854,26.52724291,2,4,3,24小时,TRUE,11
56,驴充充汽车充电站(兴琴汽车快充电站),城岗镇杨屋组34号驴充充充电站(兴琴充电站),18170783798,115.4990422,26.51486103,6,4,1,24小时,FALSE,32
57,国家电网汽车充电站(江西省赣州市宁都县中山北路285号停车场充电站),梅江镇208省道,19179791366,116.0220915,26.52206486,2,4,3,24小时,TRUE,48
58,国家电网汽车充电站(江西省赣州市兴国县城岗乡城岗供电所城市公共充电站),城岗镇人民政府门口,13870718609,115.4894845,26.50901504,6,1,5,24小时,TRUE,30
59,星星充电汽车充电站(城岗乡),794县道西150米,4008280768,115.4896149,26.50913946,6,3,5,24小时,TRUE,20
60,星星充电汽车充电站(方太乡),632乡道,4008280768,115.3886318,26.51179655,6,2,1,24小时,FALSE,13
61,宁都县翠微峰景区东门科大智能充电站,翠微峰国家森林公园东入口停车场,[],115.9906292,26.50935708,2,2,3,24小时,FALSE,34
62,车电网汽车充电站(石城县城投集团-八卦脑服务区),售票处,13387078908,116.4773685,26.50557913,2,4,1,24小时,TRUE,8
63,云快充汽车充电站(荣创巨稳兴国西高速路口充电站一米八餐馆),高兴镇长迳村新山组兴国西高速公路出口竹子坑与319国道交叉口南20米,13005413969;4008288517,115.2784886,26.49628425,6,5,5,24小时,TRUE,10
64,蔚景云汽车充电站(宁都万鑫超级充电站麻里排站),梅江镇北门麻里排8号,4006803880,116.0216556,26.49604008,2,2,1,24小时,FALSE,36
65,国家电网汽车充电站(江西省赣州市宁都县中央苏区反围剿战争纪念馆充电站),中央苏区反围剿战争纪念馆停车场,19379572690,116.0030964,26.49719433,2,2,3,24小时,FALSE,8
66,驴充充充电站(宁都县中学新校区),文鼎大道与外环路交叉口东440米,[],115.9937978,26.49636935,2,4,1,24小时,TRUE,29
67,汽车充电站(登峰工投翠微宾馆智慧超充站),宁都中学东侧430米,[],115.9974149,26.50051936,2,4,3,24小时,FALSE,32
68,国家电网汽车充电站(江西省赣州市宁都县龙溪路294号充电站),G236外环路翠岗变电站旁,19179791366,115.9896261,26.49575487,2,5,5,24小时,FALSE,14
69,车电网汽车充电站(石城县城投集团-木兰乡),木兰乡487县道,13387078908,116.3897883,26.49362526,5,2,1,24小时,TRUE,42
70,国家电网汽车充电站(江西省赣州市石城县木兰乡木兰供电服务站城市公共充电站),木兰乡老屋下,0797-5729025,116.3900482,26.49344013,1,3,5,24小时,TRUE,8
71,66益星充电汽车充电站(66益星充电.宁都公司),文乡社区文鼎路,4008889498,115.9940731,26.49558332,2,4,5,24小时,TRUE,8
72,星星充电汽车充电站(兴江乡),兴江乡公共停车场,4008280768,115.7739454,26.48722463,6,1,5,24小时,TRUE,9
73,国家电网汽车充电站(江西省赣州市兴国县兴江乡城市公共充电站),兴江乡,13870718609,115.7733841,26.4932256,6,1,5,24小时,TRUE,30
74,66益星充电汽车充电站(安惠小区A1栋3号桩),翠微西路,4008889498,116.0156811,26.49020742,2,5,1,24小时,TRUE,42
75,66益星充电汽车充电站(安惠小区A1栋2号桩),翠微西路,4008889498,116.0155515,26.4902628,2,1,5,24小时,TRUE,31
76,66益星充电汽车充电站(A1栋1号桩),翠微西路,4008889498,116.0155215,26.49026489,2,5,5,24小时,FALSE,21
77,66益星充电汽车充电站(1号桩),梅江镇登峰大道,4008889498,116.0065072,26.48842487,2,3,1,24小时,TRUE,21
78,京城国际大酒店地下室(汽车充电站),登峰大道114号,19970828119,116.0075241,26.4906074,2,2,3,24小时,FALSE,34
79,超翔汽车充电站(宁都·京城国际汽车充电桩),京城国际地下室,19970828119,116.0065668,26.49146547,2,1,3,24小时,TRUE,34
80,驴充充汽车充电站(北京城建京城国际东大门下地下室左拐在右拐30米),京城国际停车场,0797-966999,116.0067612,26.49156292,2,5,5,24小时,TRUE,9
81,中国铁塔汽车充电站(江西赣州宁都翠微农贸市场充电站),翠微西路宁都翠微医院东北侧约190米翠微农贸市场停车场,10096,116.0104208,26.49045378,2,2,5,24小时,FALSE,13
82,星星充电汽车充电站(茶园乡)(暂停营业),茶园乡加油站斜对面,4008280768,115.1620158,26.47693066,6,1,3,24小时,TRUE,28
83,66益星充电汽车充电站(天德铭扬苑小区),登峰大道,4008889498,116.0082431,26.47563028,2,2,3,24小时,FALSE,39
84,国家电网汽车充电站(江西省赣州市宁都县城东营业厅充电站),梅江镇宁瑞路,19179791366,116.0246781,26.47750303,2,3,5,24小时,TRUE,47
85,龙溪公园-科大智能充电站,龙溪湾骑行道龙溪湖公园,18679702321,116.0086614,26.48274597,2,3,5,24小时,TRUE,13
86,驴充充汽车充电站(宁都宾馆),博生西路22号宁都宾馆(博生西路北),400-9155-388,116.0127003,26.47844293,2,1,3,24小时,TRUE,40
87,中国石化汽车充电站(翠微充电站),登峰加油站,95105888,115.9880884,26.4718792,2,3,1,24小时,FALSE,43
88,中国石化汽车充电站(江东站),梅江镇广宁线中国石化加油站地面停车场(江东大厦东北),95105888,116.0195682,26.46776131,2,3,1,24小时,TRUE,48
89,星星充电汽车充电站(鸿顺新能源充电站),梅江镇新庄红绿灯旁金洲国际一楼,4008280768,116.0182659,26.46496416,2,3,5,24小时,FALSE,21
90,润诚达汽车充电站(宁都书香门第站),赣州市宁都县赣州市宁都县环西路宁都中学东北侧约120米书香门第营销中心,13970127239,116.0134585,26.47308324,2,1,1,24小时,FALSE,22
91,书香门第充电站,环西南路15号,[],116.0133857,26.47295942,2,1,1,24小时,FALSE,13
92,太森智能汽车充电站(天鼎大酒店),"登峰大道26天鼎铭聚内,天鼎国际酒店内0米",400-0797-009,116.0085627,26.46871539,2,3,5,24小时,TRUE,33
93,星星充电汽车充电站(星星充电-宁都汽车站充电站),宁都县汽车站充电站,17770102634,116.0191037,26.46403853,2,4,5,24小时,TRUE,12
94,中国铁塔汽车充电站(江西赣州宁都县市民公园充电站),思进路城南市民公园停车场,10096,116.0043153,26.4646119,2,2,1,24小时,TRUE,28
95,国家电网汽车充电站(江西省赣州市石城县高田镇高田供电服务站城市公共充电站),高田镇高田中心小学,0797-5777299,116.4745771,26.47363597,3,4,5,24小时,TRUE,7
96,中国铁塔汽车充电站(江西赣州宁都忆境江南酒店充电站),梅江镇319国道永宁桥头东南100米忆境江南花园酒店停车场,10096,116.0214678,26.45835028,2,3,3,24小时,TRUE,27
97,星星充电汽车充电站(星星充电-宁都金硕比亚迪充电站),名仕公馆停车场,17770102634,116.0215476,26.45888322,2,2,1,24小时,TRUE,27
98,星星充电汽车充电站(维也纳酒店停车场充电桩),梅江镇新庄维也纳酒店地面停车场,15279775999,116.0205851,26.45916896,2,4,5,24小时,TRUE,20
99,特来电汽车充电站(宁都县顺精新能源汽车充电站),梅江镇新庄维也纳酒店楼下顺精新能源汽贸,13766398657,116.0209063,26.45945516,2,2,1,24小时,FALSE,6
100,驴充充汽车充电站(驴充充宁都祥龙充电桩),泉峰云天大酒店西北(319国道东)宁都祥龙汽贸,18807076789,116.0215974,26.45926319,2,3,1,24小时,FALSE,47
101,达克云汽车充电站(新庄汽车站点),赣江源大道3-1号,17770779391;4006717555,116.0191386,26.4639224,2,2,5,24小时,FALSE,15
102,小桔充电汽车充电站(沃尔泰兴国高兴镇高兴村充电站),高兴镇319国道,4000610999,115.2803996,26.44678793,6,1,5,24小时,FALSE,7
103,星星充电汽车充电站(星星充电-古龙岗镇大湾上快充充电站),古龙岗镇龙岗村大湾上,15216144985,115.7080853,26.44911585,6,2,3,24小时,TRUE,34
104,星星充电汽车充电站(星星充电-古龙岗镇大湾上快充充电站2),古龙岗镇龙岗村大湾上,15216144985,115.7080853,26.44911585,6,3,3,24小时,TRUE,19
105,汽车充电站(普利宁都九州国际酒店),宁都大道5-27号,[],116.0025149,26.4464248,2,2,1,24小时,FALSE,26
106,人民医院汽车充电桩,中山南路90-71号,[],116.0040161,26.45183697,2,1,3,24小时,FALSE,27
107,国家电网汽车充电站(江西省赣州市兴国县高兴镇城市公共充电站),高兴镇高兴供电所门口,13870718609,115.2938482,26.43482082,6,5,5,24小时,FALSE,48
108,云快充汽车充电站(荣创巨稳龙岗饭店兴国东高速路口充电站),兴国东高速路口龙岗饭店,13005413969;4008288517,115.7049396,26.43909985,6,3,5,24小时,TRUE,12
109,驴充充汽车充电站(好客酒家),古龙岗镇456县道兴国东收费站G72泉南高速出口东北230米好客酒家,0797-966999,115.7095846,26.43611976,6,2,3,24小时,FALSE,7
110,超翔汽车充电站(宁都青塘镇卫生院汽车充电桩),宁都青塘卫生院,19970828119,115.8487073,26.44153541,2,5,1,24小时,FALSE,27
111,特来电汽车充电站(宁都县青塘服务区充电站),青塘镇,18179701888,115.8480958,26.44207658,2,3,5,24小时,FALSE,43
112,星星充电汽车充电站(古龙岗镇),古龙岗镇龙岗服务区,4008280768,115.6968421,26.43991111,6,1,5,24小时,FALSE,41
113,国家电网汽车充电站(江西省赣州市兴国县古龙岗镇城市公共充电站),古龙岗镇龙岗供电所旁,13870718609,115.6966903,26.44020345,6,3,1,24小时,TRUE,50
114,星星充电汽车充电站(高兴镇),高兴镇高兴村高兴小学旁,4008280768,115.2865008,26.43648045,6,1,3,24小时,TRUE,28
115,国家电网汽车充电站(江西省赣州市兴国县兴莲乡城市公共充电站),兴莲乡兴莲供电所门口,13870718609,115.56119,26.43530251,6,1,3,24小时,FALSE,44
116,星星充电汽车充电站(兴莲乡),兴莲乡,4008280768,115.5610398,26.43485015,6,1,3,24小时,FALSE,37
117,中国铁塔汽车充电站(江西赣州宁都县翡翠城充电站),凌云大道东投翡翠城北面停车场,10096,115.9954071,26.44157582,2,4,3,24小时,FALSE,30
118,中国石化汽车充电站(新兴站),梅江镇水东工业园庵边村中国石化加油站,95105888,116.0138549,26.43922384,2,3,5,24小时,TRUE,17
119,车电网汽车充电站(石城县城投集团-小松市民公园),小松镇中心公立幼儿园,13387078908,116.3034519,26.4401923,7,2,3,24小时,FALSE,30
120,蔚景云汽车充电站(荣创巨稳鼎龙高速路口充电站),鼎龙乡江西交通投资集团兴国养护站,13332954630;4000826699,115.4217727,26.43122089,6,1,5,24小时,FALSE,23
121,云快充汽车充电站(荣创巨稳来坳餐馆充电站),鼎龙镇,[],115.4194623,26.42474525,6,4,1,24小时,FALSE,34
122,星星充电汽车充电站(官田收费站),G72泉南高速,19070198831;4008280768,115.5762016,26.43079123,6,4,3,24小时,TRUE,37
123,卫莱电汽车充电站(荣创鼎龙高速路口充电站),区荣创巨稳鼎龙高速路口充电站,19970971176,115.4219329,26.43139513,6,2,3,24小时,TRUE,23
124,理想汽车超级充电站(理想5C超充站泉南高速兴国服务区南宁方向),鼎龙乡兴国服务区电动汽车充电站兴国服务区,4006860400,115.4561891,26.43054952,6,5,5,24小时,FALSE,10
125,星星充电汽车充电站(兴国服务区北区),鼎龙乡兴国服务区电动汽车充电站兴国服务区,4008280768,115.45617,26.43067251,6,3,1,24小时,TRUE,17
126,星星充电汽车充电站(兴国服务区南区),鼎龙乡兴国服务区(泉南高速泉州方向),4008280768,115.4568822,26.42827942,6,1,1,24小时,TRUE,20
127,理想汽车超级充电站(理想5C超充站泉南高速兴国服务区泉州方向),兴国服务区,4006860400,115.4568461,26.42809627,6,5,3,24小时,TRUE,34
128,兴国服务区电动汽车充电站,兴国服务区附近,[],115.4568862,26.42826043,6,5,3,24小时,TRUE,50
129,星星充电汽车充电站(兴国东收费站),兴国东收费站(G72泉南高速出口),4008280768,115.7074771,26.43361462,6,4,5,24小时,FALSE,30
130,星星充电汽车充电站(瑞腾建材兴国老圩村电动汽车充电站),高兴镇老圩村下街组,13970135618,115.292521,26.42886591,6,2,1,24小时,TRUE,11
131,星星充电汽车充电站(交警队高兴中队),高兴镇,4008280768,115.2929999,26.43190919,6,2,3,24小时,TRUE,49
132,66益星充电汽车充电站(1号桩),青塘镇赤水村,4008889498,115.8226747,26.43387794,2,4,5,24小时,TRUE,40
133,国家电网汽车充电站(江西省赣州市石城县小松营业厅充电站),小松镇206国道石城县公安局交通警察大队小松中队,19179791366,116.3109542,26.42712436,2,4,1,24小时,TRUE,34
134,国家电网汽车充电站(江西省赣州市石城县小松镇罗源村小松供电所),小松镇206国道,0797-5781351,116.3113185,26.42662551,6,4,5,24小时,FALSE,40
135,车电网汽车充电站(石城县城投集团-丰山市民公园),丰山乡490县道中国能源丰山加油站,13387078908,116.4374136,26.42675976,3,4,3,24小时,FALSE,21
136,国家电网汽车充电站(江西省赣州市石城县丰山乡丰山供电服务站城市公共充电站),[],0797-5777299,116.4380168,26.42721098,5,5,1,24小时,FALSE,45
137,国家电网汽车充电站(江西省赣州市兴国县鼎龙乡城市公共充电站),鼎龙乡人民政府,13870718609,115.4545947,26.41744417,6,3,1,24小时,FALSE,9
138,宁都西服务区电动汽车充电站,青塘镇宁都西服务区电动汽车充电站宁都西服务区,4008280768,115.8748342,26.41531651,2,3,5,24小时,TRUE,22
139,驴充充新能源汽车充电站(宁都县工业园原昌厦公路充电站),力汉公司楼下场地,15970667936,116.0121599,26.42285126,2,3,3,24小时,TRUE,13
140,荣创巨稳高兴欧阳餐馆汽车充电站,238国道与厦成线交叉口西北200米,13005413969,115.2987265,26.41411064,6,2,1,24小时,FALSE,49
141,云快充汽车充电站(荣创欧阳餐馆充电站),高兴镇G2荣创巨稳充电站,[],115.2986456,26.4144519,6,2,1,24小时,TRUE,31
142,星星充电汽车充电站(宁都西服务区东区),青塘镇宁都西服务区小桔充电站宁都西服务区,4008280768,115.8753292,26.41109942,2,3,3,24小时,FALSE,31
143,宁都西服务区小桔充电站,G6011南韶高速与宁都西服务区交叉口东南160米,[],115.8753242,26.41108341,2,2,1,24小时,FALSE,29
144,特来电汽车充电站(特来电汽车充电站梅窖),梅窖镇工业园区,15970889158,115.7692087,26.40405373,6,1,5,24小时,FALSE,35
145,国家电网汽车充电站(江西省赣州市兴国县梅窖镇城市公共充电站),梅窖镇,13870718609,115.7632124,26.40216843,6,3,1,24小时,FALSE,29
146,驴充充汽车充电站(如意商务宾馆附近24米),S451如意商务宾馆附近26米,0797-966999,115.7598229,26.40132307,6,5,3,24小时,TRUE,36
147,中国铁塔汽车充电站(江西赣州宁都工业园充电站),竹笮乡,10096,115.9893776,26.40355691,2,3,1,24小时,FALSE,36
148,中国铁塔汽车充电站(江西赣州宁都工业园重卡充电站),竹笮镇婴响力集团有限公司对面,10096,115.9893397,26.40359303,2,4,1,24小时,FALSE,47
149,国家电网汽车充电站(江西省赣州市宁都县宁都大道888号充电站),竹笮乡国家电网(水东供电营业厅),19179791366,115.9988447,26.40352412,2,4,5,24小时,TRUE,34
150,星星充电汽车充电站(星星充电-恒兴建材充电站),高兴镇G328国道恒兴建材厂,13576688072,115.312967,26.39289816,6,5,1,24小时,TRUE,30
151,星星充电汽车充电站(星星充电-兴国睿科安防充电站),高兴镇上石组20号,18579715310,115.3136716,26.39076501,6,5,5,24小时,TRUE,10
152,国家电网汽车充电站(江西省赣州市宁都县青塘镇青塘供电所公共充电站),青塘镇青塘供电所公共充电站,15007092232,115.8539924,26.39151391,2,4,5,24小时,TRUE,34
153,小桔充电汽车充电站(宁都县田埠乡退役军人服务站充电站),田埠村,4000610999,116.1929823,26.39477762,2,1,1,24小时,FALSE,29
154,国家电网汽车充电站(江西省赣州市宁都县田埠乡田埠供电服务站公共充电站),田埠乡田埠村,19179791366,116.1929793,26.39476561,2,2,3,24小时,FALSE,25
155,特来电汽车充电站(宁都县赖村镇长兴驿站充电站),赖村镇如意饭店,13970106341,115.8701897,26.37846585,2,4,3,24小时,FALSE,31
156,星星充电汽车充电站(宁都南服务区南区),竹笮镇宁都南服务区电动汽车充电站,4008280768,115.928512,26.3835068,2,1,3,24小时,FALSE,6
157,理想汽车超级充电站(理想5C超充站泉南高速宁都南服务区泉州方向),宁都南服务区,4006860400,115.928541,26.38402097,2,5,5,24小时,TRUE,27
158,宁都南服务区电动汽车充电站,[],4008280768,115.9350508,26.38381489,2,1,1,24小时,TRUE,6
159,星星充电汽车充电站(梅窖三寮景区),梅窖镇三僚村,4008280768,115.7359098,26.3695812,6,2,1,24小时,TRUE,44
160,星星充电汽车充电站(住建局),梅窖镇三僚村(十二生肖售票处旁边),4008280768,115.722886,26.36576834,6,2,1,24小时,TRUE,35
161,小桔充电汽车充电站(沃尔泰赖村充电站),319国道赖村服务区,4000610999,115.855386,26.36781741,2,1,5,24小时,TRUE,34
162,能效邻里共享汽车充电站(能效充电站),潋江镇杨澄村金叶新村,17770706323,115.3455666,26.36391561,6,3,5,24小时,FALSE,15
163,特来电汽车充电站(赣州航建建材充电站),镁佳新型材料有限公司,18797975400,115.3278234,26.36009846,6,5,5,24小时,TRUE,15
164,国家电网汽车充电站(江西省赣州市兴国县隆坪乡城市公共充电站),隆坪乡中国石化隆坪加油站旁,13870718609,115.2348038,26.3600969,6,1,3,24小时,TRUE,24
165,汽车充电站(红兴谷北区站),红兴楼南侧180米,4006717555,115.336941,26.36189211,6,4,5,24小时,FALSE,50
166,国家电网汽车充电站(江西省赣州市兴国县长冈营业厅门口停车场充电站),长冈乡城兴段,19179791366,115.365294,26.36052672,6,1,1,24小时,TRUE,11
167,红兴谷(南区)充电站,红兴楼北侧120米,[],115.3398424,26.35774204,6,3,5,24小时,TRUE,41
168,星星充电汽车充电站(星星充电-荣创兴国聚贤楼充电站),红军路5-13号,13005413969,115.3712668,26.35647222,6,3,1,24小时,FALSE,47
169,国家电网汽车充电站(江西省赣州市兴国县东村乡城市公共充电站),东村乡东村供电所,13870718609,115.5525282,26.36290229,6,1,3,24小时,FALSE,5
170,星星充电汽车充电站(东村乡),455县道附近,4008280768,115.5517668,26.3593264,6,4,3,24小时,TRUE,32
171,驴充充汽车充电站(隆坪驴充充汽车充电站),Y639隆坪中心小学西北侧约250米芳芳副食店(Y639店),15970715066,115.2314024,26.36176112,6,4,3,24小时,TRUE,32
172,星星充电汽车充电站(均村乡),均村乡政府院内,4008280768,115.0945817,26.36530943,6,5,1,24小时,FALSE,44
173,星星充电汽车充电站(隆坪乡),隆坪乡政府院内,4008280768,115.2307922,26.3603362,6,4,5,24小时,FALSE,32
174,领傲汽车充电站(江西省宁都县民富驿站充电站),赖村镇319国道,4009661610,115.8505529,26.3646076,2,5,5,24小时,FALSE,25
175,卫莱电汽车充电站(宁都南高速口荣创充电站),赖村高速路口,13699830691,115.8464478,26.36300419,2,1,1,24小时,FALSE,33
176,驴充充汽车充电站(驴充充汽车快充站宁都南高速路口锋曜快充站),赖村镇G319(厦成线)驴充充汽车充电站宁都南高速口锋曜充电站,18370959282,115.8409791,26.36083184,2,4,1,24小时,FALSE,26
177,车电网汽车充电站(石城县城投集团-城北物流园),琴江镇206国道,13387078908,116.3378717,26.36485865,8,3,1,24小时,TRUE,36
178,国家电网汽车充电站(江西省赣州市兴国县均村乡均村供电所城市公共充电站),均村乡均村供电所门口,13707973006,115.1007032,26.34967189,6,3,1,24小时,FALSE,26
179,星星充电汽车充电站(人民医院),兴国县人民医院地面停车场,4008280768,115.3271258,26.34775139,6,5,3,24小时,FALSE,40
180,驴充充汽车充电站(兴国博联御府小区),平川大道博联御府博联御府-6栋,15970715066,115.3430723,26.35208583,6,5,1,24小时,TRUE,10
181,星星充电汽车充电站(将军中学站点),将军中学停车场,4008280768,115.3330383,26.34657267,6,4,1,24小时,FALSE,40
182,云快充目的地充电站(兴国颐养社区一期充电站),潋江镇五里亭村,4008288517,115.3371641,26.35375418,6,4,1,24小时,FALSE,33
183,星星充电汽车充电站(樟木乡),樟木乡政府,4008280768,115.6236045,26.35099712,6,1,1,24小时,FALSE,19
184,国家电网汽车充电站(江西省赣州市兴国县樟木乡城市公共充电站),樟木乡樟木供电营业厅旁,13870718609,115.6238993,26.34937305,6,2,3,24小时,FALSE,47
185,小桔充电汽车充电站(赖村镇停车场充电站),赖村镇319国道宁都县赖村国土资源管理所,4000610999,115.8246756,26.35185993,2,3,5,24小时,FALSE,40
186,国家电网汽车充电站(江西省赣州市宁都县赖村镇赖村供电所充电站),赖村镇319国道赖村供电所,0797-6947326,115.8220992,26.35169701,2,3,5,24小时,FALSE,40
187,车电网汽车充电站(石城县城投集团-琴江镇政府),琴江镇人民政府,13387078908,116.3457884,26.34895271,6,4,3,24小时,FALSE,24
188,车电网汽车充电站(石城县城投集团-森林温泉酒店),石城二中(城北校区)东侧,13387078908,116.3624019,26.35446764,4,1,3,24小时,TRUE,25
189,小桔充电汽车充电站(沃尔泰兴国均村乡充电站),均村乡356国道,4000610999,115.1197356,26.34133258,6,5,1,24小时,TRUE,17
190,星星充电汽车充电站(交警大队),平川大道兴国县交警大队院内地面停车场,4008280768,115.347881,26.34048441,6,4,1,24小时,FALSE,42
191,星星充电汽车充电站(税务局),五福广场西200米,4008280768,115.373945,26.34220527,6,5,5,24小时,FALSE,11
192,星星充电汽车充电站(天然气公司)(暂停营业),曾屋,4008280768,115.373951,26.34220627,6,3,1,24小时,TRUE,28
193,星星充电汽车充电站(鼎龙乡),客家路8号,4008280768,115.3578266,26.34114317,6,3,1,24小时,TRUE,50
194,星星充电汽车充电站(农粮局),长冈西路与将军大道交叉路口往西约50米地面停车场,4008280768,115.3343447,26.34392204,6,2,5,24小时,FALSE,7
195,星星充电汽车充电站(第一幼儿园站点),潋江大道,4008280768,115.3535525,26.3432175,6,5,1,24小时,FALSE,49
196,星星充电汽车充电站(锦绣江南),锦绣江南门口道路停车位,4008280768,115.3473228,26.34310653,6,4,1,24小时,TRUE,5
197,星星充电汽车充电站(实验小学),凤凰大道260号,4008280768,115.3575173,26.33764403,6,3,5,24小时,FALSE,35
198,星星充电汽车充电站(凯城金都),平川大道与红军北路交叉路口往东约50米,4008280768,115.3428373,26.34476099,6,3,3,24小时,TRUE,8
199,星星充电汽车充电站(县委),兴国县政府,4008280768,115.358186,26.34133174,6,4,3,24小时,TRUE,9
200,星星充电汽车充电站(潋江镇政府),潋江镇潋江大道220号,4008280768,115.3532892,26.34073979,6,4,3,24小时,TRUE,41
201,中国铁塔汽车充电站(江西赣州兴国县生态环境局充电站),生态环境局,10096,115.3509322,26.34230223,6,1,5,24小时,TRUE,14
202,星星充电汽车充电站(糖厂小区),凤凰大道310号,18296713422,115.3563492,26.33763074,6,3,5,24小时,TRUE,20
203,星星充电汽车充电站(中心花园),平川大道潋江之春广场(献血屋旁),4008280768,115.3498205,26.33956379,6,5,1,24小时,FALSE,43
204,星星充电汽车充电站(教育局),兴国县教师进修学校院内,4008280768,115.3497006,26.34075353,6,5,5,24小时,TRUE,38
205,星星充电汽车充电站(广播电视局)(暂停营业),潋江镇北大道103号地面停车场,4008280768,115.3490228,26.34058156,6,4,3,24小时,FALSE,24
206,星星充电汽车充电站(火车站)(暂停营业),凤凰大道99号,4008280768,115.3557263,26.33733353,6,4,5,24小时,FALSE,41
207,星星充电汽车充电站(行政服务中心停车场充电站),将军大道,4008280768,115.3357179,26.34347429,6,1,5,24小时,TRUE,18
208,星星充电汽车充电站(林业局),兴国县汽车站地面停车场,4008280768,115.3378241,26.33603404,6,2,5,24小时,FALSE,47
209,国家电网汽车充电站(江西省赣州市宁都县固厚乡固厚供电服务站公共充电站),固厚乡486乡道,19179791366,116.1057642,26.34021725,2,2,1,24小时,TRUE,16
210,车电网汽车充电站(石城县城投集团-家和新城),退役军人服务站家和新城,13387078908,116.3347974,26.34029158,2,2,5,24小时,TRUE,31
211,汽车充电站,恒丰路20号,13387078908,116.3533402,26.3423984,8,3,3,24小时,TRUE,19
212,中国铁塔汽车充电站(江西赣州石城邮政充电站),西华北路163号,10096,116.3443915,26.34159584,5,4,3,24小时,TRUE,48
213,城投汽车充电站,石城森林温泉小镇停车场,13387078908,116.3598181,26.34523208,5,5,1,24小时,TRUE,32
214,车电网汽车充电站(石城县城投集团-国际酒店),琴江镇石城赣江源国际酒店2号楼赣江源国际酒店,13387078908,116.348594,26.34280524,4,2,1,24小时,FALSE,14
215,车电网汽车充电站(龙城华府站),琴江镇487县道龙城华府,13387078908,116.3470565,26.34454059,1,2,1,24小时,FALSE,43
216,星星充电汽车充电站(潋城地下停车场充电站),瑶岗西路66号,18296713422,115.346717,26.32970542,6,5,5,24小时,FALSE,33
217,星星充电汽车充电站(中城模范城对面),将军大道299东北方向110米麻田谷停车场,4008280768,115.3358185,26.33283125,6,4,1,24小时,FALSE,49
218,车电网汽车充电站(石城县城投集团-赣江源大道),琴江镇滨江路,13387078908,116.3480305,26.33627321,5,5,3,24小时,FALSE,33
219,车电网汽车充电站(新石中门口智慧综合停车场),琴江镇毕家屋江西省石城中学,13387078908,116.3312665,26.33614332,1,4,1,24小时,FALSE,43
220,极速佳汽车充电站(赣州市兴国县福丽思酒店汽车充电桩),兴国大道2号兴国福丽思酒店附近17米,400-869-7796,115.3447205,26.33381574,6,1,3,24小时,TRUE,19
221,星星充电汽车充电站(平川园),平川园,4008280768,115.3492721,26.33136492,6,5,5,24小时,TRUE,48
222,星星充电汽车充电站(东街路口),滨江大道18号,4008280768,115.3511789,26.32736597,6,5,3,24小时,TRUE,16
223,星星充电汽车充电站(长冈乡),滨江大道旁,4008280768,115.3510392,26.32726914,6,5,3,24小时,FALSE,22
224,云快充汽车充电站(叙能?公牛小城故事超充站),小城故事停车场,4008288517,115.3510171,26.32876288,6,5,1,24小时,FALSE,45
225,小桔充电汽车充电站(兴国品禄园酒店充电站),潋江镇红军路67号兴国黄隆顺品禄园酒店,4000610999,115.3467964,26.33529687,6,1,3,24小时,FALSE,27
226,星星充电汽车充电站(公园府邸),滨江大道旁,4008280768,115.3510392,26.32726914,6,3,3,24小时,FALSE,47
227,中国铁塔汽车充电站,兴国大道477号翡翠广场,10096,115.332396,26.32863168,6,2,1,24小时,FALSE,31
228,小桔充电汽车充电站(沃尔泰兴国翡翠城2号充电站),翡翠城A区,4000610999,115.3345913,26.32883567,6,4,5,24小时,FALSE,47
229,星星充电汽车充电站(兴国县第三中学),兴国大道513号,18296713422,115.3301506,26.33059084,6,5,3,24小时,TRUE,34
230,汽车充电站,中城模范城7栋地下车库220号车位,[],115.335468,26.33530304,6,3,1,24小时,FALSE,25
231,星星充电汽车充电站(中城模范城站点),兴国大道,4008280768,115.3345161,26.33368706,6,4,1,24小时,TRUE,47
232,百胜泊充汽车充电站(望阳中央公园站),将军大道210号(望阳中央公园小区地面停车场内),18178903816,115.3382038,26.33015763,6,4,5,24小时,FALSE,8
233,驴充充汽车充电站(建材市场东街明兴木业店门口),普惠路407将军大道建材市场,18179787281,115.3401796,26.3317628,6,5,1,24小时,FALSE,44
234,小桔充电汽车充电站(沃尔泰兴国翡翠城1号充电站),翡翠城A区,4000610999,115.3335735,26.32867049,6,4,3,24小时,TRUE,18
235,车电网汽车充电站(石城县城投集团-文旅集团),琴江镇莲乡大道,13387078908,116.3434329,26.34550527,3,3,3,24小时,FALSE,49
236,广州车电象前充新能源有限公司充电站(兴隆花园),琴江镇兴隆花园圆盘内,13387078908,116.3442112,26.33618169,2,1,3,24小时,TRUE,50
237,车电网汽车充电站(石城县城投集团-亲亲幸福里),琴江镇206国道亲亲幸福里,13879726934,116.3501555,26.34112391,5,5,1,24小时,TRUE,40
238,车电网汽车充电站(中医院),琴江镇兴隆西路石城中医院,13387078908,116.3407982,26.33922011,2,2,3,24小时,TRUE,34
239,特来电汽车充电站(特来电兴国风顺新能源汽车城充电站),滨江东大道,4001300001,115.3609424,26.33165647,6,2,1,24小时,FALSE,50
240,中国铁塔汽车充电站(江西赣州兴国县平川大道充电站),平川大道30号,10096,115.3541231,26.3356762,6,5,3,24小时,FALSE,31
241,汽车充电站,493乡道,[],115.9720827,26.33183079,2,4,3,24小时,TRUE,34
242,国家电网汽车充电站(江西省赣州市宁都县田头镇田头供电所公共充电站),田头镇428县道,19179791366,115.9726959,26.33447127,2,2,5,24小时,FALSE,17
243,电动汽车充电站(琴江中心小学停车场),西华南路与学前路交叉口西北380米,[],116.3291163,26.32661998,3,1,5,24小时,FALSE,31
244,车电网汽车充电站(石城县城投集团-县人民法院),琴江镇清华大道,13879726934,116.350921,26.33106406,5,1,3,24小时,FALSE,24
245,车电网汽车充电站(石城县城投集团-清华大道),琴江镇清华大道福欣豪庭,13387078908,116.349723,26.33087192,8,2,5,24小时,FALSE,39
246,车电网汽车充电站(石城县城投集团-卫健委),琴江镇清华大道石城县妇幼保健院,13387078908,116.3471017,26.32754474,6,3,3,24小时,FALSE,34
247,车电网汽车充电站(石城县城投集团-廊桥),沿江路72号,13387078908,116.3411583,26.32828143,4,2,3,24小时,FALSE,19
248,车电网汽车充电站(物资小区),琴江镇广场路新步步高时尚宾馆,13387078908,116.3347404,26.32763086,1,3,3,24小时,FALSE,50
249,广州车电象前充新能源有限公司充电站(芙蓉大酒店),琴江镇西华中路247号芙蓉大酒店,13387078908,116.3387173,26.33569426,7,2,3,24小时,FALSE,7
250,星星充电汽车充电站(兴国县金融中心),恒洋·江东府(模范大道南),18296713422,115.3575784,26.32212972,6,5,1,24小时,FALSE,11
251,星星充电汽车充电站(兴国中学站点),模范大道,4008280768,115.3265194,26.31678722,6,1,3,24小时,FALSE,5
252,驴充充汽车充电站(模范大道西兴国中学西方向600米宏阳卷闸门厂路口),G356(湄西线)宏阳卷闸门厂,0797-966999,115.3195344,26.31791512,6,2,5,24小时,FALSE,46
253,星星充电汽车充电站(车莱电五福充电站),潋江镇五福路247号,13757749203,115.3450011,26.31852406,6,1,1,24小时,FALSE,21
254,星星充电汽车充电站(文化艺术中心西商停车场充电站),文明大道红星小区西北侧约70米,4008280768,115.3306404,26.31979682,6,5,3,24小时,FALSE,46
255,星星充电汽车充电站(2020年标厂房)(暂停营业),滨江大道188号,4008280768,115.3494544,26.32281261,6,3,1,24小时,FALSE,25
256,汽车充电站(石化易电中国石化兴国县城站),五福路77号,13763980813,115.3443927,26.32603968,6,4,5,24小时,TRUE,44
257,星星充电汽车充电站(兴国县文化艺术中心充电桩群),艺术中心地面停车场,4008280768,115.3304477,26.32042148,6,2,1,24小时,FALSE,19
258,星星充电汽车充电站(青少年宫站点),将军大道中段金茂大厦旁边,4008280768,115.3400305,26.32331511,6,1,5,24小时,FALSE,11
259,中国铁塔汽车充电站,新区大道辅路国兴汽车城,19917965124,115.3600335,26.32275054,6,1,5,24小时,FALSE,15
260,车电网超级充电站(石城县城投集团-文化艺术中心),琴江镇南苑路22号石城县图书馆,13387078908,116.3334534,26.32061996,5,1,5,24小时,TRUE,25
261,车电网汽车充电站(石城县城投集团-交警大队),琴江镇东城南大道538号石城县交警大队,13387078908,116.3442832,26.3203822,5,3,1,24小时,FALSE,32
262,星星充电汽车充电站(高铁西站),兴国西站地下停车场A区,4008280768,115.2742946,26.31511905,6,2,1,24小时,FALSE,41
263,车电网汽车充电站(石城县城投集团-鞋服产业园),琴江镇石城县金石科技有限公司鸿豪集团,13387078908,116.3135972,26.31755225,3,2,5,24小时,TRUE,10
264,中国石化汽车充电站(石城城南充电站),琴江镇西华南路161号,95105888,116.330948,26.32412634,7,5,5,24小时,TRUE,36
265,车电网汽车充电站(石城县城投集团-县医院),琴江镇石城县人民医院,13387078908,116.3325504,26.31731708,3,2,5,24小时,FALSE,45
266,江投能链汽车充电站(石城莲乡大道充电站),钢琴小镇A区北(莲乡大道西),4008882596,116.324993,26.31901625,8,3,3,24小时,TRUE,34
267,车电网汽车充电站(石城县城投集团-行政服务中心),琴江镇石城县人民政府,13387078908,116.3425715,26.31814413,3,1,3,24小时,FALSE,27
268,车电网汽车充电站(石城县城投集团-李宁三晟),琴江镇三晟鞋服产业园,13387078908,116.3083514,26.32526363,5,4,5,24小时,FALSE,34
269,国家电网汽车充电站(江西省赣州市石城县琴江镇琴江供电服务站城市公共充电站),琴江镇江西省鞋类产品质量监督检验中心鸿豪集团,0797-5795024,116.3159078,26.31646937,4,4,3,24小时,FALSE,11
270,中国石化汽车充电站(石城东城充电站),琴江镇远红外频谱体验中心中国石化石城东城加油站,95105888,116.3474174,26.32445276,7,5,1,24小时,FALSE,41
271,车电网汽车充电站(石城县城投集团-雍和文园),琴江镇雍和文化园城市商业中心,13387078908,116.3410288,26.32450189,5,1,3,24小时,FALSE,22
272,车电网汽车充电站(石城县财政局站),琴江镇石城县财政局,13387078908,116.3442774,26.31738578,1,5,1,24小时,FALSE,23
273,车电网汽车充电站(石城县城投集团-金圣广场),琴江镇学前路赣江源金圣广场,13387078908,116.3352297,26.32461754,6,2,1,24小时,TRUE,44
274,国家电网汽车充电站(江西省赣州市兴国县永丰镇城市公共充电站)(暂停营业),永丰镇永丰乡供电所院内,13870718609,115.2062941,26.31150381,6,2,3,24小时,TRUE,45
275,星星充电汽车充电站(永丰乡),永丰镇人民政府内部地面停车场,4008280768,115.2034995,26.30856759,6,1,5,24小时,FALSE,33
276,车电网汽车充电站(书香学府),琴江镇书香学府,13387078908,116.3404403,26.31899634,6,2,1,24小时,TRUE,23
277,车电网汽车充电站(石城县城投集团-公仆林),琴江镇东城北大道36号石城客运站,13387078908,116.3445674,26.32464472,7,2,3,24小时,TRUE,13
278,车电网汽车充电站(石城县城投集团-东城大道),琴江镇东城南大道70号,13387078908,116.3415081,26.32256612,6,5,5,24小时,FALSE,15
279,车电网汽车充电站(石城县城投集团-天和府),门口停车场,13387078908,116.3248598,26.32455713,8,3,3,24小时,FALSE,12
280,星星充电汽车充电站(苏园干部好作风停车场充电站),潋江镇苏区干部好作风陈列馆,4008280768,115.3382004,26.30796402,6,1,3,24小时,TRUE,19
281,江投能链汽车充电站(兴国模范大道充电站),模范大道碧桂园对面红门新旧货市场,4008882596,115.3754538,26.31104628,6,4,5,24小时,FALSE,10
282,国家电网汽车充电站(江西省赣州市兴国供电公司红门工业园充电点),兴国供电公司红门工业园地面停车场,19807977086;95598,115.3694765,26.30921229,6,1,3,24小时,FALSE,39
283,驴充充汽车充电站(大华城果里),迎宾大道农贸批发市场,0797-966999,115.3671295,26.3081084,6,4,1,24小时,FALSE,48
284,城投充电站(兴国县将军园停车场充电站),将军园西门停车场,[],115.3380866,26.30807428,6,3,5,24小时,FALSE,45
285,苏区干部好作风纪念园电动车充电站,文明大道与苏区大道交叉口西北460米,[],115.3381844,26.30802508,6,1,3,24小时,TRUE,35
286,星星充电汽车充电站(现代口腔),将军大道与苏区大道交叉路口往西北约200米,4008280768,115.3425412,26.31387612,6,5,1,24小时,FALSE,44
287,星星充电汽车充电站(疾控中心),G319,4008280768,115.3422568,26.31371254,6,1,1,24小时,FALSE,49
288,驴充充汽车充电站(嘉福潋江府A区充电桩),潋江国家湿地公园畔嘉福潋江府-北门,966999,115.3533824,26.3092248,6,4,3,24小时,TRUE,13
289,星星充电汽车充电站(江背镇),江背镇新开岭服务区,4008280768,115.5232829,26.31515743,6,1,1,24小时,FALSE,36
290,星星充电汽车充电站(万象新城),明隆万象新城地面停车场,4008280768,115.3737294,26.3136061,6,1,1,24小时,TRUE,39
291,蔚来充电桩兴国模范大道充电站,模范大道7号,[],115.3754608,26.31137543,6,4,1,24小时,FALSE,28
292,驴充充汽车充电站(滨江华府15栋地下停车场),同福路滨江华府,0797-966999,115.3446825,26.30828365,6,5,5,24小时,FALSE,42
293,星星充电汽车充电站(星星充电-荣创兴国江背充电站),江背镇G319国道堑背村,13005413969,115.5137923,26.3132952,6,2,5,24小时,FALSE,46
294,车电网汽车充电站(翡翠小区站),琴江镇翡翠城,[],116.3453358,26.31392228,8,5,1,24小时,FALSE,22
295,中国铁塔汽车充电站(江西赣州石城县翡翠洲际酒店充电站),翡翠洲际酒店,10096,116.3449494,26.31560876,6,2,1,24小时,FALSE,33
296,车电网汽车充电站(石城县城投集团-翡翠洲际酒店),石城翡翠洲际酒店地面停车场,13387078908,116.3458158,26.31593242,6,1,1,24小时,FALSE,39
297,车电网汽车充电站(未来科技城),琴江镇未来科技城接待中心,13387078908,116.3323165,26.30782992,6,1,5,24小时,FALSE,22
298,车电网汽车充电站(石城县城投集团-湿地公园),琴江镇金丰大道,13387078908,116.3316279,26.30756008,2,4,1,24小时,TRUE,47
299,车电网汽车充电站(石城县城投集团-工业园区),琴江镇大润发发到家购物中心(烟汕线店)湖滨佳苑,13387078908,116.327945,26.30850253,1,1,1,24小时,FALSE,20
300,车电网汽车充电站(城南安置地),琴江镇会计学堂,13387078908,116.3269866,26.31203108,4,1,1,24小时,TRUE,42
301,星星充电汽车充电站(平川中学),红门大道509号,4008280768,115.3701823,26.30098946,6,2,1,24小时,FALSE,14
302,驴充充汽车充电站(兴国县卓越高级中学公路旁驴充充),吉祥路与通达路交叉口西280米,0797-966999,115.3651389,26.2980578,6,1,5,24小时,FALSE,14
303,驴充充汽车充电站(嘉能设备兴国洪门C区路口店),兴国县工业园迎宾大道兔喜生活(赣州兴国洪门C区路口店),13817075386,115.3645113,26.30453781,6,5,1,24小时,FALSE,16
304,驴充充汽车充电站(新市民公寓外),新市民公寓东南,400-9155-388,115.3657442,26.2969445,6,1,1,24小时,TRUE,5
305,小桔充电汽车充电站(沃尔泰汇金壹号充电站),兴国县经济开发区A区汇金壹号地面停车场,4000610999,115.3716199,26.29689792,6,2,3,24小时,FALSE,6
306,星星充电汽车充电站(第二医院),兴国县第二医院地面停车场,4008280768,115.3729623,26.29877352,6,3,1,24小时,TRUE,13
307,车电网汽车充电站(石城县城投集团-市民公园),琴江镇清华大道石城市民公园,13387078908,116.3399016,26.31503541,7,5,5,24小时,TRUE,9
308,汽车充电站(城投新能源市民公园站),清华大道148号,[],116.3398916,26.31508545,8,3,3,24小时,TRUE,33
309,车电网汽车充电站(石城县城投集团-温坊农贸市场),琴江镇快乐番薯(石城温坊农贸店),13387078908,116.3367175,26.31589763,4,5,5,24小时,TRUE,47
310,中国石化汽车充电站(兴国县埠头乡中国石化将军加油站),苏区大道88号,18779033139;95105888,115.3342264,26.29835659,6,3,5,24小时,FALSE,46
311,国家电网汽车充电站(江西省赣州市兴国县苏区大道88号停车场充电站),埠头乡苏区大道,[],115.3335668,26.29834581,6,1,1,24小时,FALSE,30
312,小桔充电汽车充电站(沃尔泰兴国江背镇水沟村充电站),水沟新凤餐馆,4000610999,115.4462578,26.30358989,6,1,3,24小时,FALSE,50
313,小桔充电汽车充电站(沃尔泰兴国江背镇果园村充电站),江背镇果源村村民委员会,4000610999,115.5010999,26.30245164,6,1,3,24小时,TRUE,25
314,国家电网汽车充电站(江西省赣州市宁都县振兴北路135号停车场充电站),振兴北路50号,19179791366,116.0164706,26.30459477,2,2,5,24小时,TRUE,13
315,车电网汽车充电站(石城县城投集团-职业技术学校对面),琴江镇西华南路石城县职业技术学校,13387078908,116.3293374,26.30619275,6,4,3,24小时,FALSE,34
316,车电网汽车充电站(石城县火车站),琴江镇石城东站(进站口),13387078908,116.3449136,26.30024929,7,1,5,24小时,TRUE,46
317,车电网汽车充电站(大畲游客中心站),琴江镇大畲游客服务中心,13387078908,116.3702105,26.29746451,4,4,5,24小时,FALSE,19
318,驴充充汽车充电站(石城新世纪汽贸),清华大道8号温坊工业园正北方向190米新世纪汽贸,18507910690,116.3360396,26.30433825,6,4,3,24小时,FALSE,31
319,理想汽车超级充电站(理想5C超充站南韶高速兴国南服务区韶关方向),兴国南服务区,4006860400,115.3983371,26.28960878,6,1,5,24小时,FALSE,32
320,特来电充电站(兴赣高速兴国南服务区赣州方向停车场充电站),兴赣高速兴国南服务区(赣州方向)停车场,4001300001,115.3977911,26.28961476,6,3,3,24小时,FALSE,14
321,云快充汽车充电站(荣创巨稳华坪充电站1),华坪镇,[],115.4057168,26.29533731,6,4,5,24小时,TRUE,10
322,国家电网汽车充电站(江西省赣州市兴国县红门大道688号停车场充电站),潋江镇红门大道,19179791366,115.3774352,26.29468548,6,1,1,24小时,FALSE,11
323,国家电网汽车充电站(江西省赣州市兴国县红门供电所城市公共充电站),潋江镇红门工业园红门供电所门口道路停车位,19807977086,115.3770086,26.29469983,6,3,5,24小时,TRUE,40
324,特来电汽车充电站(特来电超充站兴国),G319附近南方水泥,15970889158,115.3812467,26.28835745,6,5,1,24小时,FALSE,47
325,星星充电汽车充电站(埠头乡),埠头乡平江大桥地面停车场,4008280768,115.3312049,26.29632724,6,4,1,24小时,FALSE,47
326,国家电网汽车充电站(江西省赣州市兴国县樟木乡新城村充电站),樟木乡新城村禾仓排,18970116098,115.5783636,26.29234473,6,1,3,24小时,FALSE,43
327,宁都万鑫充电汽车充电站(万鑫超级充电站长胜站),长胜镇新鑫超市,[],116.0166532,26.28928256,2,3,3,24小时,TRUE,41
328,蔚景云汽车充电站(万鑫超级充电站长胜站),长胜镇博雅舞蹈学校,4006803880,116.0166532,26.28928055,2,2,5,24小时,TRUE,47
329,快来充汽车充电站(兴国天图物流港信租),埠头镇天图物流港,19136784931,115.3385319,26.27844845,6,2,3,24小时,TRUE,27
330,中国铁塔汽车充电站(江西赣州兴国县天图重卡充电站),苏区大道天图物流港,10096,115.3391158,26.27796814,6,3,5,24小时,TRUE,22
331,兴国服务区电动汽车充电站,G6011南韶高速与兴国南服务区交叉口东南260米地面停车场,[],115.3986617,26.28304243,6,2,5,24小时,FALSE,40
332,特来电汽车充电站(兴赣高速兴国南服务区兴国方向停车场充电站),兴赣高速兴国南服务区(兴国方向)停车场,4001300001,115.3986577,26.28302842,6,5,5,24小时,TRUE,43
333,理想汽车超级充电站(理想5C超充站南韶高速兴国南服务区南昌方向),兴国南服务区,4006860400,115.3980776,26.28329152,6,3,5,24小时,TRUE,16
334,66益星充电汽车充电站(桥头乡人民政府1号桩),桥头乡人民政府,4008889498,115.5927732,26.27817216,5,3,3,24小时,FALSE,27
335,66益星充电汽车充电站(桥头乡人民政府2号桩),桥头乡人民政府,4008889498,115.5928593,26.27818316,5,2,1,24小时,TRUE,41
336,车电网汽车充电站(石城县城投集团-通天寨景区停车场),南门停车场,13387078908,116.3646044,26.28038334,7,1,5,24小时,TRUE,45
337,国家电网汽车充电站(江西省赣州市于都县葛坳营业厅充电站),葛坳乡319国道,19179791366,115.7184591,26.26731407,5,1,1,24小时,TRUE,29
338,众建云汽车充电站(葛坳民兴饭店充电站),葛坳乡民兴饭店门口,4000826699,115.7303925,26.2755012,5,4,3,24小时,FALSE,15
339,驴充充汽车充电站(铭恩新村),铭恩新村-7栋,0797-966999,115.3348055,26.2667031,6,3,3,24小时,FALSE,41
340,云快充汽车充电站(国誉新能源充电站桥头乡),桥头乡于都北站停车场内,4008288517,115.5879068,26.26020602,5,1,5,24小时,TRUE,14
341,国家电网汽车充电站(江西省赣州市瑞金市丁陂乡丁陂供电服务站城市公共充电站),丁陂乡人民政府旁,0797-2323222,115.8531753,26.2554395,1,1,1,24小时,FALSE,33
342,中国铁塔汽车充电站(江西赣州石城县燕首重卡充电站),屏山镇万年青水泥旁,10096,116.3417427,26.25403568,7,4,5,24小时,FALSE,31
343,云快充汽车充电站(赣县白鹭乡政府充电站),白鹭乡政府,4008288517,115.1522716,26.24261389,7,2,3,24小时,TRUE,27
344,卫莱电汽车充电站(赣州荣创和平饭店充电站),和平民宿,19970971176,115.3827052,26.24150138,6,1,3,24小时,FALSE,48
345,云快充汽车充电站(黄石镇充电站),黄石镇卫生院中学边,4008288517,115.9420821,26.2383286,2,5,5,24小时,FALSE,38
346,星星充电汽车充电站(石城服务区北区),屏山镇中国石化石城服务区北加油站,4008280768,116.2930155,26.24172875,5,1,5,24小时,TRUE,30
347,石城服务区小桔电动汽车充电站,石城服务区与G72泉南高速交叉口西北440米,[],116.2934758,26.24158295,1,1,5,24小时,TRUE,24
348,石城服务区小桔电动汽车充电站,石城服务区西南侧,[],116.2899752,26.23980933,3,3,1,24小时,FALSE,25
349,星星充电汽车充电站(石城服务区南区),屏山镇石城服务区小桔电动汽车充电站石城服务区,4008280768,116.2900162,26.23970021,1,4,1,24小时,FALSE,16
350,国家电网汽车充电站(江西省赣州市宁都县固村镇政府停车场充电站),固村镇政府停车场,19179791366,116.1480545,26.24452568,2,4,1,24小时,TRUE,37
351,汽车充电站,356国道与206国道交叉口西南260米,[],116.336518,26.24531936,6,1,5,24小时,FALSE,7
352,汽车充电站(新能源石城南收费站站),356国道,[],116.3267971,26.24103127,1,4,3,24小时,TRUE,25
353,星星充电汽车充电站(石城南收费站),石城南收费站(G72泉南高速出口),4008280768,116.3265526,26.24044341,7,5,5,24小时,FALSE,50
354,星星充电汽车充电站(星星充电-马安乡上宝村充电站),马安乡桥下村,15070758151,115.5848431,26.23117399,5,4,5,24小时,FALSE,12
355,国家电网汽车充电站(江西省赣州市宁都县黄石镇黄石供电所公共充电站1),黄石镇428县道,19179791366,115.9389375,26.23542389,2,1,3,24小时,FALSE,15
356,国家电网汽车充电站(江西省赣州市宁都县448省道停车场充电站),固村镇448省道,19179791366,116.1247779,26.23286002,2,4,5,24小时,FALSE,10
357,汽车充电站(黄石镇停车场小桔站),428县道,[],115.9377542,26.23685383,2,1,3,24小时,TRUE,32
358,小桔充电汽车充电站(黄石镇停车场充电站),黄石镇赣州石化加油站,4000610999,115.9377492,26.23691488,2,4,5,24小时,TRUE,30
359,国家电网汽车充电站(江西省赣州市于都县银坑营业厅充电站),银坑镇国家电网,19179791366,115.6287017,26.22605686,5,3,3,24小时,TRUE,26
360,国家电网汽车充电站(江西省赣州市于都县银坑镇银坑供电所充电站),银坑镇银坑供电所,19179791366,115.6287087,26.22608086,5,1,1,24小时,TRUE,38
361,国家电网汽车充电站(江西省赣州市于都县桥头乡桥头供电所公共充电站),桥头乡桥头供电所公共充电站,0797-6256058,115.6285878,26.22618808,5,2,5,24小时,FALSE,27
362,驴充充汽车充电站(于都县银坑商会大厦汽车桩),中国邮政西80米,0797-966999,115.6186338,26.21803621,5,2,5,24小时,TRUE,11
363,小桔充电汽车充电站(宁都县对坊乡老礼堂充电站),对坊乡振兴社区,4000610999,115.9819082,26.22328562,2,3,1,24小时,TRUE,16
364,云快充超级充电站(宁都对坊充电站),对坊加油站,4008288517,115.9804362,26.22589348,2,2,5,24小时,TRUE,16
365,车电网汽车充电站(石城县城投集团-屏山公路),屏山镇屏山中心小学,13387078908,116.286882,26.21966336,8,4,5,24小时,FALSE,48
366,国家电网汽车充电站(江西省赣州市石城县屏山镇屏山供电服务站城市公共充电站),屏山镇356国道,0797-5760298,116.2810661,26.2242388,6,3,5,24小时,TRUE,33
367,云快充汽车充电站(国誉新能源充电站马安乡),马安乡人民政府门口左侧空地,4008288517,115.549312,26.21036432,5,4,1,24小时,FALSE,45
368,国家电网汽车充电站(江西省赣州市于都县马安乡马安供电服务站公共充电站),马安乡马安供电服务站公共充电站,0797-6225126,115.549302,26.21006212,5,3,3,24小时,TRUE,27
369,驴充充汽车充电站(杰村圩东街1号富杰大道旁),欧普照明(杏村店),0797-966999,115.4256241,26.21563436,6,1,5,24小时,FALSE,34
370,星星充电汽车充电站(杰村乡),杰村乡顶呱呱幼儿园旁,4008280768,115.427488,26.21492439,6,1,3,24小时,TRUE,28
371,云快充汽车充电站(国誉新能源充电站银坑镇),银坑镇,4008288517,115.6187091,26.21287512,5,1,3,24小时,TRUE,44
372,国家电网汽车充电站(江西省赣州市兴国县杰村乡供电所城市公共充电站),杰村乡人民政府,0797-5885613,115.4294501,26.21560352,6,5,5,24小时,FALSE,34
373,驴充充汽车充电站(中国邮政马安邮政代办所),马安圩中国邮政(马安邮政代办所),0797-966999,115.5534108,26.2133985,5,5,5,24小时,TRUE,33
374,驴充充汽车充电站(于都永兴大酒店),银坑圩319国道与218省道交汇处往西北方向约50米于都永兴大酒店,966999,115.6111848,26.21069357,5,2,5,24小时,FALSE,43
375,驴充充汽车充电站(银坑镇东部停车场),G319(厦成线)银鑫大酒店西50米,0797-966999,115.6178649,26.21267186,5,5,3,24小时,TRUE,8
376,66益星充电汽车充电站(1号桩),新街东,4008889498,115.6185591,26.21580298,5,1,3,24小时,FALSE,50
377,66益星充电汽车充电站(2号桩),新街东,4008889498,115.6192285,26.21585932,5,5,1,24小时,TRUE,7
378,国家电网汽车充电站(江西省赣州市宁都县对坊乡对坊供电服务站公共充电站),黄石镇428县道,19179791366,115.9792125,26.21453951,2,4,1,24小时,FALSE,38
379,汽车充电站(珠坑乡人民政府充电桩),金珠大道836乡,[],116.3622723,26.21487016,3,3,5,24小时,FALSE,23
380,新能源汽车充电站,028乡道,15372404006,115.0901299,26.19972414,7,4,3,24小时,FALSE,48
381,新能源汽车充电站,028乡道,15372404006,115.0876245,26.2036029,7,1,5,24小时,FALSE,9
382,汽车充电站(天霆便民充电桩场站),028乡道,15372404006,115.055977,26.20704094,7,1,3,24小时,FALSE,23
383,驴充充汽车充电站(于都县第二人民医院汽车桩),S219(于宁公路)于都县第二人民医院(新院区)北80米,0797-966999,115.6103858,26.203655,5,5,3,24小时,TRUE,26
384,充电桩,大公路104号,[],115.6149998,26.20317397,5,5,1,24小时,TRUE,27
385,驴充充汽车充电站(银坑水泥制品厂),218省道西50米银坑水泥制品厂,966999,115.6107883,26.20647638,5,4,3,24小时,TRUE,43
386,云快充汽车充电站(龙口镇公牛快充站),龙口镇惠民建材,[],115.3021761,26.19296615,6,1,5,24小时,FALSE,40
387,汽车充电站龙口镇供电所国家电网,238国道,[],115.3017841,26.18964483,6,3,3,24小时,TRUE,47
388,车电网汽车充电站(石城县城投集团-珠坑),金珠大道21号,13387078908,116.3487746,26.19359085,2,4,5,24小时,FALSE,6
389,国家电网汽车充电站(江西省赣州市南康区隆木乡福田村江上充电站),隆木乡福田村江上,0797-6699343,114.5343546,26.17941289,4,3,3,24小时,TRUE,18
390,百胜泊充汽车充电站(隆木村濂溪公园),隆木村濂溪公园,18979742168,114.5587893,26.17944916,4,4,3,24小时,TRUE,19
391,星星充电汽车充电站(社富乡文化站),社富乡公共厕所旁地面停车场(社富车站往这边方向左转可见),4008280768,115.3644275,26.16922191,6,2,1,24小时,TRUE,23
392,国家电网汽车充电站(江西省赣州市瑞金市瑞林镇瑞林供电所充电站),瑞林镇433县道,0797-2323222,115.8506707,26.17316658,1,3,1,24小时,TRUE,43
393,国家电网汽车充电站(济广高速宁都东服务区充电站济南方向),济广高速宁都东服务区充电站济南方向,0797-6986023;95598,116.1210941,26.17528971,2,2,3,24小时,TRUE,16
394,星星充电汽车充电站(宁都东服务区东区),固村镇宁都东服务区警务室宁都东服务区,4008280768,116.1199342,26.17568071,2,5,5,24小时,TRUE,33
395,国家电网汽车充电站(济广高速宁都东服务区充电站广州方向),济广高速宁都东服务区(广州方向)地面停车场,0797-6986023;95598,116.1186321,26.17747447,2,4,1,24小时,FALSE,48
396,星星充电汽车充电站(宁都东服务区西区),固村镇G35济广高速宁都东服务区,4008280768,116.1195936,26.17694813,2,2,5,24小时,FALSE,44
397,众安充电汽车充电站(古田充电桩),湖江镇古田街,18970109953,114.9594491,26.16521324,7,4,3,24小时,TRUE,39
398,驴充充汽车充电站(富龙购物广场停车场),田村镇天南路中国移动,15607075676,115.1456854,26.164517,7,3,1,24小时,FALSE,17
399,云快充汽车充电站(赣县田村镇政府充电站),田村镇政府,4008288517,115.144754,26.16158058,7,5,3,24小时,FALSE,34
400,国家电网汽车充电站(江西省赣州市赣县区田村镇田村供电所充电站),田村镇田村供电所,13979759026,115.1532896,26.15910305,7,4,3,24小时,FALSE,15
401,国家电网汽车充电站(江西省赣州市兴国县社富乡社富供电所城市公共充电站),社富乡贡姜街,18879732930,115.3652817,26.16477709,6,5,1,24小时,TRUE,21
402,国家电网汽车充电站(江西省赣州市石城县横江供电所充电站),横江镇206国道横江供电所内,0797-5750300,116.3349394,26.15721202,8,3,1,24小时,TRUE,50
403,兴赣汽车充电站,南塘镇石院村水坝238国道边,4008288517,115.2828634,26.14005325,7,1,5,24小时,FALSE,10
404,车电网汽车充电站(石城县城投集团-横江镇政府),横江镇横市村石城县横江镇人民政府,13387078908,116.3469214,26.14376013,5,4,1,24小时,TRUE,32
405,车电网汽车充电站(石城县城投集团-大由乡政府),大由乡人民政府,13387078908,116.1836466,26.14485563,4,4,1,24小时,FALSE,6
406,国家电网汽车充电站(江西省赣州市石城县大由乡大由供电服务站城市公共充电站),大由乡螃蟹岭,0797-5760298,116.1784644,26.14758999,1,4,3,24小时,FALSE,20
407,蔚嘉汽车充电站(仙下潭石充电站),仙下乡潭石村村民委员会西南(S219南),13707022092,115.5824427,26.12973212,5,1,3,24小时,FALSE,19
408,车电网汽车充电站(石城县城投集团-赣江源镇派出所),赣江源镇494县道,13387078908,116.3092336,26.1352187,6,1,1,24小时,FALSE,14
409,国家电网汽车充电站(江西省赣州市南康区坪市供电所充电站),坪市乡隆十段,0797-6699343,114.56542,26.12077711,4,1,1,24小时,FALSE,35
410,国家电网汽车充电站(江西省赣州市南康区大坪供电所充电站),大坪供电所门口,15879754771,114.6722467,26.12307404,4,2,5,24小时,FALSE,33
411,国家电网汽车充电站(大广高速横市服务区充电站广州方向),大广高速横市服务区(广州方向),0797-6696668;0797-8201264,114.6650971,26.12465273,4,1,5,24小时,TRUE,6
412,国家电网汽车充电站(大广高速横市服务区充电站大庆方向),大广高速横市服务区(大庆方向),0797-6696668;0797-8201264,114.6655063,26.124728,4,2,3,24小时,TRUE,40
413,蔚来换电站(G45大广高速横市服务区大庆方向),G45大广高速横市服务区大庆方向,[],114.6660243,26.12406758,4,5,5,24小时,FALSE,12
414,蔚来能源汽车充电站(大庆方向G45大广高速横市服务区),莲花路与991乡道交叉口南180米,[],114.6660293,26.12404155,4,2,3,24小时,FALSE,12
415,蔚来换电站(G45大广高速横市服务区广州方向),991乡道与莲花路交叉口西180米,[],114.6647109,26.12541596,4,2,1,24小时,FALSE,45
416,中国铁塔汽车充电站,大坪乡人民政府,10096,114.6668336,26.12463039,4,4,5,24小时,TRUE,12
417,星星充电汽车充电站(横市服务区东区),大坪乡991乡道横市服务区(大广高速大庆方向),4008280768,114.6662747,26.1257692,4,5,3,24小时,TRUE,45
418,百胜泊充汽车充电站(坪市乡卫生院站),坪市卫生院停车场,18979742168,114.5530061,26.12790624,4,5,5,24小时,TRUE,50
419,国家电网汽车充电站(大广高速横市服务区充电站广州方向),大广高速横市服务区(广州方向),[],114.6640994,26.12169572,4,3,1,24小时,FALSE,5
420,理想汽车超级充电站(理想5C超充站大广高速横市服务区广州方向),横市服务区,4006860400,114.6642591,26.12100596,4,3,5,24小时,TRUE,41
421,星星充电汽车充电站(横市服务区西区),大坪乡肯德基(横市服务区西区店)横市服务区,4008280768,114.6643479,26.1205545,4,2,3,24小时,TRUE,38
422,理想汽车超级充电站(理想5C超充站大广高速横市服务区大庆方向),横市服务区,4006860400,114.6656758,26.12650682,4,1,3,24小时,TRUE,29
423,国家电网汽车充电站(大广高速横市服务区充电站大庆方向),大增段991乡,[],114.6669931,26.12661437,4,1,3,24小时,FALSE,28
424,云快充汽车充电站(国誉新能源充电站仙下乡),仙下乡S219与X423交汇处三岔路口停车场,4008288517,115.5597805,26.11299218,5,1,3,24小时,FALSE,9
425,星星充电汽车充电站(星星充电-仙下乡仙霞酒店充电站),仙下乡仙霞酒店,15070758151,115.562385,26.11434974,5,2,3,24小时,TRUE,42
426,国家电网汽车充电站(江西省赣州市于都县仙下乡仙下供电所公共充电站),仙下乡仙下供电所公共充电站,0797-6372040,115.5709343,26.10980379,5,3,5,24小时,TRUE,7
427,国家电网汽车充电站(江西省赣州市石城县龙岗乡龙岗乡农贸市场城市公共充电站),龙岗乡龙鸡段,0797-5788009,116.2549873,26.10945263,6,2,3,24小时,FALSE,49
428,云快充汽车充电站(赣县沙地镇政府充电站),沙地镇政府,4008288517,114.8258382,26.10537951,7,2,3,24小时,TRUE,9
429,驴充充汽车充电站(创凡汽车维修服务有限公司),区S221(京澳线)赣县人民法院沙地人民法庭,13707970050,114.8158481,26.10598813,7,4,5,24小时,TRUE,23
430,国家电网汽车充电站(江西省赣州市赣县区三溪乡供电服务站公共充电站),三溪乡福龙家园小区,13970710273,115.2924746,26.1090393,7,1,1,24小时,TRUE,7
431,云快充汽车充电站(赣县三溪乡政府充电站),三溪乡政府,4008288517,115.3033805,26.10030235,7,3,3,24小时,FALSE,39
432,星星充电汽车充电站(星星充电-仙下乡阳光酒店充电站),仙下乡阳光酒店,13970121717,115.5578474,26.10641996,5,3,3,24小时,TRUE,46
433,国家电网汽车充电站(江西省赣州市瑞金市大柏地乡大柏地村法治广场城市公共充电站),大柏地乡瑞金市大柏石化加油站西北100米,0797-2555222,116.0420157,26.10580918,5,3,1,24小时,TRUE,46
434,城投新能源汽车充电站(龙岗服务区店),瑞龙路西北侧龙岗服务区,[],116.2572113,26.10341574,5,1,3,24小时,FALSE,32
435,广州车电象前充新能源有限公司充电站(龙岗),龙岗乡龙岗文化中心,13387078908,116.2623751,26.10652692,8,4,3,24小时,FALSE,16
436,能效邻里共享汽车充电站(名忠副食),旁名忠副食,13879795711,114.5843525,26.09927433,4,4,3,24小时,FALSE,38
437,云快充汽车充电站(赣县南塘镇政府充电站),南塘镇政府,4008288517,115.2571201,26.09122489,7,1,3,24小时,FALSE,10
438,云快充汽车充电站(赣县湖江镇政府充电站),湖江镇政府,4008288517,114.9722787,26.09625139,7,5,3,24小时,TRUE,39
439,国家电网汽车充电站(江西省赣州市上犹县紫阳乡人民政府城市公共充电站),紫阳乡高基坪村人民政府大院内,18079769053,114.4961068,26.08312025,6,1,3,24小时,TRUE,25
440,车电网汽车充电站(紫阳乡机关公变附近停车位),紫阳乡上犹县紫阳乡人民政府,18679764362,114.4959211,26.08280448,5,3,5,24小时,FALSE,43
441,汽车充电站(国家电网充电桩),811县道,[],114.4954233,26.08258684,7,2,5,24小时,FALSE,27
442,云快充汽车充电站(军辰南塘民鑫驾校充电站),南塘镇G238(民鑫大酒店),[],115.2568254,26.08919268,7,1,3,24小时,FALSE,44
443,国家电网汽车充电站(江西省赣州市瑞金市冈面乡冈面供电服务站城市公共充电站),冈面乡冈面供电服务站,0797-2591222,115.8671594,26.08556918,5,1,3,24小时,TRUE,47
444,瑞金市冈面乡汽车充电站,黄石段与451省道交叉口南360米,[],115.8677476,26.0832363,7,3,5,24小时,TRUE,6
445,驴充充汽车充电站(美哲环保材料有限公司),S219(于宁公路)美哲环保材料有限公司,966999,115.4848503,26.07611975,5,5,1,24小时,FALSE,7
446,卫莱电汽车充电站(荣创几滩充电站),238国道与452省道交叉口西南140米,13576752183,115.2204567,26.06632516,7,1,1,24小时,TRUE,46
447,星星充电汽车充电站(星星充电-荣创南塘香村膳府柴香饭充电站),南塘镇乡村膳府柴火饭,13005413969,115.2176785,26.06129719,7,3,3,24小时,FALSE,41
448,于都北服务区电动汽车充电站,车溪乡于都北服务区电动汽车充电站于都北服务区,4008280768,115.5371127,26.0642766,5,5,1,24小时,TRUE,48
449,于都北服务区电动汽车充电站,于都北服务区西南侧,4008280768,115.5366417,26.06152065,5,3,3,24小时,FALSE,33
450,国家电网汽车充电站(江西省赣州市于都县岭背镇岭背供电所公共充电站),岭背镇岭背供电所公共充电站,0797-6346388,115.4658496,26.05997307,5,5,1,24小时,TRUE,38
451,星星充电汽车充电站(横市收费站),横市收费站(G45大广高速出口),4008280768,114.6822776,26.05381426,4,4,3,24小时,FALSE,46
452,国家电网汽车充电站(江西省赣州市南康区横市高速出口停车场充电站),横市镇世纪明珠酒店世纪明珠,19179791366,114.6791258,26.05418431,4,2,3,24小时,TRUE,6
453,江投能链汽车充电站(赣州横市加油站),横市镇江投能链横市加油站,4008882596,114.6795679,26.05494901,4,2,5,24小时,FALSE,38
454,国家电网汽车充电站(江西省赣州市赣县区湖江镇供电服务站公共充电站),湖江镇街坪村马路组,13979758894,114.9644864,26.05781207,7,5,3,24小时,TRUE,21
455,驴充充汽车充电站(驴充充新能源快充充电站),区G238赣州鑫沙建材有限公司西南124米,0797-966999,115.2168038,26.05959017,7,4,3,24小时,TRUE,44
456,云快充汽车充电站(国誉新能源充电站车溪乡),车溪乡石子嵊安置点内停车场,4008288517,115.5837992,26.05142381,5,4,3,24小时,TRUE,12
457,云快充汽车充电站(国誉新能源充电站岭背镇),岭背镇中心幼儿园斜对面停车场,4008288517,115.471959,26.05665948,5,1,1,24小时,FALSE,16
458,国家电网汽车充电站(江西省赣州市石城县赣江源镇赣江源供电服务站城市公共充电站),赣江源镇494县道,0797-5788009,116.3219353,26.0515575,8,1,5,24小时,FALSE,47
459,蔚景云汽车充电站(小飞象赣州市吉盛新能源鹅婆园充电站),横市镇鹅婆园,4006803880,114.6721983,26.0461259,4,1,3,24小时,FALSE,24
460,国家电网汽车充电站(江西省赣州市南康区横市供电所充电站),横市镇隆十段中国石化横市加油站,0797-6533838,114.6712526,26.03974336,4,2,1,24小时,FALSE,37
461,国家电网汽车充电站(江西省赣州市赣县区石芫乡供电服务站公共充电站),石芫乡圩镇停车场,13507971740,115.1052079,26.03388573,7,1,1,24小时,TRUE,13
462,云快充汽车充电站(赣州赣县石芫乡易地搬迁中心充电站),石芫乡综合便民服务中心,4008288517,115.1060781,26.03612772,7,4,1,24小时,TRUE,28
463,云快充目的地充电站(观山悦民宿),上堡梯田水南岭顶组6号,4008288517,115.1880349,26.03163896,7,5,5,24小时,FALSE,34
464,停车场汽车充电站,东深线与220国道交叉口东北40米,[],114.376402,26.02265402,3,5,5,24小时,TRUE,9
465,超翔汽车充电站(上犹县双溪乡),上犹县双溪乡人民政府对面,18679764362,114.3763,26.02256205,7,4,3,24小时,FALSE,31
466,理想汽车超级充电站(理想5C超充站南韶高速赣县服务区韶关方向),赣县服务区,4006860400,115.1774659,26.02543687,7,1,5,24小时,TRUE,25
467,特来电充电站(南韶高速赣县服务区赣州方向停车场充电站),兴赣高速服务区(赣州方向)停车场,4001300001,115.1773897,26.02538669,7,1,5,24小时,FALSE,34
468,理想汽车超级充电站(理想5C超充站南韶高速赣县服务区南昌方向),赣县服务区,4006860400,115.1760222,26.02366899,7,5,5,24小时,FALSE,13
469,特来电充电站(南韶高速赣县服务区兴国方向停车场充电站),兴赣高速服务区(兴国方向)地面停车场,4001300001,115.1760052,26.02353387,7,5,5,24小时,TRUE,13
470,汽车充电站(梅江民宿充电桩),553乡道,13237671816,115.5791235,26.02324425,5,5,3,24小时,TRUE,12
471,国家电网汽车充电站(江西省赣州市于都县段屋乡段屋供电所公共充电站),段屋乡段屋供电所公共充电站,0797-6227365,115.5801904,26.02417652,5,2,5,24小时,FALSE,15
472,66益星充电汽车充电站(/),段屋卫生院,4008889498,115.583707,26.02497079,5,3,1,24小时,TRUE,27
473,段屋充电桩(暂停营业),439县道,[],115.5825691,26.02654536,5,3,5,24小时,TRUE,21
474,瑞金市龙山水库壹链八方充电桩(福缘心宅),872乡道,[],116.0926185,26.02425878,5,2,1,24小时,FALSE,44
475,车电网汽车充电站(赣江源漂流),停车场,13387078908,116.3270972,26.02520073,2,5,5,24小时,TRUE,42
476,驴充充汽车充电站(社溪镇严湖村村民委员会),X811社溪镇严湖村村民委员会,18079769053,114.5544127,26.01859148,3,2,5,24小时,FALSE,41
477,国家电网汽车充电站(江西省赣州市赣县区吉埠镇供电服务站公共充电站),吉埠镇吉埠便民中心,13507971740,115.1560249,26.02021819,7,1,1,24小时,TRUE,7
478,云快充汽车充电站(国誉新能源充电站段屋乡),段屋乡杜田富硒水稻基地入口停车场,4008288517,115.5803049,26.01793532,5,5,5,24小时,FALSE,46
479,特来电汽车充电站(瑞金市壬田镇充电站),高山古寺东北127米,15387856479,116.1316467,26.01097285,7,5,1,24小时,TRUE,36
480,特来电汽车充电站(赣州强毅物流有限公司充电站),五云镇赣江村坳下组,15007048236,114.8898922,26.00400433,7,5,5,24小时,FALSE,46
481,云快充汽车充电站(赣县五云镇政府充电站),五云镇,4008288517,114.8949429,26.0009983,7,4,3,24小时,TRUE,48
482,云快充汽车充电站(赣州赣县北站停车场充电站),赣县北站,4008288517,115.1501549,26.00763194,7,3,3,24小时,FALSE,9
483,云快充汽车充电站(赣县吉埠镇政府充电站),吉埠镇政府,4008288517,115.161957,26.01018736,7,1,5,24小时,TRUE,33
484,瑞金市罗汉岩风景区停车场充电站(暂停营业),罗汉岩风景名胜区正门停车场,[],116.1522045,26.00518535,8,4,3,24小时,TRUE,26
485,超翔汽车充电站(上犹县寺下镇),寺下镇381县道,18679764362,114.4408334,25.99453098,3,3,5,24小时,FALSE,27
486,车电网汽车充电站(寺下镇圩镇2号公变旁停车位),九龙路与祥和路交叉口北40米,18679764362,114.4353744,25.9948795,3,3,3,24小时,TRUE,25
487,国家电网汽车充电站(江西省赣州市上犹县寺下镇人民政府城市公共充电站),寺下镇寺下村人民政府院内,18870105745,114.436898,25.99418162,8,1,1,24小时,FALSE,33
488,国家电网汽车充电站(江西省赣州市赣县区五云镇供电服务站公共充电站),五云镇停车场,15270710371,114.8932033,25.99478181,7,2,1,24小时,TRUE,8
489,中国石化五云镇充电站,105国道中国石化加油站里面,[],114.8920313,25.99255205,7,4,3,24小时,FALSE,20
490,国家电网汽车充电站(江西省赣州市于都县沙心乡沙心供电服务站公共充电站),沙心乡沙心供电服务站公共充电站,0797-6397066,115.7720042,25.99584819,5,3,1,24小时,FALSE,17
491,云快充汽车充电站(国誉新能源充电站沙心乡),沙心乡圩镇停车场内,4008288517,115.7695289,25.99284685,5,4,1,24小时,FALSE,36
492,驴充充汽车充电站(宽田乡农贸市场),宽田中学北侧约290米兴华家电(宽田店),0797-966999,115.6628895,25.99844986,5,4,3,24小时,TRUE,10
493,车电网汽车充电站(安和乡政府小广场停车位),安和乡人民政府,18679764362,114.5107113,25.98362486,8,2,3,24小时,TRUE,42
494,云快充汽车充电站(荣创佳和超市充电站),江口镇山田村将军大道佳和超市,4008288517,115.1372549,25.98170959,7,1,3,24小时,TRUE,23
495,国家电网汽车充电站(江西省赣州市于都县宽田乡宽田供电所公共充电站),宽田乡宽田供电所公共充电站,0797-6356206,115.6617773,25.98814692,5,5,3,24小时,FALSE,23
496,国家电网汽车充电站(江西省赣州瑞金市日东供电所充电站),日东乡502县道,0797-2564222,116.2632271,25.98887496,1,1,5,24小时,FALSE,13
497,国家电网汽车充电站(江西省赣州市瑞金市壬田镇壬田供电所充电站),壬田镇206国道,0797-2332222,116.1130083,25.98553651,6,4,3,24小时,FALSE,7
498,百胜泊充汽车充电站(麻双乡农贸市场站),麻双乡农贸市场停车场,18979742168,114.6933825,25.9755324,4,1,3,24小时,TRUE,28
499,星星充电汽车充电站(赣州市于都县锦绣凤凰城社区公共充电桩),贡江镇胜利学校旁锦绣凤凰城北门,17379797399,115.3883522,25.97283332,5,3,5,24小时,TRUE,29
500,中国铁塔汽车充电站(江西赣州于都县生态环境局充电站),濂溪路469号,10096,115.4011711,25.97364459,5,4,5,24小时,FALSE,44
501,驴充充汽车充电站(于都县火车站派出所旁往东溪村委会直行200米停车场),于都站西211米,966999,115.4094285,25.97826677,5,5,5,24小时,TRUE,13
502,驴充充汽车充电站(汉庭酒店新能源汽车充电站赣州于都火车站店),S219(于山大道)于都站东143米,966999,115.4126229,25.97795455,5,4,1,24小时,FALSE,26
503,小飞象众心酒店共享汽车充电站,站前南路b1-26号,19910510239,115.414677,25.97335392,5,3,5,24小时,TRUE,17
504,小桔充电汽车充电站(于都县西出入口充电站),贡江镇车电网汽车充电站(于都县西出口入口),4000610999,115.3844802,25.97112591,5,5,5,24小时,FALSE,37
505,66益星充电汽车充电站(旭华东城),古田中路500-6号东北方向190米,4008889498,115.4266635,25.97498665,5,1,1,24小时,TRUE,13
506,以充充电桩(30Kw),站前南路191-3号,[],115.4150103,25.9738195,5,3,5,24小时,FALSE,38
507,国家电网汽车充电站(江西省赣州市上犹县五指峰乡人民政府城市公共充电站),五指峰乡鹅形村鹅形圩五指峰乡人民政府院内充电桩,15807973888,114.075398,25.96270277,3,5,3,24小时,TRUE,25
508,汽车充电站(上犹基地站),S81遂大高速出口与S81遂大高速交叉口南200米,[],114.3770649,25.96432447,6,2,5,24小时,FALSE,44
509,驴充充汽车充电站(上犹县金岩宾馆),S547金岩宾馆,0797-966999,114.3325032,25.96392334,5,5,5,24小时,FALSE,37
510,车电网汽车充电站(水岩乡人民政府停车位),水岩乡人民政府上犹县太乙中心幼儿园,18679764362,114.3308553,25.96907397,8,5,5,24小时,FALSE,35
511,国家电网汽车充电站(江西省赣州市上犹县水岩乡水岩供电营业站城市公共充电站),水岩乡太乙村水岩供电营业站,15807973888,114.3297274,25.96412171,6,3,1,24小时,TRUE,31
512,国家电网汽车充电站(江西省赣州市赣县区江口镇江口供电所充电站),江口镇,13507971740,115.1307827,25.96329745,7,3,5,24小时,TRUE,43
513,66益星充电汽车充电站(雩山中小学1号桩),金龙路与吉田中路交叉口,4008889498,115.4219275,25.96700645,5,3,3,24小时,TRUE,8
514,云快充目的地充电站(于都县渡江大道锦绣嘉园22栋4单元25号车库共享充电站),渡江大道锦绣嘉园锦绣嘉园27栋,18301200183;4008288517,115.3888225,25.96672096,5,4,5,24小时,TRUE,38
515,小区智能充电桩,步前小学东侧110米,[],115.335176,25.96508402,5,5,5,24小时,FALSE,14
516,能效邻里共享汽车充电站(能效充电站罗坳),坳子上西南约197米,18676233858,115.3382306,25.96692766,5,2,5,24小时,TRUE,41
517,云快充汽车充电站(鸿达充电站),罗坳镇孟口村,4008288517,115.3577086,25.96736368,5,1,5,24小时,TRUE,6
518,星星充电汽车充电站(星星充电-德福酒楼充电站),罗坳镇孟口村德福酒楼,15070758151,115.3598014,25.96584468,5,3,3,24小时,FALSE,14
519,66益星充电汽车充电站(/),杨公路与胜山路交叉口东北60米,4008889498,115.4113167,25.96628368,5,2,3,24小时,FALSE,37
520,闪开汽车充电站(罗坪安置地1号桩),长龙路6号,4006679990,115.4120174,25.96427577,5,4,5,24小时,TRUE,50
521,能效邻里共享汽车充电站(于都广友汽车),广友汽车,13532995595,115.3857737,25.96831333,5,5,1,24小时,TRUE,40
522,蔚来能源汽车充电站(赣州于都于阳路),长征东路2号,[],115.4189337,25.96928989,5,4,3,24小时,FALSE,25
523,江投能链汽车充电站(于都县于阳路充电站),于阳路尚林苑西北(于阳路东),4008882596,115.4190838,25.96999652,5,4,1,24小时,FALSE,39
524,蔚来超充站赣州于都于阳路,于阳路23号,[],115.4189167,25.9690417,5,3,3,24小时,FALSE,17
525,66益星充电汽车充电站(/),爱莲路与红军大道交叉口北60米,4008889498,115.3970414,25.96304597,5,3,1,24小时,FALSE,19
526,国家电网汽车充电站(江西省赣州市于都县于中一路银海大厦充电站),于中一路24号,19179791366;95598,115.4070902,25.96274598,5,3,3,24小时,TRUE,49
527,小桔充电汽车充电站(雩润公司充电站),贡江镇濂溪路55号,4000610999,115.4095758,25.96185261,5,4,5,24小时,FALSE,35
528,66益星充电汽车充电站(-),贡江镇,4008889498,115.3942213,25.9650215,5,5,3,24小时,FALSE,23
529,66益星充电汽车充电站(雩山中小学2号桩),金龙路与吉田中路交叉口,4008889498,115.421617,25.96746642,5,5,1,24小时,FALSE,30
530,中国铁塔汽车充电站(江西赣州于都县马子口充电站),于阳路与长征大道交叉口东北120米,10096,115.4178827,25.96642392,5,2,3,24小时,FALSE,7
531,小桔充电汽车充电站(于都县长征第一渡充电站),贡江镇于都中央红军长征集结出发历史博物馆,4000610999,115.4268247,25.96270445,5,1,3,24小时,FALSE,33
532,车电网汽车充电站(五指峰乡公租房停车位),五指峰乡380县道,18379625565,114.0830737,25.95976309,5,4,5,24小时,TRUE,17
533,蓝媒优充汽车充电站(江西赣州市江口乡镇六十里店村充电站),江西省赣州市赣县区赣县区江口镇六十里店村九组(昌管挖机维修),[],115.1187781,25.95531344,7,3,5,24小时,FALSE,13
534,云快充汽车充电站(赣县江口镇政府充电站),江口镇政府,4008288517,115.1275932,25.95420094,7,5,1,24小时,TRUE,20
535,驴充充汽车充电站(枫叶花园酒店),贡江南区渡江中路渡江大桥南桥头于都枫叶花园酒店,966999,115.4235277,25.95181088,5,5,1,24小时,TRUE,45
536,乐来电汽车充电站(于都河坑村委会门口),河坑村委会门口,4008973688,115.4766347,25.95355325,5,1,1,24小时,TRUE,31
537,驴充充汽车充电站(娘家民宿),G323(瑞临线)木梓岭大厦附近23米,966999,115.4752702,25.95398265,5,4,3,24小时,TRUE,48
538,驴充充汽车充电站(潭头农贸市场),G323(瑞临线)潭头农贸市场,13870703193,115.5023835,25.95497462,5,1,1,24小时,TRUE,31
539,驴充充汽车充电站(下潭村委员会),梓山镇潭头村潭头圩323国道旁河东餐馆,13870703193,115.5030117,25.95406187,5,4,5,24小时,FALSE,46
540,特来电汽车充电站(特来电汽车充电站-江口),江口镇六十里店,15970889158,115.1133287,25.95158485,7,3,1,24小时,FALSE,23
541,小桔充电汽车充电站(于都县政府大院充电站),于都县人民政府,4000610999,115.4099415,25.95548947,5,1,5,24小时,TRUE,46
542,星星充电汽车充电站(赢通新能源体验中心充电站),于都大道与工业大道交叉路口往西南约150米,4008280768,115.3877338,25.95504639,5,2,5,24小时,TRUE,16
543,驴充充汽车充电站(于都客运总站),红军大道9-15号于都客运总站,0797-966999,115.4008324,25.95623261,5,2,3,24小时,TRUE,30
544,云快充汽车充电站(国誉新能源充电站梓山镇),梓山镇初心广场内停车场,4008288517,115.4937898,25.95460663,5,2,3,24小时,FALSE,7
545,极兔充电站,梓山镇下潭村委会,[],115.5075462,25.95354293,5,3,1,24小时,TRUE,26
546,小桔充电汽车充电站(于都县欢乐雩阳充电站),贡江镇虔图创意美术地下停车场内,4000610999,115.40798,25.95879169,5,4,3,24小时,FALSE,13
547,66益星充电汽车充电站(/),梓山镇政府,4008889498,115.5464735,25.95626303,5,4,5,24小时,FALSE,17
548,66益星充电汽车充电站(/),梓山镇政府,4008889498,115.5467,25.95603933,5,3,1,24小时,TRUE,34
549,66益星充电汽车充电站(雅好酒店),长片大道115号,4008889498,115.4068494,25.95911639,5,3,5,24小时,TRUE,5
550,乐来电汽车充电站(于都新龙都大市场),于都新龙都大市场,4008973688,115.4005072,25.95738835,5,3,5,24小时,FALSE,41
551,润诚达充电站(于都党校充电站),长征大道与阳明路交叉口西40米,[],115.4039972,25.95838383,5,2,5,24小时,TRUE,44
552,乐来电汽车充电站(于都碧桂园福气娃),碧桂园福气娃,4008973688,115.4106821,25.95486548,5,4,5,24小时,FALSE,37
553,云快充目的地充电站(CY001),彩艺建材,4008288517,115.4099725,25.95547948,5,1,3,24小时,FALSE,47
554,66益星充电汽车充电站(5栋后面1号桩),汇金广场,4008889498,115.4162256,25.95822483,5,2,1,24小时,TRUE,35
555,66益星充电汽车充电站(5栋后面2号桩),汇金广场,4008889498,115.4165469,25.95840823,5,2,3,24小时,TRUE,21
556,特来电超级充电站(于都县特来电网约车服务中心超充站),贡江镇爱莲路农贸市场旁网约车服务中心,17770796929,115.3943927,25.95957975,5,2,3,24小时,FALSE,22
557,于都海红物流超级充电站(于都海红物流充电站),美佳美家具厂东163米,13803574030,115.4831373,25.95475998,5,3,3,24小时,TRUE,21
558,驴充充汽车充电站(烈日之光外墙),于都工业园贡江大道卓盈服装有限公司,18720758388,115.3705556,25.95473187,5,3,5,24小时,TRUE,8
559,驴充充汽车充电站(于都义正科技园),工业大道赣州市焕建商贸有限公司西南91米,0797-966999,115.3787943,25.95650759,5,1,5,24小时,FALSE,24
560,国誉新能源充电站,贡江大道与怡信路交汇处,0797-6216090,115.3719486,25.96059544,5,4,1,24小时,FALSE,49
561,乐来电汽车充电站(于都县贡江雅苑),贡江雅苑,4008973688,115.379459,25.95319783,5,3,1,24小时,FALSE,44
562,小慧充电桩·直流快充,业俊路11号,[],115.3761487,25.95510076,5,2,1,24小时,TRUE,35
563,国家电网汽车充电站(江西省赣州市瑞金市黄柏乡黄柏供电所充电站),黄柏乡黄金钢化,0797-2555222,116.009722,25.95165853,8,5,1,24小时,FALSE,31
564,云快充汽车充电站(赣县储谭镇政府充电站),储谭镇政府,4008288517,114.9576559,25.94548688,7,5,5,24小时,FALSE,39
565,蔚景云汽车充电站(虔能星充-赣县茅店超充站),茅店镇323国道鸿盛饭店旁,4006803880,115.093013,25.94460745,7,2,5,24小时,TRUE,48
566,江投能链汽车充电站(于都冷链物流园充电站),供销冷链物流园区(于都园区),4008882596,115.4617855,25.95012544,5,1,5,24小时,FALSE,38
567,中国铁塔汽车充电站(江西赣州于都县贡江大道充电站),新体育中心贡江大道旁地面停车场,10096,115.4176547,25.94972129,5,3,5,24小时,TRUE,41
568,66益星充电汽车充电站(1),楂林工业园怡信路67号厂房,4008889498,115.373495,25.94684553,5,1,1,24小时,TRUE,41
569,星星充电汽车充电站(星星充电-楂林兴乐路充电站),"贡江镇江西脉动智能制造时尚产业园隆江猪脚饭饭店左转进巷口,直行15米后右转入院停车",15070758151,115.3823071,25.95095137,5,2,5,24小时,TRUE,25
570,润诚达汽车充电站(于都中东加油站),G323(瑞临线),18500707166,115.4556381,25.94986803,5,4,5,24小时,TRUE,48
571,小桔充电汽车充电站(于都县体育中心充电站),贡江镇水南路于都体育中心,4000610999,115.4152215,25.94633687,5,5,1,24小时,FALSE,10
572,66益星充电汽车充电站(嘉华酒店2号桩),贡江大道88号,4008889498,115.4117684,25.94860589,5,4,5,24小时,TRUE,34
573,66益星充电汽车充电站(嘉华酒店1号桩),贡江大道88号,4008889498,115.4117884,25.94871197,5,5,1,24小时,FALSE,34
574,66益星充电汽车充电站(嘉华酒店3号桩),贡江大道88号,4008889498,115.4118084,25.94875101,5,1,5,24小时,FALSE,48
575,盛阳新能源汽车充电站(于都县体育中心电动汽车充电站),于都体育中心地面停车场,[],115.4150083,25.94614857,5,1,3,24小时,FALSE,21
576,虔易充超级充电站(于都金融中心超充站·华为超充技术支持),贡江镇山顶公园,15179095790,115.4028736,25.94669152,5,2,1,24小时,TRUE,7
577,国家电网汽车充电站(江西省赣州市于都县梓山镇梓山供电所充电站),梓山镇梓山国家电网,0797-6268443,115.569338,25.94159517,5,3,3,24小时,TRUE,39
578,星星充电汽车充电站(星星充电-梓山客家宾馆充电站),梓山镇梓山村客家宾馆,15070758151,115.534964,25.94892183,5,1,1,24小时,FALSE,7
579,国家电网汽车充电站(江西省赣州市于都县楂林工业园停车场公共充电站),贡江镇新城路赣州市天坤太阳能有限公司,[],115.3900536,25.94623555,5,4,3,24小时,TRUE,13
580,乐来电汽车充电站(于都密坑安置地),于都密坑安置地,4008973688,115.3850011,25.94130125,5,4,5,24小时,FALSE,29
581,66益星充电汽车充电站(-),梓山镇政府,4008889498,115.5457023,25.9472123,5,4,3,24小时,FALSE,10
582,66益星充电汽车充电站(翡翠学府1号桩),振兴大道与仙下路交汇处,4008889498,115.3999928,25.948197,5,5,5,24小时,TRUE,46
583,驴充充汽车充电站(创梦装饰),梓山路北侧新天地(西区)-6栋,0797-966999,115.4313079,25.95017423,5,1,3,24小时,TRUE,39
584,星星充电汽车充电站(星星充电-贡江新地村充电站),贡江镇振兴大道辅路与瑞临线交叉口新地村支部委员会,13032170749,115.4363122,25.95039645,5,5,3,24小时,TRUE,19
585,国家电网汽车充电站(江西省赣州市瑞金市万田乡万田供电服务站城市公共充电站),万田乡沙合段,0797-2566222,115.7222401,25.9428648,1,3,1,24小时,FALSE,48
586,特来电汽车充电站(云水大道充电站),营前镇云水大道,15870044347,114.2781266,25.93521632,7,5,5,24小时,FALSE,19
587,国家电网汽车充电站(江西省赣州市上犹县营前镇营前供电所法庭充电站),上犹县人民法院营前人民法院,0797-8548500,114.2766972,25.9399392,8,3,1,24小时,TRUE,22
588,超翔汽车充电站(社溪农贸市场停车场),社溪乡农贸市场停车场,18679764362,114.5978374,25.94093284,2,1,1,24小时,FALSE,44
589,车电网汽车充电站(社溪镇古陂3号公变旁停车位),社溪镇万华商务宾馆对面停车位,18679764362,114.5931772,25.93943633,4,2,1,24小时,TRUE,11
590,国家电网汽车充电站(江西省赣州市上犹县社溪镇老农贸市场城市公共充电站),社溪镇社溪村老农贸市场,15807973888,114.5984624,25.94105679,1,4,5,24小时,TRUE,20
591,特来电汽车充电站(上犹县社溪镇潼川桥头充电站),社溪镇潼川桥头,15870044347,114.5946373,25.94135858,1,4,5,24小时,FALSE,19
592,驴充充汽车充电站(储潭派出所),X824(创新大道)储潭派出所,15372404006,114.9629248,25.93769214,7,2,5,24小时,TRUE,13
593,能效邻里共享汽车充电站(水西工业园盛天谷汽车产业园21),21栋101门口,18970785728,114.9330301,25.93950547,3,3,5,24小时,TRUE,41
594,江投能链汽车充电站(赣能江钨世泰科充电站直连站),水西工业园冶金基地冶金路28号世泰科江钨特种钨(赣州)有限公司,4008882596,114.9536168,25.93820667,3,5,3,24小时,FALSE,20
595,星星充电汽车充电站(星星充电-罗坳高速出入口充电站),罗坳镇万军汽车汽修厂,15070758151,115.2766624,25.93246908,5,2,3,24小时,TRUE,31
596,云快充目的地充电站(和乐新村C区3栋11号),水西镇和乐新村第六期返迁地4栋14号门面金剪美发,4008288517,114.9102913,25.93426885,3,3,3,24小时,TRUE,40
597,优充充电汽车充电站(蓝媒优充赣州于都罗坳充电站天天副食),323国道南50米,4000826699,115.2784199,25.9332956,5,2,5,24小时,FALSE,40
598,中国铁塔中农批汽车充电站,水西镇赣州农产品批发市场整合领导小组办公室尚客优连锁酒店地面停车场,10096,114.9137175,25.93232224,3,1,3,24小时,FALSE,46
599,小桔充电汽车充电站(和乐新村信租充电站),和乐新村中心停车场,4000610999,114.9119198,25.9364223,3,4,5,24小时,FALSE,49
600,小桔充电汽车充电站(和乐新村充电站),水西镇105国道,4000610999,114.9119998,25.93632718,3,4,3,24小时,TRUE,24
601,众建云汽车充电站(罗坳镇政府旁充电站可充重卡),罗坳镇塘头村,4000826699,115.2946132,25.93887356,5,2,3,24小时,FALSE,20
602,66益星充电汽车充电站(翡翠学府2号桩),振兴大道与仙下路交汇处,4008889498,115.4213988,25.93985931,5,3,1,24小时,TRUE,34
603,云快充汽车充电站(翡翠学府一期),贡江镇翡翠学府一期物管用房旁s1栋01号,4008288517,115.4211385,25.94022428,5,5,1,24小时,FALSE,31
604,车电网汽车充电站(于都县妇幼保健院),于都县妇幼保健院新院区地面停车场,4008086233,115.4244027,25.94088147,5,5,5,24小时,TRUE,29
605,小桔充电汽车充电站(于都县人民医院充电站),贡江镇盘古大道于都县人民医院,4000610999,115.4038949,25.93483473,5,3,1,24小时,TRUE,26
606,中国石化汽车充电站(于都金泉充电站),振兴大道中国石化金泉加油站,14583372302,115.392505,25.93246355,5,1,5,24小时,FALSE,28
607,驴充充汽车充电站(于都县翡翠城B区全季酒店后门停车场),盘古大道辅路翡翠城西95米,966999,115.4027911,25.9402331,5,5,1,24小时,TRUE,8
608,于都县人民医院充电站,盘古大道与振兴大道交叉口东北300米,[],115.4055044,25.93607512,5,4,3,24小时,TRUE,9
609,瑞金市万田乡充电站,504县道与沙合段交叉口西南60米,[],115.7231847,25.94089367,4,4,1,24小时,TRUE,26
610,国家电网汽车充电站(江西省赣州市瑞金市九堡镇九堡供电所充电站),九堡镇506县道,0797-2591222,115.9070544,25.93253024,1,2,3,24小时,TRUE,12
611,国家电网汽车充电站(江西省赣州市上犹县营前镇营前供电所石里充电站),营前镇汇景新城附近,0797-8548500,114.2818944,25.92602541,8,2,5,24小时,TRUE,30
612,超翔汽车充电站(营前镇幸福新村),营前镇幸福新村,18679764362,114.2855911,25.9262456,6,3,1,24小时,FALSE,34
613,充电,上犹县第三幼儿园附近,[],114.2845838,25.92954223,6,3,5,24小时,FALSE,28
614,新电途汽车充电站(幸福之家重卡物流充电站),石下东北294米,4001100835,114.9788269,25.9261539,7,4,5,24小时,FALSE,11
615,星星充电汽车充电站(星星充电-罗垇修理厂),323国道茅坪村罗垇修理厂,15070758151,115.2613023,25.92422105,5,4,5,24小时,FALSE,18
616,国家电网汽车充电站(江西省赣州市于都县罗坳镇罗坳供电所充电站),罗坳镇九曲村罗坳供电所地面停车场,0797-6248186,115.2768974,25.92773259,5,3,3,24小时,FALSE,7
617,众建云汽车充电站(罗坳加油站旁充电站),罗坳镇高速路口加油站旁,4000826699,115.2756638,25.9314445,5,2,5,24小时,TRUE,6
618,润诚达充电站(虔易充·中国科学院赣江创新研究院),中国科学院赣江创新研究院南侧70米,[],114.9585977,25.92314034,7,5,3,24小时,FALSE,23
619,云快充汽车充电站(新奕隆产业园充电站),贡江镇上欧工业园齐民路172号,4008288517,115.3681926,25.92582176,5,2,1,24小时,FALSE,19
620,国誉新能源汽车充电站,于都工业园区楂林路东侧、罗坳路北侧,4008288517,115.3895452,25.92701363,5,5,3,24小时,TRUE,36
621,中国铁塔汽车充电站(江西赣州于都县纺织工业园充电站),九章路,10096,115.3728435,25.92173108,5,3,5,24小时,FALSE,36
622,星星充电汽车充电站(于都县永发公共交通运输有限公司),齐民路与于都大道交叉口东180米,[],115.3875142,25.92449167,5,4,5,24小时,FALSE,15
623,汽车充电站(江投能链充电站),中国国际服装城西侧停车场,4008882596,115.3859119,25.9252619,5,3,5,24小时,TRUE,13
624,国家电网汽车充电站(江西省赣州市于都县宝矿路充电站),贡江镇振兴大道,19179791366,115.3689014,25.93035404,5,5,5,24小时,FALSE,16
625,达克云汽车充电站(于都县都来电充电站),上欧工业园管委会齐民路新能源汽车停车场,19979731265,115.3826018,25.92441712,5,1,5,24小时,TRUE,9
626,小桔充电汽车充电站(于都县上欧工业园充电站),贡江镇宝矿路天键电声股份有限公司,4000610999,115.372302,25.92266224,5,1,5,24小时,TRUE,31
627,星星充电汽车充电站(星星充电-上欧建材城充电站),振兴大道与于都大道交叉口上欧建材城内部十字路口三雄极光对面,15070758151,115.3876958,25.92838523,5,2,1,24小时,TRUE,50
628,闪开汽车充电站(于都翡翠园一期),贡江镇齐民路翡翠园小区,4006679990,115.3836222,25.9248248,5,1,1,24小时,TRUE,37
629,乐来电汽车充电站(于都县翡翠园),翡翠园,4008973688,115.3819588,25.93023947,5,3,3,24小时,TRUE,44
630,闪开汽车充电站(罗坪乐佳生活超市),迳安路,4006679990,115.3791911,25.92754555,5,5,5,24小时,FALSE,47
631,中国石化汽车充电站(叶坪充电站),叶坪镇中国石化叶坪加油站,95105888,116.0796542,25.92379826,1,1,3,24小时,FALSE,5
632,车电网汽车充电站(平富乡向前大道旁停车位),平富乡平富村,18379625565,114.2514383,25.91631112,5,5,1,24小时,FALSE,6
633,国家电网汽车充电站(江西省赣州市上犹县平富乡平富人民政府城市公共充电站),平富乡人民政府南27米,19323809902,114.2519836,25.91409247,7,2,5,24小时,TRUE,11
634,国家电网汽车充电站(江西省赣州市南康区十八塘乡塘兴社区充电站),十八塘乡塘兴社区十八塘街上,0797-6598280,114.698496,25.91451662,4,2,5,24小时,TRUE,17
635,驴充充汽车充电站(南康区十八塘乡镇政府),塘兴路与老街路交叉路口往北约230米南康区十八塘乡人民政府,0797-966999,114.6981748,25.91203945,4,5,5,24小时,FALSE,27
636,云快充超级充电站(赣州途安新能源充电站),储潭镇储潭村荷树坑线3路1号,4008288517,114.9680302,25.91795405,7,4,3,24小时,TRUE,28
637,特来电汽车充电站(赣州翔鸿物流有限公司充电站),茅店镇太阳坪村富裕坑组5号,18370892661,114.9958155,25.9119722,7,4,3,24小时,TRUE,49
638,驴充充汽车充电站(光通新能源),茅店镇G76(厦蓉高速)桃沅驾驶人考试中心科目三考场,18679744110,115.0085407,25.91513095,7,3,1,24小时,TRUE,46
639,赣州凯达物流超级充电站(智能功率调度重卡充电中心),赣州凯达物流智能功率调度重卡充电中心,19970809910,114.9646012,25.91495929,7,1,5,24小时,TRUE,30
640,云快充超级充电站(新能源重卡充电站),储潭镇储潭村荷树坑,4008288517,114.9658371,25.91846536,7,4,3,24小时,FALSE,8
641,驴充充汽车充电站(腾远钴业),区S4503(赣州绕城高速)赣州寒锐新能源科技有限公司东南588米,0797-966999,115.0759654,25.91408523,7,1,5,24小时,TRUE,10
642,国家电网汽车充电站(江西省赣州市于都县九曲岭充电站),九曲岭,19179791366,115.2810261,25.92058977,5,4,3,24小时,FALSE,41
643,驴充充汽车充电站(罗坳镇新能源汽车服务站),G76(厦蓉高速)驴充充充电站,0797-966999,115.2564228,25.92093841,5,5,1,24小时,TRUE,19
644,云快充超级充电站(赣州雩闽泰充电站),利村乡里仁村石螺寨组,4008288517,115.4035403,25.91294379,5,5,1,24小时,FALSE,22
645,66益星充电汽车充电站(上欧中小学2号桩),于都大道,4008889498,115.3851938,25.9181054,5,1,1,24小时,FALSE,39
646,星星充电汽车充电站(星星充电-于都南高速出口充电站),于都大道与九章路交叉口南80米,15070758151,115.3854835,25.91915497,5,1,5,24小时,TRUE,25
647,闪开汽车充电站(密坑安置小区1号桩),九章路,4006679990,115.3738465,25.92121977,5,2,1,24小时,TRUE,50
648,66益星充电汽车充电站(上欧中小学1号桩),于都大道,4008889498,115.3850678,25.91812648,5,1,3,24小时,FALSE,15
649,砻鹏充电站(于都砻鹏建设工程有限公司),323国道56号,15679761699,115.6082851,25.91746528,5,2,5,24小时,FALSE,48
650,国家电网汽车充电站(江西省赣州市于都县黄麟乡黄麟供电所充电站),黄麟乡323国道于都县黄麟供电所,0797-6352838,115.6372685,25.91373763,5,3,5,24小时,FALSE,13
651,云快充汽车充电站(国誉新能源充电站黄麟乡),黄麟乡圩镇停车场(初级中学背坡),4008288517,115.6229999,25.92011161,5,1,5,24小时,FALSE,8
652,国家电网汽车充电站(江西省赣州市瑞金市叶坪镇叶坪供电所城市公共充电站),叶坪镇叶坪供电所,0797-2307222,116.081615,25.92025976,7,2,1,24小时,TRUE,26
653,66益星充电汽车充电站(/),黄麟乡,4008889498,115.6219369,25.92037902,5,5,5,24小时,FALSE,25
654,小桔充电汽车充电站(沃尔泰十八塘服务区充电站),十八塘乡226省道,4000610999,114.703446,25.90286644,4,3,1,24小时,FALSE,36
655,百胜泊充汽车充电站(十八塘香樟湾站),十八塘乡马头村香樟湾停车场,18979742168,114.6966318,25.90517824,4,3,1,24小时,FALSE,32
656,PP充电汽车充电站(赣州方特停车场充电桩),方特大道1号赣州方特东方欲晓主题公园,4006207660,114.9279613,25.9088282,3,5,1,24小时,FALSE,10
657,国家电网汽车充电站(江西省赣州市开发区湖边镇供电服务站城市公用充电站),湖边镇善边村村委会(公交站),19179791366,114.891049,25.90892676,3,3,5,24小时,TRUE,50
658,星星充电汽车充电站(赣州北收费站),赣州北收费站(G76厦蓉高速出口),4008280768,114.9203776,25.90799281,3,1,1,24小时,FALSE,14
659,汽车充电站(赣州北收费站新能源车),方特大道1号,19070198548,114.9210697,25.90800909,3,2,3,24小时,FALSE,25
660,新电途汽车充电站(灿启超充家和园站),水西镇东江源大道瑞祥苑北侧,4001100835,114.9232391,25.90233584,3,1,3,24小时,TRUE,5
661,蔚景云汽车充电站(领跑慧充家和园站),水西镇家和园,4006803880,114.9232391,25.90233584,3,4,3,24小时,FALSE,22
662,百胜泊充汽车充电站(赣州市第三人民医院站),水东镇青龙山大道116号赣州市第三人民医院(赣江院区),18970828313,114.9503232,25.90272722,3,2,1,24小时,TRUE,16
663,小麦电站汽车充电站(兴和苑),茅店镇华能大道,[],115.0487066,25.9070506,7,4,3,24小时,FALSE,11
664,云快充汽车充电站(瓦庆坊江西运输重卡),高新大道太阳坪污水处理厂旁闲置用地,4008288517,115.0047137,25.90490449,7,1,1,24小时,FALSE,40
665,中国石化汽车充电站(赣县北充电站),贡江大道与铜铝大道交叉口,95105888,115.0021954,25.90709555,7,5,1,24小时,FALSE,29
666,中国石化赣县北充电站(石化易电),贡江大道与高新大道交叉口东侧,[],115.0018645,25.90732971,7,3,1,24小时,FALSE,29
667,国家电网汽车充电站(江西省赣州市赣县区茅店镇供电服务站公共充电站),茅店镇茅店供电所门口,15770808222,115.0398855,25.90766943,7,5,1,24小时,TRUE,41
668,江西赣鼎光伏汽车充电站,040乡道与稀金一路交叉口南340米,18607978167,115.0537599,25.9024963,7,2,5,24小时,FALSE,15
669,星星充电汽车充电站(赣县中科育成中心公共充电站),梅林镇将军塘中科育成中心,17379797399,115.0076305,25.90568929,7,3,1,24小时,FALSE,22
670,云快充汽车充电站(赣县茅店镇政府充电站),茅店镇政府,4008288517,115.0447871,25.90507411,7,2,3,24小时,TRUE,15
671,茅店镇充电站,赣新大道与039乡道交叉口西400米,[],115.043158,25.90802351,7,3,3,24小时,FALSE,24
672,于都服务区电动汽车充电站,于都服务区东北侧,[],115.2989894,25.90431194,5,1,3,24小时,FALSE,21
673,星星充电汽车充电站(于都服务区北区),罗江乡于都服务区电动汽车充电站于都服务区,4008280768,115.2989874,25.90432095,5,4,1,24小时,TRUE,34
674,理想汽车超级充电站(理想5C超充站厦蓉高速于都服务区厦门方向),于都服务区,4006860400,115.296093,25.90360629,5,2,1,24小时,FALSE,5
675,于都服务区电动汽车充电站,罗江乡于都服务区电动汽车充电站于都服务区,4008280768,115.2959762,25.90309714,5,3,3,24小时,FALSE,26
676,驴充充汽车充电站(爱之家家具城院内),里仁村里仁加油站旁爱之家家具城,15970704305,115.4044519,25.90947473,5,3,3,24小时,FALSE,46
677,66益星充电汽车充电站(盛拓新能源),黄麟乡,4008889498,115.6800351,25.91089065,5,2,5,24小时,FALSE,25
678,66益星充电汽车充电站(盛拓新能源),黄麟乡,4008889498,115.6799852,25.91102783,5,2,5,24小时,FALSE,25
679,中国石化汽车充电站(瑞金市人民医院充电站),黄柏乡瑞金市人民医院新院区,95105888,116.0278806,25.90944506,7,3,1,24小时,FALSE,49
680,瑞金市叶坪乡充电站,G206(苏维埃大道),[],116.0697496,25.90621361,8,5,5,24小时,TRUE,25
681,中国石化汽车充电站(叶坪景区充电站),苏维埃大道叶坪红色旅游区,95105888,116.0669637,25.908128,5,4,3,24小时,FALSE,12
682,国家电网汽车充电站(江西省赣州市瑞金市象湖镇象湖供电所城市公用充电站),象湖镇,0797-2329222,116.0220863,25.90853795,4,5,5,24小时,TRUE,48
683,特来电充电站(瑞金市荣誉国际酒店站),瑞金荣誉国际酒店地面停车场,4001300001,116.0234093,25.90321576,1,4,5,24小时,TRUE,33
684,北网(山东)新能源科技有限公司汽车充电站(北网新能源叶坪镇叶坪大酒店超充站),叶坪镇叶坪大酒店,15169104444,116.0646063,25.90346576,2,4,3,24小时,FALSE,13
685,瑞金市叶坪景区充电站,叶坪镇叶坪红色旅游区(西南角)叶坪红色旅游区游客中心停车场,[],116.0659958,25.90507611,5,2,5,24小时,FALSE,47
686,特斯拉超级充电站(瑞金荣誉国际大酒店),红军大道6号,19323831413,116.0233605,25.90230128,7,4,1,24小时,TRUE,33
687,星星充电汽车充电站(星星充电-泉岗科技园充电站),经开区泉岗科技园,4008280768,114.8614982,25.89550921,3,4,5,24小时,FALSE,39
688,云快充汽车充电站(赣州西域华城北区),赣州西域华城(北区)29栋地下车库,4008288517,114.9186436,25.89700918,3,4,5,24小时,TRUE,28
689,达克云汽车充电站(叙能西域华城北区充电站),西域华城北区,4006717555,114.9186456,25.89703719,3,5,5,24小时,TRUE,11
690,星星充电汽车充电站(星星充电-秋葵科技园充电站),经开区秋葵科技园,4008280768,114.8553314,25.89263358,3,3,1,24小时,TRUE,46
691,特来电汽车充电站(特来电赣州市万吉物流园停车场充电站),万吉物流园地面停车场,4001300001,114.8859746,25.89399386,3,1,5,24小时,FALSE,26
692,超翔汽车充电站(开发区智造谷汽车),开发区智造谷,0797-2137777,114.8887857,25.89225086,3,1,3,24小时,TRUE,11
693,国家电网汽车充电站(江西省赣州市章贡区水西镇供电服务站城市公用充电站),水西镇东桥驾校考试中心,19179791366,114.9150095,25.89912681,3,2,3,24小时,TRUE,33
694,西域华城信租(快来充)充电站,水西镇,19136784931,114.9153603,25.89669089,3,4,3,24小时,FALSE,48
695,小桔充电汽车充电站(西域华城信租充电站),水西镇西域华城,4000610999,114.9153333,25.89674495,3,5,5,24小时,TRUE,27
696,云快充目的地充电站(赣州西域华城南区充电站),赣州西域华城(南区)8栋地下车库,4008288517,114.9132374,25.89611114,3,4,1,24小时,TRUE,23
697,云快充汽车充电站(军辰松山里小区创业路充电站),松山里小区(创业路),4008288517,115.0196448,25.89416479,7,1,3,24小时,TRUE,14
698,云快充汽车充电站(华松充电站),赣州华松科技发展有限公司,[],115.019933,25.89246384,7,3,3,24小时,FALSE,34
699,云快充汽车充电站(军辰松山里小区南井路充电站),松山里小区(南井路北),4008288517,115.0214391,25.89332925,7,5,1,24小时,FALSE,27
700,瑞金市体育馆充电站,绵水路东100米体育馆停车场,15170633856,116.0273068,25.8987954,2,4,3,24小时,FALSE,25
701,特来电汽车充电站(特来电瑞金市风顺汽车贸易停车场充电站),七彩大道与文明路交叉路口往北约110米地面停车场,4001300001,116.0174066,25.89663602,5,1,1,24小时,TRUE,6
702,江投能链汽车充电站(瑞金市金字羽毛球馆充电站),交明路瑞茂塬农业发展有限公司西100米,4008882596,116.0136738,25.89705201,2,2,3,24小时,TRUE,38
703,中国石化汽车充电站(红井充电站),象湖镇桔林大道北中国石化红井加油站,95105888,116.0387526,25.89786264,3,3,1,24小时,FALSE,34
704,蔚来能源超级充电站(赣州瑞金金字羽毛球馆),文明路(龙珠寺),[],116.0133208,25.89725017,7,2,1,24小时,TRUE,45
705,星星充电汽车充电站(瑞金东富-金和酒店充电站)(暂停营业),象湖镇亲民路与桦林路交叉口西北角工会大院内瑞金金和大酒店,18170749759,116.019953,25.89358983,7,4,5,24小时,TRUE,44
706,能效邻里共享汽车充电站(中央公馆二期7k瓦私人共享充电桩),中央公馆二期地下停车场364号,13655007075,116.0176392,25.89427579,8,5,1,24小时,FALSE,29
707,星星充电汽车充电站(瑞金市上宾东郡社区公共充电桩),上宾东郡社区公共充电桩,4008280768,116.0528418,25.89658312,4,2,1,24小时,FALSE,50
708,云快充超级充电站(百味源土菜院子快充电站可充重卡),红金工业园火炬大道12号,4008288517,115.0235328,25.88741258,7,5,1,24小时,TRUE,39
709,中国石化茅店充电站,梅林镇红金村323国道(义源大桥旁),95105888,115.0317508,25.88569401,7,3,1,24小时,FALSE,17
710,特来电汽车充电站(特来电湖边镇梨园安居小区充电站),赣州经济技术开发区湖边镇梨园安居小区地面停车场,4001300001,114.880011,25.88606704,3,1,3,24小时,FALSE,47
711,星星充电汽车充电站(星星充电-涌泉科技园充电站),地面停车场,4008280768,114.8621213,25.89098901,3,5,3,24小时,FALSE,43
712,星星充电汽车充电站(星星充电-映山红科技园充电站),横江大道映山红科技园,16607978866,114.8585124,25.88967422,3,5,3,24小时,FALSE,42
713,汽车充电站(虔易充·智博环境公司站),秋月路与红横段交叉口东南240米,[],114.8540175,25.88953052,3,3,1,24小时,FALSE,34
714,星星充电汽车充电站(星星充电-秋山科技园充电站),秋山科技园,16607978866,114.8555781,25.88819798,3,2,5,24小时,FALSE,44
715,特来电汽车充电站(特来电涌泉科技园充电站),黄坑路涌泉科技园,4001300001,114.8555983,25.88492383,3,1,5,24小时,TRUE,25
716,星星充电汽车充电站(华昌科技园),斋公坑华昌路东北地面停车场,[],114.8920287,25.88592057,3,2,1,24小时,FALSE,12
717,星星充电汽车充电站(星星充电-华昌科技园充电站),斋公坑华昌路东北,4008280768,114.8926169,25.88493604,3,3,1,24小时,TRUE,37
718,充电桩(赣县东风本田),红金村323国道北侧(东风本田门口),[],115.0321813,25.88873697,7,4,3,24小时,TRUE,41
719,云快充汽车充电站(赣州高新区双创园),火炬大道1号地面停车场,4008288517,115.019227,25.88337876,7,4,3,24小时,TRUE,36
720,云快充汽车充电站(俞屋充电站),贡江大道辅路附近,[],114.9923399,25.88242299,7,5,5,24小时,TRUE,40
721,新电途汽车充电站(灿启超充梨园安居社区站),湖边镇金潭北大道,4001100835,114.8809565,25.88668511,3,4,1,24小时,FALSE,13
722,蔚景云汽车充电站(领跑慧充梨园安居社区站),梨园安居社区,4006803880,114.8809565,25.88668511,3,3,1,24小时,FALSE,44
723,蔚嘉汽车充电站(文德家园南站充电站),文德家园南,18679726066,115.0062209,25.88528484,7,3,1,24小时,TRUE,36
724,旭电通汽车充电站(于都县镜口快速充电站),利村乡镜口,4006886708,115.4091073,25.88312609,5,2,1,24小时,FALSE,40
725,云快充汽车充电站(于都县利村乡汽车快充站),利村乡下垅村镜口,4008288517,115.4069871,25.88331418,5,4,5,24小时,FALSE,48
726,云快充汽车充电站(电子电气产业园充电桩),瑞金市经开区电子电气产业园,4008288517,115.9572266,25.88617604,7,4,3,24小时,FALSE,15
727,达克云汽车充电站(赣停充瑞金市妇幼保健院新院区充电站),瑞金大道东瑞金市妇幼保健院(新院区),4006717555,116.061251,25.88950295,1,2,1,24小时,FALSE,7
728,瑞金行政审批局快充充电桩充电站,沙洲坝镇行政审批局停车场,[],115.9687955,25.88307776,4,5,3,24小时,FALSE,15
729,特来电汽车充电站(特来电瑞金宾馆停车场充电站),东升街瑞金宾馆,17779773911,116.0372416,25.88639147,8,5,3,24小时,TRUE,41
730,中国铁塔汽车充电站(江西赣州瑞金圣仕顿充电站),长征大道999号圣仕顿国际酒店内停车场,10096,115.975675,25.88327348,5,5,1,24小时,FALSE,39
731,铁塔能源瑞金市海亚国际酒店汽车充电场站,瑞金海亚国际酒店地面停车场,10096,116.0513856,25.88947399,8,5,1,24小时,TRUE,32
732,中国石化汽车充电站(金都充电站),象湖镇绵水路452号中国石化金都加油站,95105888,116.0246811,25.88786007,4,3,1,24小时,TRUE,33
733,星星充电汽车充电站(瑞金市九天御景小区内公共充电桩),象湖镇兴业大道九天御景,17379797399,116.0136807,25.8847738,6,1,3,24小时,FALSE,12
734,瑞金市政府停车场快速充电桩充电站,象湖镇市政府停车场,[],116.0229844,25.88908947,4,5,1,24小时,FALSE,50
735,星星充电汽车充电站(星星充电-豪门新城地下车库出入口处公共充电桩),金都大道与七彩大道交汇豪门新城小区地下停车场旁,4008280768,116.0120948,25.8895576,7,2,5,24小时,TRUE,18
736,星星充电汽车充电站(瑞金东富-维也纳酒店),象湖镇金都大道与东升街交叉口东南角维也纳酒店,18170749759,116.0399486,25.8906341,1,5,1,24小时,FALSE,39
737,星星充电汽车充电站(瑞金东富-映山红与国道路口旁充电站),好运来瓷砖批发地面停车场,18170778915,116.0082831,25.88199681,3,3,3,24小时,FALSE,23
738,中国石化汽车充电站(红井景区充电站),沙洲坝镇七彩大道与金都大道交叉口,95105888,116.0025376,25.88258341,5,5,5,24小时,TRUE,13
739,昆仑网电汽车充电站(中石油赣州瑞金福源加油充电站),319国道东50米中国石油福源加油站,95700,116.071222,25.88552428,1,3,3,24小时,TRUE,49
740,星星充电汽车充电站(瑞金市九天御景4期西门公共充电站),象湖镇瑞金大道九天御景西门,17379797399,116.0095323,25.88532832,4,2,1,24小时,FALSE,20
741,星星充电汽车充电站(星星充电-瑞金市豪门新城红井路口公共充电桩),金都大道与七彩大道交汇豪门新城红井路口,4008280768,116.0091781,25.88831836,7,4,5,24小时,TRUE,41
742,星星充电汽车充电站(星星充电-瑞金市豪门新城小区内7栋旁公共充电桩),金都大道与七彩大道交汇豪门新城小区,4008280768,116.0099808,25.88947976,5,4,5,24小时,FALSE,33
743,瑞金市华屋服务区汽车充电站,G319(厦成线)黄沙停车区,[],116.1413696,25.88685329,2,4,1,24小时,FALSE,49
744,车电网汽车充电站(油石乡停车场电杆旁停车位),油石乡大拇指幼儿园,18679764362,114.5312265,25.87658,8,4,3,24小时,FALSE,42
745,超翔汽车充电站(油石乡中心卫生院),油石乡中心卫生院门口,18679764362,114.5312964,25.88006448,2,4,1,24小时,FALSE,9
746,国家电网汽车充电站(江西省赣州市上犹县油石乡油石供电所充电站),油石乡油石供电所地面停车场,19942175613,114.529356,25.87326411,7,2,5,24小时,FALSE,18
747,中国石化汽车充电站(凤凰充电站),赣州经济技术开发区黄金北大道63号,95105888,114.8765038,25.87971911,3,3,3,24小时,FALSE,23
748,驴充充汽车充电站(160kw充电桩免费停车有饭店有公共卫生间好停车),岗边大道专业广告制作安装,15279757822,114.861432,25.881831,3,5,3,24小时,TRUE,41
749,小桔充电汽车充电站(时代高科小桔超充站),湖边镇凤凰路21号时代高科产业园时代高科门口停车场,4000610999,114.8873062,25.87751248,3,3,3,24小时,TRUE,7
750,特来电充电站(劲嘉山与城北面停车场),地面停车场,4001300001,114.889026,25.87343844,3,4,1,24小时,TRUE,12
751,PP充电汽车充电站(锐腾科技外围),湖边镇赣州经济技术开发区湖边大道华坚北路西侧2号厂房江西锐腾电子科技有限公司,4006207660,114.8943012,25.88155606,3,4,1,24小时,FALSE,5
752,蔚景云汽车充电站(叙能公牛赣通大道充电站),湖边镇华坚北大道77号宜居小区,4006803880,114.8947418,25.87331665,3,2,3,24小时,TRUE,46
753,百胜泊充汽车充电站(百胜泊充翠谷康居快速充电站),赣州经济技术开发区626服务中心(翠谷康居社区店)赣州市章贡区赣通大道888号翠谷康居社区,18178903816,114.8955467,25.87316862,3,2,3,24小时,FALSE,10
754,虔易充超级充电站(恒科产业园超充站·华为超充技术支持),湖边镇华坚北大道恒科产业园,15179095790,114.8955364,25.87739542,3,3,5,24小时,FALSE,10
755,超翔汽车充电站(翠谷康居42栋地下室),翠谷康居42栋地下室,0797-2137777,114.8971816,25.87306261,3,2,3,24小时,TRUE,30
756,小桔充电汽车充电站(速马力·翠谷康居站),赣通大道88号翠谷康居北门,4000610999,114.8967226,25.87311364,3,3,5,24小时,TRUE,32
757,新电途汽车充电站(灿启超充赣港康居社区站),工业北路赣港康居,4001100835,114.8682861,25.87474573,3,1,5,24小时,TRUE,5
758,蔚景云汽车充电站(领跑慧充赣港康居社区站),湖边镇叶氏宗祠赣港康居社区2区,4006803880,114.8682861,25.87474573,3,4,1,24小时,TRUE,13
759,闪联目的地充电站(赣州美的高速君兰学府),湖边镇美的高速君兰学府10栋商铺处,[],114.9024956,25.88147154,3,2,5,24小时,FALSE,5
760,驴充充汽车充电站(城北大道书香苑4栋充电站),梅林镇城北大道桃源石岩前安置区,15970834285,114.9961967,25.87633722,7,3,1,24小时,TRUE,32
761,小桔充电汽车充电站(国弘新能源上林春天充电站),区赣县区上林春天崇俨路胡屋安置区,18679783332,115.0131837,25.8741519,7,2,5,24小时,FALSE,9
762,驴充充汽车充电站(桃源华府),贡江大道桃源华府,966999,114.991502,25.88024809,7,4,1,24小时,TRUE,11
763,特来电汽车充电站(特来电赣州市赣县城北公园停车场充电站),梅林湿地公园内(南侧)地面停车场,4001300001,114.9999343,25.87985619,7,3,1,24小时,FALSE,24
764,云快充汽车充电站(桃源中庙停车场充电站),区赣南大道中庙停车场,[],114.9892872,25.87526551,7,4,1,24小时,TRUE,46
765,特来电汽车充电站(特来电沃尔顿沐思佰利酒店充电站),东江源大道319号地面停车场,4001300001,114.9124292,25.88151297,3,2,5,24小时,TRUE,38
766,驴充充汽车充电站(中庙安置区),梅林镇赣南大道中庙安置区,15970834285,114.9892214,25.87538479,7,1,5,24小时,TRUE,33
767,能效邻里共享汽车充电站(天悦新能源充电站),梅林镇站前大道93号天悦国际酒店停车场,13970777551,115.0051854,25.87250647,7,2,3,24小时,TRUE,31
768,小桔充电汽车充电站(赣县桃沅驾校充电站),梅林镇赣州桃沅驾驶员考试中心科目二,4000610999,114.9953001,25.8740054,7,4,5,24小时,TRUE,10
769,桃源充电桩,包客佳边上,18270076167,114.9946085,25.87420264,7,2,1,24小时,TRUE,42
770,云快充汽车充电站(桃源停车场充电站),[],[],114.9994682,25.87611512,7,4,5,24小时,FALSE,32
771,云快充汽车充电站(桃源充电站),梅林镇城北大道赣县思源实验学校南门思源文体,[],114.9993825,25.87603633,7,2,3,24小时,TRUE,22
772,驴充充汽车充电站(思源学校与中医院之间停车场),区Y043赣州市赣县区中医院,0797-15970834285,114.999525,25.87609194,7,1,5,24小时,TRUE,40
773,小桔充电汽车充电站(国弘新能源赣县双龙充电站),梅林镇站前大道赣县区城北农贸市场,15870716555,115.0101878,25.87577975,7,5,5,24小时,FALSE,49
774,小桔充电汽车充电站(沃尔泰赣县嘉福原山著地下充电站),赣县嘉福原山著物业服务中心,4000610999,114.9936156,25.88014459,7,3,1,24小时,TRUE,38
775,驴充充汽车充电站(嘉福原山著4栋1单元地下室470号车位),区贡江大道嘉福原山著,0797-966999,114.9941337,25.8802751,7,5,5,24小时,TRUE,30
776,驴充充汽车充电站(嘉福原山著4栋2单元负一层后面260号车位),区贡江大道嘉福原山著,0797-966999,114.9941038,25.88037326,7,1,3,24小时,TRUE,36
777,前沿超级充电站(前沿重卡充电站),梅林镇城北大道赣州前沿职业技术学院,13766387982,115.0047961,25.88167071,7,1,3,24小时,TRUE,36
778,星星充电汽车充电站(江西赣州伟业塑胶电器有限公司),水东镇马祖岩虎岗路旁江西赣州伟业塑胶电器有限公司内地面停车场,4008280768,114.9470531,25.88169833,3,5,5,24小时,TRUE,38
779,赣州市肿瘤医院汽车充电站,赣州市肿瘤医院附近,[],114.9526641,25.87249974,3,3,1,24小时,FALSE,13
780,汽车充电站(红金安置区站),赣新大道338号,[],115.0297682,25.87860431,7,5,3,24小时,FALSE,28
781,星星充电汽车充电站(星星充电-惠万家建材总汇充电站),449县道罗江乡惠万家建材总汇,15070758151,115.254551,25.87650039,5,2,5,24小时,FALSE,9
782,国家电网汽车充电站(江西省赣州市于都县罗江乡罗江供电所公共充电站),罗江乡罗江供电所公共充电站,0797-6241289,115.251928,25.87933911,5,5,1,24小时,TRUE,5
783,星星充电汽车充电站(星星充电-新陂河西充电站),新陂乡新陂村河西路口,15070758151,115.3494646,25.87493498,5,2,3,24小时,TRUE,8
784,中国铁塔汽车充电站(江西赣州赣县生态环境局充电站),赣县生态环境局,10096,115.0311598,25.88188997,7,5,3,24小时,FALSE,45
785,国家电网汽车充电站(江西省赣州市会昌县小密乡充电站),小密乡,0797-5622771,115.6997317,25.88015058,7,4,5,24小时,FALSE,10
786,幸福花海停车场充电站,红都幸福花海东南侧200米,[],115.994981,25.8782985,3,3,5,24小时,TRUE,24
787,国家电网汽车充电站(江西省赣州瑞金市沙洲坝供电所充电站),沙洲坝镇常青大道,0797-2348222,115.9847901,25.8726366,4,2,1,24小时,FALSE,30
788,国家电网汽车充电站(江西省赣州市瑞金市沙洲坝镇沙洲坝供电所充电站),沙洲坝镇常青大道沙洲坝供电所,0797-2348222,115.9838318,25.8726865,2,3,5,24小时,FALSE,20
789,汽车充电站,红都大道东21号,[],116.0392709,25.87772906,4,1,1,24小时,FALSE,12
790,汽车充电站(瑞金市沙洲坝镇红都新城新能源站),梦想家园红都新城小区门口左边,[],115.9797383,25.87515427,1,3,3,24小时,TRUE,12
791,汽车充电站(特斯拉充电桩),建设路35号,13973213036,116.0142257,25.87754443,3,1,1,24小时,TRUE,36
792,众安充电汽车充电站(瑞金电商园汽车充电站),瑞金市经济开发区创业大道,15179663322,115.9802026,25.88108783,5,2,3,24小时,FALSE,13
793,瑞金市军博园汽车充电站,瑞金市体育局骑行道,15170633856,116.0023867,25.87349586,5,1,5,24小时,TRUE,26
794,瑞金市红土地物流园汽车充电站,长征大道与七彩大道交叉口西北340米,[],116.0006266,25.87653419,5,5,3,24小时,TRUE,21
795,瑞金市纪念馆充电站,红都大道中央革命根据地历史博物馆,15170633856,116.0102651,25.87369545,2,4,5,24小时,FALSE,37
796,星星充电汽车充电站(星星充电-瑞金七彩大道颐和园小区公共充电站),七彩大道颐和园小区,4008280768,116.0047467,25.87552809,1,4,3,24小时,TRUE,28
797,铁塔能源瑞金市映山红汽车充电站,红井路2号地面停车场,10096,116.0110922,25.88086676,5,1,1,24小时,TRUE,19
798,星星充电汽车充电站(瑞金市九天御景小区外公共充电桩),象湖镇兴业大道九天御景,4008280768,116.0114612,25.88122492,1,1,5,24小时,TRUE,20
799,国家电网汽车充电站(江西省赣州市瑞金市红井景区停车场充电站),红井景区停车场,19179791366,116.0016852,25.88071175,8,3,1,24小时,FALSE,14
800,云快充汽车充电站(瑞金经开区红土地物流园充电站),经开区红土地物流园,4008288517,115.9996813,25.8776648,1,5,1,24小时,FALSE,19
801,驴充充汽车充电站(中医院西边停车场),向阳南路向阳家园小区,0797-966999,116.0310405,25.875034,4,4,3,24小时,FALSE,22
802,驴充充汽车充电站(解放路中段停车场),向阳南路92向阳家园小区,0797-966999,116.0300131,25.87253896,6,1,1,24小时,TRUE,16
803,驴充充汽车充电站(中医院南边停车场),八一南路国光超市(八一南店),0797-966999,116.0325629,25.87490011,1,4,1,24小时,TRUE,34
804,驴充充汽车充电站(国光超市北边停车场),国光购物广场八一南店停车场,0797-966999,116.0332014,25.87618238,5,3,3,24小时,TRUE,40
805,电动汽车充电站(红都大道),八一南路与瑞金市步行街交叉口西120米,[],116.0331933,25.87646359,1,3,3,24小时,TRUE,23
806,中国铁塔汽车充电站(江西赣州瑞金市永盛酒店充电站),瑞金永盛国际酒店,10096,116.0514622,25.8797714,5,5,5,24小时,TRUE,34
807,特来电汽车充电站(赣州市上犹县犹石加油站充电站),S221,18827881705,114.528248,25.86641077,8,2,3,24小时,TRUE,14
808,特来电汽车充电站(中石化经开区黄金紫荆加油站充电站),黄金岭街道中国石化(黄金紫荆加油站)地面停车场,[],114.89731,25.86708166,3,4,1,24小时,TRUE,19
809,星星充电汽车充电站(星星充电-恒大悦龙台停车场充电站),恒大悦龙台(赣州国际企业中心北50米),4008280768,114.8942923,25.86570058,3,3,5,24小时,TRUE,26
810,云快充超级充电站(赣通停e充·小华兴街站),卫府里小华兴街17号C栋,4008288517,114.9415574,25.8656629,3,4,1,24小时,FALSE,11
811,能效邻里共享汽车充电站(思索灯箱),工业一路北思索广告,18607977789,114.8731216,25.86877383,3,5,1,24小时,TRUE,31
812,浩川绿能超级充电站(赣州力争环保重卡站),岗边大道辅路附近,[],114.8500204,25.86876048,3,1,3,24小时,TRUE,50
813,特来电汽车充电站(特来电赣州市传化南北公路港物流园停车场充电项目),岗边大道传化南北公路港物流园,4001300001,114.8510921,25.87055038,3,1,3,24小时,TRUE,19
814,特来电汽车充电站(特来电赣州市综合物流园停车场充电站),岗边大道传化南北公路港物流园地面停车场,4001300001,114.8511071,25.87129389,3,4,5,24小时,FALSE,34
815,特来电汽车充电站(特来电经开区建投停车场充电站),经济技术开发区香江大道88号赣州开发区建投集团,4001300001,114.8632005,25.86676634,3,1,5,24小时,TRUE,37
816,特来电充电站(赣州建控集团停车场充电站),赣州建控集团,4001300001,114.8641067,25.8658739,3,4,1,24小时,TRUE,42
817,汽车充电站(启源芯动力重卡充换电站赣州岗边大道1号站),岗边大道88号,[],114.8455137,25.86787745,3,1,5,24小时,FALSE,47
818,汽车充电站(虔易充·水东镇政府超充站),虔东大道9-2号,13097076946,114.9603078,25.86500216,3,2,1,24小时,FALSE,21
819,中国铁塔汽车充电站(江西赣州章贡区马祖岩充电站),马祖岩景区地面停车场,10096,114.9626005,25.87005057,3,4,3,24小时,FALSE,25
820,云快充目的地充电站(黄金家园B区充电站),黄金家园B区3栋地下车库(不对外),4008288517,114.8964172,25.86519341,3,3,3,24小时,TRUE,9
821,能效邻里共享汽车充电站(赣县区梅林镇碧桂园豪园充电站),梅林大街西一号碧桂园豪园6栋A171车位,18079779826,115.0178626,25.86746307,7,2,1,24小时,TRUE,14
822,驴充充汽车充电站(赣州同鑫瓷砖仓储批发市场),湖边镇纬一路赣州同鑫瓷砖仓储批发市场,966999,114.8791375,25.86997074,3,2,1,24小时,FALSE,34
823,国家电网汽车充电站(江西省赣州市开发区蟠龙充电站),蟠龙镇黄金北大道,19179791366,114.859731,25.8629092,3,4,3,24小时,TRUE,39
824,云快充汽车充电站(赣通停e充·赣州肿瘤医院站),赣州市肿瘤医院地下停车场,4008288517,114.9526192,25.87180038,3,2,3,24小时,FALSE,24
825,云快充超级充电站(虔能星充-京东物流园超充站),湖边镇香江大道175号,4008288517,114.8581533,25.86898698,3,3,3,24小时,TRUE,10
826,新电途汽车充电站(灿启翠谷康居充电站),湖边镇赣通大道888号,4001100835,114.8968318,25.87132045,3,3,1,24小时,TRUE,18
827,蔚景云汽车充电站(领跑慧充翠谷康居充电站),湖边镇翠谷康居社区,4006803880,114.8968918,25.87128043,3,2,3,24小时,TRUE,50
828,特来电汽车充电站(特来电黄金家园B区西停车场充电站),香江大道18号北门辅路地面停车场,4001300001,114.8940584,25.86414153,3,3,1,24小时,FALSE,37
829,云快充汽车充电站(黄金家园幼儿园店),黄金家园A区地库1栋下,4008288517,114.8971373,25.86280185,3,3,1,24小时,FALSE,16
830,达克云汽车充电站(叙能黄金家园慢充站),阳光黄金家园B区东南1门旁,4006717555,114.8978022,25.86333519,3,4,1,24小时,FALSE,40
831,能效邻里共享汽车充电站(赣州府),大公路与中山路交叉口南80米,13117918087,114.9452429,25.86324795,3,5,5,24小时,TRUE,11
832,闪联目的地充电站(赣州美的君兰半岛),黄金岭街道美的·君兰半岛,[],114.9001817,25.86308483,3,1,3,24小时,TRUE,12
833,能效邻里共享汽车充电站(赣州府),赣江路195号,[],114.9452878,25.86332391,3,1,1,24小时,TRUE,13
834,云快充汽车充电站(井前家园充电站),双龙大道井前家园停车场,4008288517,115.0137066,25.86510943,7,4,1,24小时,FALSE,48
835,海尔汽车充电站(新塘路),新塘路1-13号,18270709192,115.0174538,25.86880912,7,1,5,24小时,FALSE,9
836,特来电汽车充电站(特来电赣州市八镜公园停车场充电站),八境路22号地面停车场,[],114.9365758,25.87197319,3,1,1,24小时,TRUE,46
837,铁塔能源赣县公安局汽车充电站,银河大道6号,10096,115.0114842,25.8643424,7,2,3,24小时,TRUE,26
838,达克云充电站(云璞酒店充电站),华昌路与纬二路交叉口东南180米,[],114.8916522,25.86383188,3,1,1,24小时,FALSE,8
839,中国铁塔汽车充电站(江西赣州章贡国际企业中心充电站),国际企业中心3号楼与4号楼间停车场,10096,114.8911322,25.86274604,3,5,1,24小时,FALSE,30
840,云快充汽车充电站(宜居公租房),章贡区宜居小区(C2栋前),4008288517,114.8932778,25.8723278,3,1,3,24小时,FALSE,48
841,中国石化汽车充电站(紫荆充电站),紫荆路与华坚北大道交叉路口往东约250米(财茂香溢华府南侧),95105888,114.8974919,25.86738986,3,2,3,24小时,FALSE,18
842,云快充汽车充电站(江西客家博物院充电站),客家文化城正大门口停车场内,4008288517,115.0239332,25.86421115,7,3,1,24小时,FALSE,33
843,小桔充电汽车充电站(沃尔泰燕南小区充电站),地面停车场,4000610999,115.0090017,25.86425466,7,1,1,24小时,TRUE,46
844,中国铁塔汽车充电站(江西赣州赣县区赣州东站充电站),赣州东站站前广场停车场,10096,115.0007311,25.87083681,7,4,3,24小时,FALSE,40
845,云快充目的地充电站(赣县区体育场慢充站),体育场,4008288517,115.0004565,25.86584035,7,1,3,24小时,TRUE,22
846,云快充汽车充电站(赣县汽车站店),货场路18号赣县汽车站,4008288517,115.0024235,25.86665193,7,2,3,24小时,FALSE,17
847,江投能链汽车充电站(赣州市赣县区章贡路充电站),章贡路10号,4008882596,115.0044774,25.86438425,7,5,5,24小时,TRUE,45
848,汽车充电站(赣县汽车站),货场路6号,0797-4430686;0797-4441880,115.0023218,25.86667525,7,1,5,24小时,FALSE,50
849,云快充汽车充电站(云动科技赣县人才大厦充电站),区梅林大街2-1号,4008288517,115.0053057,25.86248352,7,4,3,24小时,FALSE,27
850,云动科技人才大厦充电站,梅林大街2-1号,[],115.0053754,25.86250032,7,5,5,24小时,FALSE,29
851,蔚来能源超级充电站(赣州赣县第二人民医院),章贡路10号,[],115.0044934,25.86463137,7,2,3,24小时,TRUE,25
852,中国铁塔汽车充电站(江西赣州赣县供销社充电站)(暂停营业),赣新大道39号赣县区农资公司停车场内,10096,115.0001635,25.86543797,7,2,5,24小时,TRUE,22
853,云快充汽车充电站(梅林镇政府充电站),梅林镇政府,4008288517,115.0078966,25.86335735,7,4,1,24小时,FALSE,42
854,中国石化汽车充电站(黄金西门站),湖边镇政府对面中国石化西门加油站,95105888,114.911345,25.86970688,3,2,1,24小时,TRUE,20
855,中国铁塔汽车充电站(江西赣州章贡铁塔公司充电站),紫荆路46号中国铁塔股份有限公司,10096,114.8861544,25.86836893,3,2,5,24小时,FALSE,39
856,驴充充汽车充电站(藕塘里地块安置房内),下壕塘9-10藕塘里地块安置房内,400-9155-388,114.9305959,25.86365335,3,1,5,24小时,TRUE,41
857,地面快速充电桩,环城路49号充电桩,0797-2193333,114.9285254,25.86550456,3,3,3,24小时,TRUE,16
858,汽车充电站,新赣南路与文清路交叉口西140米,[],114.9341363,25.86396202,3,5,1,24小时,FALSE,49
859,云快充目的地充电站(瑞金市道花香农家饭庄充电站),瑞金道花香民宿,4008288517,115.9249313,25.86446865,1,3,3,24小时,TRUE,41
860,权茂超级充电站(权茂建材重卡充电站),经济开发区经一路开程电气有限公司,19721628779,115.9682808,25.869205,8,5,1,24小时,FALSE,16
861,星星充电汽车充电站(瑞金博兴汽贸新能源快速充电站),沙洲坝镇323国道,18170749758,115.9842071,25.86774112,1,1,3,24小时,TRUE,19
862,星星充电汽车充电站(星星充电-瑞金锦隆充电站),大布汽车城地面停车场,13033220150;4008280768,115.9823226,25.86680313,4,1,5,24小时,FALSE,5
863,瑞金市金龙服务区停车场-充电站,G323(瑞临线),[],115.9587174,25.86957436,4,2,3,24小时,FALSE,50
864,驴充充汽车充电站(百川渣土重卡超充站),瑞金市体育局骑行道锦绣望族,18030158171,116.0027281,25.86815431,6,1,1,24小时,TRUE,14
865,特来电汽车充电站(特来电瑞金市火车站格兰云天酒店充电站),火车站站前大道格兰云天酒店停车场,4001300001,116.0471584,25.86758457,3,1,5,24小时,FALSE,9
866,瑞金市火车站停车场充电站,瑞金市体育局骑行道,[],116.050275,25.86865826,7,5,3,24小时,TRUE,26
867,星星充电汽车充电站(已下线瑞金东富-塔下寺零公里充电站),象湖镇323国道g323号,18170778915,116.0063524,25.87120042,6,2,3,24小时,TRUE,32
868,驴充充汽车充电站(瑞金盛世喜宴酒店),红都大道与瑞金大道交叉口东220米盛世喜宴酒店,966999,116.0029931,25.87129157,8,3,5,24小时,TRUE,50
869,驴充充汽车充电站(城市社区卫生服务中心西边停车场),解放路118号新华实验幼儿园,0797-966999,116.0328984,25.87177722,6,2,5,24小时,TRUE,29
870,特来电汽车充电站(瑞金市金点重卡充电站),G323国道城西加油站对面,13979792617,115.9885046,25.86900303,5,2,3,24小时,TRUE,5
871,星星充电汽车充电站(瑞金创新重卡充电站),323国道与创业大道交叉口雄瑞汽车城,18172720666,115.9861316,25.86744716,7,5,5,24小时,TRUE,16
872,中国石化汽车充电站(瑞金城西重卡充电站),三二三国道与沙洲工业园交汇处正东方向180米,95105888,115.9888237,25.86824056,6,5,5,24小时,TRUE,45
873,锐炽超级充电站(锐炽贸易站),沙洲坝镇大布村大力士轮胎店,13970103286,115.9832199,25.86790918,2,4,5,24小时,TRUE,26
874,国家电网汽车充电站(江西省赣州市崇义县金坑乡思顺供电所充电站),金坑乡农商银行农村信用社旁,0797-3875209,114.1698207,25.85527376,2,2,5,24小时,FALSE,25
875,汽车充电站(江西交投阳明湖服务区站),遂大高速阳明湖服务区,[],114.4336246,25.85558246,2,3,1,24小时,FALSE,5
876,特来电汽车充电站(特来电上犹县梅水新建旅游接待中心充电站),梅水新建旅游接待中心,18679764362,114.453121,25.85397688,4,2,3,24小时,TRUE,27
877,车电网汽车充电站(梅水新建停车场),梅水乡380县道,18679764362,114.4531912,25.85393701,2,1,3,24小时,TRUE,29
878,安郡新能源重卡充电站,安郡建材,18160770166,114.5270228,25.85760583,7,2,3,24小时,FALSE,36
879,云快充超级充电站(安郡新能源重卡充电站),油石乡塘角村塘角坑组懂公庙旁边(100米),4008288517,114.5269145,25.85754351,6,5,3,24小时,FALSE,11
880,驴充充汽车充电站(赣州综合保税区),南环西路江西跨境电商产业园南340米,400-9155-388,114.81553,25.85595557,3,5,3,24小时,TRUE,15
881,特斯拉超级充电站(赣州大润发),"红旗大道西段与西桥路交叉口红绿灯右拐进入小路,大润发超市地下停车场负二层A05车位旁",[],114.9183287,25.857009,3,1,3,24小时,TRUE,23
882,汽车充电站(虔易充·赣江街道铁厂下充电站),大公路与小华萼巷交叉口东南80米,[],114.9386872,25.85947022,3,3,1,24小时,FALSE,11
883,云快充目的地充电站(赣县人民区政府慢充站二),梅林镇灌樱路1号,4008288517,115.0159148,25.85723291,7,3,1,24小时,TRUE,29
884,云快充汽车充电站(内部使用赣县机关事务管理中心充电站),灌婴路1号,4008288517,115.0158111,25.85820284,7,1,1,24小时,TRUE,26
885,云快充汽车充电站(赣县区政府),梅林镇灌樱路1号,4008288517,115.0150945,25.85717322,7,5,5,24小时,FALSE,50
886,云快充目的地充电站(赣县人民区政府慢充站一),梅林镇灌樱路1号,4008288517,115.01466,25.85766179,7,4,1,24小时,TRUE,43
887,赣州西服务区电动汽车充电站,光明路6号,[],114.8217257,25.85292622,3,2,3,24小时,TRUE,11
888,星星充电汽车充电站(赣州西服务区北区),蟠龙镇中国石油赣州西服务区加油站赣州西服务区,4008280768,114.8217878,25.8528803,3,2,3,24小时,TRUE,31
889,云快充汽车充电站(绿赣赣州市章贡区华鑫路充电站),华鑫路26号,[],114.8962587,25.85843297,3,5,5,24小时,FALSE,47
890,特来电充电站(金凤梅园停车场),金凤东路与华鑫路交叉口东120米地面停车场,[],114.8964449,25.85582728,3,3,3,24小时,TRUE,11
891,超翔汽车充电站(杨梅新村四期汽车充电桩),杨梅新村四期,0797-2137777,114.8974327,25.85656877,3,4,1,24小时,FALSE,14
892,特来电汽车充电站(特来电金凤梅园停车场充电站),金凤东路,4001300001,114.8940829,25.85602822,3,3,1,24小时,TRUE,32
893,小桔充电汽车充电站(国弘新能源东河大桥充电站),东方胜境养老院,15870716555,114.9512658,25.85905211,3,3,1,24小时,FALSE,17
894,中国石化汽车充电站(七里充电站),虔东大道306号,95105888,114.99165,25.85934687,3,1,1,24小时,TRUE,15
895,星星充电充电站(赣州国投赣南宾馆液冷),厚德路76号,18046663492,114.9373341,25.85899833,3,3,5,24小时,TRUE,35
896,特来电目的地充电站(水韵嘉城C区充电站),水韵嘉城C区,13807978144,114.8980328,25.85400108,3,3,1,24小时,FALSE,35
897,云快充汽车充电站(赣县区体育场充电站),体育场,4008288517,115.0090632,25.85561883,7,3,3,24小时,TRUE,46
898,虔易充超级充电站(赣县金桥超充站·华为超充技术支持),区梅林镇口腔赣州柏尔曼酒店,15179095790,115.0028697,25.85558133,7,4,5,24小时,TRUE,28
899,特来电汽车充电站(特来电赣县万佳酒店充电站),地下停车场015,[],115.0015021,25.86057673,7,3,3,24小时,TRUE,33
900,百胜新能源汽车充电站(赣铝花都),章贡路30号赣铝花都5栋,[],115.0010708,25.85823951,7,3,1,24小时,FALSE,34
901,玺易充汽车充电站(赣州市章贡区健康路12-3号地下停车场),健康路35号,15970827868,114.9394525,25.86107487,3,2,3,24小时,FALSE,41
902,超翔汽车充电站(赣州市奥林匹克广场地下停车场快充站),健康路生佛坛前13号,15970827868,114.9395323,25.86118579,3,2,1,24小时,TRUE,10
903,易事特充电站(赣江街道姚府里16号充电站),健康路与厚德路交叉口西南180米,[],114.9389918,25.85605943,3,3,5,24小时,FALSE,42
904,汽车充电站(速停车·大圣地一大道停车场站),东园停车场负二层,[],114.9350971,25.85325844,3,5,1,24小时,TRUE,29
905,能效邻里共享汽车充电站(江西应用职业技术学院),文清路与环城路交叉口东南120米,[],114.93566,25.85317643,3,4,5,24小时,FALSE,41
906,玺易充汽车充电站(冶金研究所小区内13栋停车场),青年路34号,15970827868,114.9271161,25.8603411,3,4,1,24小时,FALSE,10
907,特来电充电站(赣县区新饭店停车场),杨仙大道地面停车场,4001300001,115.012934,25.85459279,7,1,3,24小时,TRUE,12
908,驴充充汽车充电站(章贡西区),贡江大道章贡西区,0797-966999,114.9988788,25.85442767,7,2,3,24小时,TRUE,18
909,达克云汽车充电站(叙能贡江苑充电站),贡江大道南东,4006717555,114.997852,25.8610291,7,2,1,24小时,TRUE,32
910,特来电汽车充电站(特来电赣州市水东镇卫生院充电站),水东镇沿坳2号地面停车场,4001300001,114.9734058,25.86047171,3,4,1,24小时,TRUE,45
911,中国石化汽车充电站(沿坳充电站),水东镇虔东大道92号中国石化沿坳加油站,95105888,114.9679206,25.86103641,3,5,1,24小时,FALSE,25
912,国家电网汽车充电站(江西省赣州市章贡区水东镇供电服务站城市公用充电站),水东镇赣南大道辅路赣州市东和机动车检测有限责任公司,19179791366,114.9750213,25.8620181,3,1,5,24小时,TRUE,29
913,百胜泊充汽车充电站(桃源溪小区站),水东镇虔东大道131号(桃源溪小区地面停车场内),15979868373,114.9779008,25.85950211,3,4,5,24小时,FALSE,22
914,桃源溪小区充电站,虔东大道与状元桥路交汇处,18970828313,114.9780224,25.8594177,3,4,5,24小时,TRUE,49
915,中国铁塔汽车充电站(江西赣州章贡区朱师傅充电站),金龙路与螺田路交叉口西140米,10096,114.8788473,25.85536495,3,5,5,24小时,FALSE,12
916,特来电汽车充电站(智捷停车红环路),红环路31号地面停车场,[],114.9298658,25.85510083,3,2,3,24小时,TRUE,41
917,云快充目的地充电站(渡口路社区充电站),渡口路社区廉租房小区1、2栋下,4008288517,114.9561006,25.85630494,3,5,5,24小时,TRUE,11
918,驴充充汽车充电站(荷包塘社区停车场),赣江街道东胜山路6-4号荷包塘社区,0797-966999、19979768889,114.9465062,25.85717133,3,1,5,24小时,FALSE,39
919,驴充充汽车充电站(孝义巷社区网格化管理中心),武学巷吉祥花园东侧约120米华毅家政营业部,13922206361,114.9329759,25.85889858,3,4,3,24小时,FALSE,29
920,特来电目的地充电站(特来电青年路7号院内停车场充电站),青年路7号地面停车场,4001300001,114.9333383,25.85740102,3,4,5,24小时,FALSE,7
921,驴充充汽车充电站(大公路126号社区停车场),大公路126号食品公司宿舍,0797-966999、19979768889,114.9322172,25.86098614,3,3,1,24小时,FALSE,14
922,超翔汽车充电站(飞天谷·跨境电商产业园汽车充电桩),飞天谷·跨境电商产业园,19970828119,114.8139317,25.85773576,3,5,5,24小时,FALSE,7
923,特来电汽车充电站(特来电智捷停车蔚蓝半岛充电站),蔚蓝半岛北地下停车场053,[],114.9142893,25.85493913,3,3,3,24小时,TRUE,8
924,虔易充超级充电站(虔东七鲤超充站·华为超充技术支持),水东镇虔东大道七鲤苑,15179095790,114.983699,25.85808004,3,4,5,24小时,FALSE,28
925,昆仑网电汽车充电站(中石油章贡区锦江国际酒店充电站),黄金岭街道赣州锦江国际酒店停车场,95700,114.9068893,25.8544913,3,3,1,24小时,FALSE,24
926,小桔充电汽车充电站(沃尔泰香江半岛充电站)(内部专用),致远路与金榜路交叉口东约160米,4000610999,114.9089995,25.85960562,3,4,3,24小时,TRUE,19
927,小桔充电汽车充电站(国弘新能源和信广场充电站),和信广场,15870716555,114.9038109,25.85525592,3,3,1,24小时,FALSE,25
928,小桔充电汽车充电站(速马力·隐龙山庄站),黄金岭街道金东路优巢四季酒店,4000610999,114.9048655,25.85295409,3,4,3,24小时,TRUE,17
929,驴充充汽车充电站(七鲤古镇),水东镇七里村古瓷路七鲤古镇度假区VIP停车场,19979768889,114.9829918,25.85320797,3,2,3,24小时,FALSE,36
930,特来电汽车充电站(七鲤古镇皇冠假日酒店地下停车场),七鲤古镇皇冠假日酒店地下一层,15647829022,114.9811163,25.85242404,3,3,5,24小时,TRUE,37
931,能效邻里共享汽车充电站(赣州九里梦鲤云庐充电站),虔东大道258号九里梦鲤云庐小区A048车位,18607977900,114.9853063,25.85854553,3,1,1,24小时,FALSE,50
932,润诚达汽车充电站(金信诺公司宿舍),蟠龙镇金龙路北金信诺光纤光缆(赣州)有限公司2栋4楼,15879795958,114.8490199,25.85268233,3,4,5,24小时,TRUE,38
933,中国铁塔汽车充电站(江西赣州章贡区金潭北大道充电站),金潭北大道金凤梅园停车场,10096,114.8838352,25.8576397,3,1,5,24小时,TRUE,17
934,小桔充电汽车充电站(信租出行充电站),赣州市经济技术开发区章贡区开发区金潭大道22号信租出行,4000610999,114.8832551,25.85368579,3,1,1,24小时,TRUE,7
935,云快充汽车充电站(平安公租房店),平安公租房(7栋前),4008288517,114.8854767,25.86073359,3,1,3,24小时,FALSE,50
936,云快充汽车充电站(赣县大田乡政府充电站),大田乡政府,4008288517,115.1265588,25.85885455,7,3,1,24小时,FALSE,34
937,信租(快来充)充电站,赣州市经济技术开发区章贡区开发区金潭大道22号信租出行,13803578643,114.883027,25.8532814,3,4,5,24小时,TRUE,48
938,国家电网汽车充电站(江西省赣州市赣县区大田乡供电服务站公共充电站),大田乡大田供电所门口,13870749658,115.1233951,25.85890372,7,2,1,24小时,FALSE,36
939,国家电网汽车充电站(江西省赣州市于都县新陂乡新陂供电服务站公共充电站),新陂乡新陂供电服务站公共充电站,0797-6205416,115.3208408,25.85337919,5,4,5,24小时,TRUE,35
940,会昌服务区电动汽车充电站,西江镇会昌服务区电动汽车充电站会昌服务区,4008280768,115.8407334,25.85540786,6,3,5,24小时,TRUE,21
941,驴充充汽车充电站(佛山照明G323店),G323(瑞临线)佛山照明(G323店),0797-966999,115.925501,25.86206236,2,3,5,24小时,TRUE,29
942,特来电汽车充电站(瑞金市绵江建材有限公司久龙汇充电站),久龙汇商砼,15079703711,116.0011687,25.85303314,3,5,1,24小时,TRUE,19
943,中国石化汽车充电站(瑞金城南充电站),泽覃乡明星村206国道附近,95105888,116.0306984,25.8595567,4,2,5,24小时,FALSE,46
944,国家电网汽车充电站(江西省赣州市崇义县杰坝乡过埠供电所充电站),杰坝营业厅外公共停车场,[],114.2646431,25.84808418,1,1,3,24小时,FALSE,13
945,车电网汽车充电站(梅水乡星硕五金经营部西北100米停车位),梅水乡547省道,18679764362,114.4635636,25.85023917,3,5,5,24小时,TRUE,19
946,理想汽车超级充电站(理想5C超充站南龙高速南康西服务区龙南方向),龙华镇南康西服务区汽车充电站南康西服务区,4006860400,114.6462434,25.84467216,4,5,3,24小时,FALSE,50
947,星星充电汽车充电站(南康西服务区西区),南康西服务区(南龙高速龙南方向),4008280768,114.6463053,25.844593,4,3,5,24小时,FALSE,29
948,南康西服务区汽车充电站,G45大广高速,[],114.6462364,25.8445531,4,4,3,24小时,FALSE,18
949,虔易充超级充电站(恒科环球超充站·华为超充技术支持),凤岗镇岗边大道辅路,15179095790,114.807585,25.84909956,4,3,3,24小时,FALSE,42
950,南康西服务区电动汽车充电站,G4521南龙高速与南康西服务区交叉口南360米,[],114.6498158,25.84425357,4,1,1,24小时,FALSE,40
951,理想汽车超级充电站(理想5C超充站南龙高速南康西服务区南康方向),龙华镇南康西服务区(南龙高速南康方向),4006860400,114.6494475,25.84445736,4,5,5,24小时,FALSE,24
952,特来电汽车充电站(特来电黄金机场宿舍楼充电站),经济技术开发区黄金机场,4001300001,114.7799705,25.84626222,4,1,5,24小时,FALSE,9
953,星星充电汽车充电站(赣州西服务区南区),赣州西服务区与G76厦蓉高速交叉口西南280米,4008280768,114.8222038,25.85055457,3,3,3,24小时,FALSE,22
954,云快充汽车充电站(德尚充电站重卡小车通用),赣州德尚建材有限公司保税场,[],114.8169712,25.85227986,4,3,3,24小时,TRUE,14
955,特来电充电站(赣州黄金机场T2航站楼停车场),赣州黄金机场T2航站楼停车场,4001300001,114.7823997,25.84678258,4,2,5,24小时,TRUE,43
956,特来电汽车充电站(特来电赣州黄金机场二期充电站),黄金机场T2航站楼停车场,4001300001,114.7814234,25.84726065,4,3,3,24小时,TRUE,6
957,蔚景云汽车充电站(佳和欧陆经典新能源充电站),凤岗镇沁江源客家菜,4006803880,114.7821877,25.84355922,4,4,5,24小时,FALSE,21
958,驴充充汽车充电站(2区),飞翔大道章贡区蟠龙镇小陂头,400-9155-388,114.8333511,25.84978096,3,4,3,24小时,FALSE,7
959,中国石化汽车充电站(沙塘充电站),蟠龙镇经济技术开发区迎宾大道68号,95105888,114.8470866,25.850916,3,5,5,24小时,TRUE,26
960,国家电网汽车充电站(江西省赣州市章贡区金岭西大道停车场公共充电站),蟠龙镇金岭西大道江西荧光磁业有限公司,[],114.8496817,25.84277198,3,2,5,24小时,FALSE,47
961,蔚嘉汽车充电站(香港工业园站),赣州经济技术开发区一期标准厂房金岭科技园11栋楼下,13207978640,114.8543081,25.84495164,3,5,3,24小时,FALSE,15
962,星星充电汽车充电站(南光凤凰居锦绣和园),蟠龙镇飞翔大道与报税大道交叉口南光凤凰居锦绣和园,19970762797,114.8268987,25.84439843,3,5,5,24小时,TRUE,23
963,驴充充汽车充电站(车头蓝翔康居小区),飞翔路3号章贡区车头蓝翔康居小区,0797-966999,114.8379754,25.84510037,3,4,1,24小时,TRUE,21
964,驴充充汽车充电站(蓝翔二期),车头街赣州市蟠龙车头小学北97米,0797-966999,114.8375496,25.84424905,3,5,5,24小时,TRUE,48
965,驴充充汽车充电站(城南大厦),区城南大道城南大厦附近44米,0797-966999,114.9996064,25.85221002,7,1,3,24小时,TRUE,27
966,特来电充电站(赣州市宋城壹号停车场),文明大道8号地面停车场,18079746664,114.9502642,25.84801219,3,3,1,24小时,FALSE,26
967,驴充充汽车充电站(万达汽车充电站),金坪南路万达广场(赣州经开店),18046773277,114.8969475,25.84614199,3,3,3,24小时,FALSE,34
968,小桔充电汽车充电站(万达汽车充电站),黄金岭街道金坪东路万达广场(赣州经开店),[],114.8969335,25.846151,3,4,1,24小时,TRUE,45
969,特来电汽车充电站(七鲤古镇皇冠假日酒店地上停车场),水东镇七里村,15647829022,114.9746387,25.84639903,3,5,5,24小时,TRUE,35
970,小桔充电汽车充电站(极电超充·章贡示范站),东外街道黄屋坪路32号云皇·和谐佳苑,4000610999,114.9392997,25.84752832,3,5,1,24小时,TRUE,48
971,小鹏超级充电站(小鹏S4超快充赣州章贡区第二十二保育院站),广电路章贡区第二十二保育院(入口广电路),4007836688,114.9393436,25.84743018,3,5,3,24小时,FALSE,31
972,理想汽车超级充电站(理想超充站赣州章贡广电路近第二十二保育院),东外街道黄屋坪路32号云皇·和谐佳苑,4006860400,114.9389744,25.84774806,3,2,1,24小时,TRUE,17
973,赣州荣威充电桩,迎宾大道49号荣威交车区,0797-2135959,114.875429,25.84952536,3,4,3,24小时,FALSE,14
974,理想汽车超级充电站(理想5C超充站赣州章贡信租金坪西路),金坪西路,4006860400,114.8771367,25.84514096,3,2,3,24小时,TRUE,36
975,小桔充电汽车充电站(信租金坪西路充电站),黄金岭街道金坪西路,4000610999,114.8773068,25.84509307,3,2,3,24小时,FALSE,45
976,小桔充电汽车充电站(国弘新能源客家大桥充电站),梅林镇杨仙大道七鲤古镇国际旅游度假区,15870716555,114.9992079,25.85090738,7,1,1,24小时,FALSE,22
977,汽车充电站(虔易充沃尔顿西站酒店站),黄金大道与迎宾大道辅路交叉口东180米,[],114.8578111,25.84960381,3,2,1,24小时,TRUE,36
978,新电途汽车充电站(犹江电力经开区广汽埃安体验中心充电站),黄金岭街道迎宾大道22号,4001100835,114.8919532,25.85069637,3,2,1,24小时,FALSE,45
979,中国石化黄金充电站(石化易电),东江源大道与金邮路交叉口,[],114.8983523,25.84514531,3,4,3,24小时,FALSE,35
980,中国石化汽车充电站(黄金充电站),东江源大道与金邮路交汇,95105888,114.8985473,25.84566364,3,1,3,24小时,TRUE,39
981,乐来电汽车充电站(洗刷刷智能共享洗车场红旗村店),高琰路53号,4008973688,114.9143035,25.8521433,3,3,1,24小时,TRUE,25
982,汽车充电站(虔易充·经开区交警大队站),赣州市交警车辆管理所附近,[],114.8911536,25.84289012,3,2,5,24小时,TRUE,48
983,特来电汽车充电站(特来电智捷停车潮泥湾充电站),稼轩路40附近地下停车场A001,[],114.9229362,25.85022972,3,2,1,24小时,TRUE,49
984,小桔充电汽车充电站(章贡区赣坊停车场充电站),赣坊1969文化创意产业园地面停车场,4000610999,114.9232586,25.85165227,3,3,3,24小时,TRUE,11
985,超翔汽车充电站(开发区市场监督管理局汽车华坚路12),"开发区市场监督管理局,华坚路12号",0797-2137777,114.8986132,25.8465372,3,5,3,24小时,FALSE,15
986,驴充充充电科技汽车充电站(老肥停车场快捷充电洗车四台快充),"金岭路11号和谐港湾(金丰路)内,双馨琴行(金邮路店)西南68米",15297746008,114.9003628,25.8457385,3,1,1,24小时,FALSE,23
987,老肥特色猪脚停车场中佳快捷汽车充电站,金星路11号,15297746008,114.9002479,25.84576353,3,5,3,24小时,FALSE,32
988,汽车充电站(速马力黄金苑站),金星路8号,13763990259,114.9009677,25.84528411,3,2,5,24小时,FALSE,36
989,汽车充电站(能效充电桩),华坚南大道13号,13117918087,114.8912623,25.84762921,3,2,3,24小时,TRUE,30
990,小鹏超级充电站(小鹏S4超快充赣州锦江公馆站),黄金岭街道清河路锦江公馆(入口清河路),4007836688,114.9061599,25.8518719,3,2,1,24小时,TRUE,13
991,小桔充电汽车充电站(极电超充·锦江商用站),黄金岭街道清河路锦江公馆,4000610999,114.9062498,25.85176079,3,1,1,24小时,TRUE,12
992,虔易充·南河大桥充电站,南河大桥东侧,[],114.9304575,25.84547471,3,1,3,24小时,FALSE,45
993,小桔充电汽车充电站(国弘新能源文明西段充电站),文明大道92号物资小区停车场(大码头社区),18679783332,114.9280913,25.84923153,3,5,3,24小时,TRUE,43
994,特来电汽车充电站(特来电智捷停车黄屋坪充电站),智捷停车黄屋坪站内立体停车场B02,[],114.9412505,25.84556538,3,1,1,24小时,TRUE,8
995,超翔汽车充电站(章贡区渔湾新苑新能源快充站),章贡区渔湾新苑(稼轩路北),15970827868,114.9248005,25.84971116,3,1,5,24小时,FALSE,33
996,赣电南苑充电站,红旗大道31号,18970828313,114.9369136,25.85131807,3,1,3,24小时,FALSE,35
997,小桔充电汽车充电站(国弘新能源气压新苑充电站),稼轩花园,15870716555,114.932857,25.84675086,3,2,5,24小时,TRUE,49
998,超翔汽车充电站(渔湾新苑小区新能源汽车交流桩),稼轩路20号,15970827868,114.9250402,25.84867418,3,1,5,24小时,FALSE,31
999,能效邻里共享汽车充电站(江西应用职业技术学院章贡校区),江西应用技术职业学院(章贡校区)1号楼和13号楼中间停车场-充电桩附近5个车位都可停车充电,13479929473,114.9404909,25.84992465,3,1,5,24小时,FALSE,44
1000,国家电网汽车充电站(江西省赣州市章贡区赣甸大厦酒店充电站),赣甸大厦停车场,19179791366,114.9384014,25.85208192,3,2,5,24小时,FALSE,11
1001,国家电网汽车充电站(江西省赣州市章贡区赣电南苑公共充电站),东外街道红旗大道31-6号赣州赣甸大厦,[],114.9375472,25.85201841,3,5,5,24小时,TRUE,23
1002,理想汽车超级充电站(理想超充站赣州赣坊1969文化创意产业园),赣坊1969文化创意产业园地面停车场,4006860400,114.9233675,25.85158911,3,1,1,24小时,FALSE,17
1003,小桔充电汽车充电站(章贡区赣坊创意园充电站),红旗大道63号赣坊1969文化创意产业园地面停车场,4000610999,114.9233395,25.85154311,3,2,5,24小时,FALSE,38
1004,驴充充汽车充电站(赣州山水大厦宾馆南门口郁孤台店),红旗大道25号赣州山水大厦宾馆(南门口郁孤台店),15216101619,114.9411992,25.85209772,3,3,1,24小时,FALSE,23
1005,超翔汽车充电站(赣州市温州街地下停车场快充站),东阳山路温州街地下停车场,15970827868,114.9326171,25.85152033,3,1,1,24小时,FALSE,18
1006,玺易充汽车充电站(赣州市章贡区东阳山路9-1号地下停车场),东阳山路与温州街交叉口,15970827868,114.9322078,25.85148095,3,4,5,24小时,FALSE,20
1007,蔚景云汽车充电站(常青小区充电站),东外街道黄屋坪路55号常青小区,4006803880,114.9440829,25.84605712,3,1,1,24小时,TRUE,12
1008,能效充汽车充电站(金岭学校地下停车场),江西理工大学附属金岭学校地下停车场,18679721009,114.9082891,25.84371965,3,4,5,24小时,TRUE,10
1009,快充-慢充-充电站(北斗新能源汽车点),北斗汽车新能源汽车超市,18720749309,114.8814797,25.84538131,3,1,5,24小时,TRUE,21
1010,北斗汽车新能源汽车超市,金坪西路与谷雨路交叉口东北80米,0797-7370600;18720749309,114.8818649,25.84573178,3,2,5,24小时,FALSE,23
1011,中国石化杨梅渡充电站(石化易电),章贡区经济技术开发区迎宾大道与金赣路交汇处,[],114.8879174,25.84913311,3,4,3,24小时,TRUE,11
1012,江投能链汽车充电站(赣州万众嘉车广场充电站),经济开发区金岭西路北侧E栋1层厂房,4008882596,114.8662049,25.84301257,3,1,1,24小时,FALSE,28
1013,润诚达汽车充电站(赣州钱权赣南一附院充电站),金康路,18128826090,114.8854768,25.84436794,3,3,5,24小时,FALSE,12
1014,驴充充汽车充电站(维也纳酒店赣州高铁西站金岭路店),金岭西大道辅路维也纳酒店,0797-966999,114.865505,25.84283461,3,1,1,24小时,TRUE,13
1015,星星邻充充电桩,金坪西路50号,[],114.8611751,25.84674562,3,2,5,24小时,FALSE,27
1016,新电途汽车充电站(灿启超充金康苑站),大坪安居北区2路大坪社区北,4001100835,114.8868024,25.84421046,3,5,3,24小时,FALSE,10
1017,赣州钱权赣南医科大学第一附附属医院充电站,金岭西大道63号,[],114.8849227,25.84324694,3,3,3,24小时,TRUE,12
1018,新电途汽车充电站(鸿蒙智行授权用户中心·赣州金岭西大道充电站),赣州经济技术开发区金岭西路132-1号华宏新能源汽车用户中心,4001100835,114.8802791,25.84310603,3,4,3,24小时,FALSE,22
1019,保时捷汽车充电站(赣州保时捷中心充电站),经济技术开发区精品汽车4S街区金英路,4008205911,114.8801809,25.84527436,3,4,3,24小时,FALSE,46
1020,云快充汽车充电站(新世纪汽服分公司充电站),八一四大道7号114.,[],114.9536289,25.85124256,3,1,1,24小时,TRUE,49
1021,驴充充汽车充电站(文明大道11号停车场对外MD),文明大道9-5金钻广场小区,13970122181,114.9494991,25.84975903,3,1,5,24小时,TRUE,11
1022,驴充充汽车充电站(华谊城汽车充电桩),东外街道张家围路4号华谊城广场,13970122181,114.9467161,25.85041649,3,5,3,24小时,FALSE,41
1023,驴充充汽车充电站(宋城壹号产业园区),文明大道8号宋城一号B16室飞扬羽毛球馆,13970122181,114.9480231,25.84696745,3,4,5,24小时,TRUE,44
1024,汽车充电站(虔易充环保苑停车场站),张家围路10-2号,[],114.9458963,25.84845394,3,3,3,24小时,TRUE,48
1025,云快充汽车充电站(国誉新能源充电站利村乡),利村乡便民服务中心停车场,4008288517,115.3993565,25.84294366,5,2,5,24小时,FALSE,36
1026,国家电网汽车充电站(江西省赣州市于都县利村乡利村供电所公共充电站),利村乡利村供电所公共充电站,0797-6201010,115.3930504,25.84528842,5,4,1,24小时,FALSE,7
1027,星星充电汽车充电站(星星充电-利村乡渭田村充电站),利村乡渭田村岽上组,15070758151,115.4095542,25.8480563,5,3,1,24小时,FALSE,5
1028,66益星充电汽车充电站(盛拓新能源),黄麟乡,4008889498,115.6663489,25.84883346,5,5,5,24小时,TRUE,47
1029,会昌服务区电动汽车充电站(南区),323国道17号,[],115.8396581,25.85168653,2,4,3,24小时,TRUE,35
1030,星星充电汽车充电站(会昌服务区南区),西江镇会昌服务区(厦蓉高速厦门方向),4008280768,115.8396581,25.85170054,7,2,3,24小时,TRUE,5
1031,会昌服务区东行,中国石化江西赣州会昌西江高速南加油站西南侧220米,[],115.8394376,25.85163611,3,5,5,24小时,FALSE,36
1032,国家电网汽车充电站(江西省赣州市瑞金市泽覃乡泽覃供电所公共充电站),泽覃乡泽覃大道泽覃供电所,0797-2337222,116.0190091,25.84437111,2,4,1,24小时,FALSE,20
1033,国家电网汽车充电站(江西省赣州市瑞金市云石山乡云石山供电所城市公共充电站),云石山乡国家电网(瑞金云石山供电营业厅),0797-2566222,115.8909116,25.84968538,5,1,3,24小时,TRUE,40
1034,云九新能源快充充电桩,云梅段,[],115.8940189,25.84597761,7,4,5,24小时,TRUE,10
1035,小桔充电汽车充电站(极电超充·经开区示范站),黄金岭街道金蝉路47栋金星中心村地面停车场,4000610999,114.8971421,25.83673193,3,4,3,24小时,FALSE,10
1036,蔚来换电站(赣州金星新村),金水路11号,[],114.8971561,25.83663887,3,4,3,24小时,FALSE,12
1037,蔚来能源超级充电站(赣州金星新村),金蝉路,[],114.8971591,25.83663786,3,1,3,24小时,TRUE,30
1038,特来电汽车充电站(特来电赣州经开区杨边安居小区停车场汽车充电桩),蟠龙路与栖凤山路交叉口东南100米,4001300001,114.8443126,25.83812403,3,1,3,24小时,TRUE,10
1039,国家电网汽车充电站(江西省赣州市章贡区长征大道5号停车场充电站),长征大道5号停车场,19179791366,114.9308563,25.83710372,3,5,5,24小时,FALSE,37
1040,汽车充电站(速停车·大圣赣州招商花园城格兰云天大酒店),地下车库负2层,[],114.9305378,25.8388183,3,2,5,24小时,FALSE,26
1041,特来电汽车充电站(特来电赣州市章贡区国家高层次人才科创园1号楼地面停车场充电站),武当山路和如日山路交叉口,4001300001,114.9854971,25.83832584,3,1,3,24小时,TRUE,34
1042,能效邻里共享汽车充电站(圣地亚哥小区充电站),圣地亚哥小区负二层A155车位,13397076565,114.8771171,25.83977148,3,5,3,24小时,FALSE,50
1043,新电途汽车充电站(大坪金舟苑便民快充站),大坪金舟苑(客家大道南),4001100835,114.8809598,25.8395442,3,3,5,24小时,FALSE,12
1044,云快充汽车充电站(军辰裕华南苑充电站),沙河镇玉岩路,[],114.9841779,25.83496864,3,2,1,24小时,TRUE,26
1045,国家电网汽车充电站(江西省赣州市开发区华坚南大道9号充电站),开发区金赣路,19179791366,114.8905348,25.83796478,3,3,3,24小时,FALSE,49
1046,蔚景云汽车充电站(悦充美大坪康居苑充电站),黄金岭街道藏奥堂大坪康居苑,4006803880,114.8869126,25.84153077,3,1,1,24小时,TRUE,36
1047,星星充电汽车充电站(赣州宝泽宝马充电场站),赣州市经济技术开发区金潭大道16号,18607970335,114.8776775,25.83904346,3,4,1,24小时,TRUE,21
1048,速马力-人才产业园充电站,武当山路1号,[],114.9856197,25.83785117,3,2,5,24小时,TRUE,12
1049,超翔汽车充电站(开发区疾控中心),开发区疾控,0797-2137777,114.8899838,25.83689193,3,2,3,24小时,FALSE,17
1050,汽车充电站(新能源汽车充电桩),通天岩路18-10号,[],114.9576215,25.83842363,3,3,5,24小时,TRUE,31
1051,云快充汽车充电站(龙都嘉苑A区充电站),龙都嘉苑A区地库12栋下,4008288517,114.9607382,25.84071626,3,5,1,24小时,TRUE,33
1052,新电途汽车充电站(AITO授权用户中心·赣州金潭大道充电站),黄金岭街道金潭南大道南侧4S长安新能源智电iDD(赣州和运昌店),15279717679,114.8834411,25.84137692,3,5,3,24小时,TRUE,36
1053,蔚景云汽车充电站(江西超充·市民健身中心站慢充),市民健身中心内,4006803880,114.9240464,25.83873799,3,5,1,24小时,TRUE,40
1054,虔易充·南电安康居汽车充电站,客家大道13-1号,[],114.9258366,25.83910099,3,5,3,24小时,FALSE,37
1055,昆仑网电汽车充电站(中石油章贡区五龙客家风情园停车场充电站),章贡区新赣州大道与沙河大道交汇处五龙客家风情园停车场,95700,114.9661819,25.83530546,3,5,1,24小时,TRUE,13
1056,国家电网汽车充电站(江西省赣州市章贡区京九路205号停车场充电站),京九路205号停车场,19179791366,114.9571791,25.83466331,3,4,1,24小时,FALSE,37
1057,虔易充·赞贤公园充电站,黄金时代A区西北2门旁,[],114.9255054,25.83617353,3,4,3,24小时,TRUE,22
1058,超翔汽车充电站(黄金·金桐汽车充电桩),金桐小区,13979707780,114.9069507,25.83366581,3,3,3,24小时,FALSE,33
1059,黄金金桐小区(智储充新能源汽车充电站),上犹路4号楼,15297809657,114.9073195,25.83295019,3,2,1,24小时,FALSE,43
1060,特来电汽车充电站(特来电智捷停车体育中心游泳馆充电站),章贡区体育中心游泳馆右侧50米立体停车场079,[],114.9328976,25.83582675,3,5,5,24小时,FALSE,49
1061,过路加2023汽车充电站(赣州恒大名都汽车充电桩12栋一单元地库充电桩A和B),京九路161号(章江大桥东桥头)赣州恒大名都,07906209123,114.9543771,25.83352736,3,3,5,24小时,TRUE,17
1062,特来电汽车充电站(特来电赣州市八零一停车场充电站),制衣厂地面停车场,18046873625,114.955339,25.83908963,3,5,1,24小时,FALSE,48
1063,赣州易电桩充电站(市民中心停车场站),章江游泳馆地面停车场,[],114.9196157,25.83553584,3,2,3,24小时,TRUE,37
1064,特来电汽车充电站(特来电智捷停车市民中心充电站),章江游泳馆北地面停车场,4001300001,114.9205733,25.83711686,3,3,5,24小时,TRUE,27
1065,特来电充电站(智捷停车市民中心),智捷地面停车场(市民中心站),[],114.9205583,25.83712789,3,4,5,24小时,FALSE,48
1066,蔚景云汽车充电站(江西超充?全民健身中心站),章江街道010乡道市民健身中心,4006803880,114.9226136,25.83650924,3,5,5,24小时,FALSE,32
1067,中国石化汽车充电站(滨江充电站),八一四大道74号,95105888,114.9508617,25.832733,3,5,1,24小时,TRUE,6
1068,汽车充电站(赣州汽车南站充电桩),客家大道221号,[],114.8984059,25.83720219,3,2,3,24小时,TRUE,47
1069,中国铁塔汽车充电站(江西赣州章贡区永安居充电站),客家大道184号,10096,114.8987737,25.83872114,3,2,1,24小时,FALSE,15
1070,蔚来换电站(赣州金星新村站),金叶路与金蝉路交叉口东北20米,[],114.8947473,25.83649765,3,3,3,24小时,TRUE,8
1071,中国石化汽车充电站(居然之家金湾广场充电站),黄金岭街道金叶路居然之家金湾广场,95105888,114.8972813,25.83386208,3,3,5,24小时,TRUE,39
1072,中镉超充汽车充电站(赣州明鼎站),曼妮芬路,[],114.8491961,25.83866955,3,3,1,24小时,FALSE,11
1073,快来充汽车充电站(文清国际信租),赣州市经济开发区文清国际学校,[],114.8539021,25.8351397,3,5,5,24小时,TRUE,46
1074,星星充电汽车充电站(星星充电-德鹏哪吒充电站),东江源大道238号-1,18107075002,114.8987365,25.84216637,3,4,5,24小时,TRUE,37
1075,驴充充汽车充电站(百好建材),金岭西大道辅路华龙钢构西北91米,0797-966999,114.8470712,25.84224335,3,3,5,24小时,TRUE,29
1076,乐来电汽车充电站(溪水汽车慢充),溪水五期汽车充电站(溪水汽车慢充),4008973688,114.8594511,25.84080643,3,4,3,24小时,FALSE,40
1077,特来电汽车充电站(特来电赣州经开区金岭西大道停车场充电站),章贡区经开区章贡王路66号地面停车场,4001300001,114.8601971,25.84205426,3,1,1,24小时,FALSE,17
1078,云快充汽车充电站(和谐公租房店),蟠龙路和谐公租房(6栋前),4008288517,114.8575424,25.84001923,3,4,5,24小时,TRUE,45
1079,云快充汽车充电站(创业公租房店),章贡区创业公租房(15栋前),4008288517,114.8579559,25.84167289,3,3,5,24小时,TRUE,17
1080,中国石化汽车充电站(金岭充电站),金岭西路87-3号,95105888,114.8560921,25.84198739,3,4,3,24小时,TRUE,48
1081,特来电汽车充电站(特来电赣州市明品福冷链物流园停车场充电站),章贡区经济技术开发区沙河工业园地面停车场,4001300001,114.9983293,25.83326667,3,2,1,24小时,TRUE,37
1082,星星充电汽车充电站(已合并下线赣州水务集团充电站),长征大道22号,4008280768,114.9449314,25.83815929,3,4,1,24小时,TRUE,32
1083,星星充电汽车充电站(星星充电-赣州水务集团充电站),沙石镇和谐大道沙石路口第三水厂,4008280768,114.9449314,25.83815929,3,5,3,24小时,FALSE,13
1084,小桔充电汽车充电站(国弘新能源全季酒店充电站),东外街道章江北大道22-1号滨江西苑,15870716555,114.9446221,25.838273,3,5,1,24小时,FALSE,5
1085,星星充电汽车充电站(星星充电-市政公用集团充电站),窑下村8号水务集团,4008280768,114.9449314,25.83815929,3,4,3,24小时,TRUE,7
1086,驴充充汽车充电站(蟠龙镇人民政府惠民快充站),赣丰路附近蟠龙镇人民政府,966999,114.8680727,25.83429913,3,3,1,24小时,TRUE,45
1087,汽车充电站(中石油赣州飞翔路加油),赣州机场走廊经济带飞翔路,95700,114.8223398,25.84049432,4,3,5,24小时,FALSE,41
1088,汽车充电站(于都利村客家新能源重卡充电站),[],15279705666,115.3944768,25.83723502,5,3,5,24小时,TRUE,50
1089,驴充充汽车充电站(赣州兰花小镇假日酒店),禾丰镇金盆村赣州兰花小镇假日酒店,0797-966999,115.4595725,25.83465091,5,5,3,24小时,TRUE,16
1090,中国铁塔汽车充电站(江西赣州会昌和君小镇充电站),白鹅乡和君小镇,10096,115.6008146,25.84237523,2,5,5,24小时,TRUE,31
1091,驴充充汽车充电站(会昌县白鹅乡梓坑村村民委员会),白鹅乡S217会昌县白鹅乡梓坑村村民委员会,0797-966999,115.5972387,25.84247623,7,1,5,24小时,FALSE,19
1092,速电充汽车充电站(速电物联月亮湾酒店充电站),会昌月亮湾国际酒店,15970063104,115.786781,25.83390307,6,3,1,24小时,FALSE,23
1093,旭电通汽车充电站(西江镇政府门口站),西江大道西江镇政府门口,4006886708,115.785242,25.83403704,8,5,1,24小时,TRUE,12
1094,驴充充汽车充电站(赣州银行会昌西江支行),站前大道2号赣州银行(会昌西江支行),0797-966999,115.7837592,25.83428122,6,4,5,24小时,TRUE,46
1095,车电网汽车充电站(陡水碧水湾停车场),陡水镇385县道,18679764362,114.4263032,25.82276069,4,1,5,24小时,FALSE,29
1096,百胜泊充汽车充电站(龙华粤客隆超市后面),龙华粤客隆超市后面,13767750975,114.6874747,25.82674205,4,4,1,24小时,FALSE,39
1097,绿能超充站,绿地铂玥附近,[],114.8161234,25.82430728,4,3,5,24小时,TRUE,38
1098,虔易充超级充电站(赣州西站超充站·华为超充技术支持),凤岗镇四海路赣州西站,15179095790,114.8148409,25.82343934,4,5,3,24小时,FALSE,36
1099,小桔充电汽车充电站(南康区龙华圩镇充电站),龙华镇357国道,4000610999,114.6875733,25.83084749,4,3,1,24小时,TRUE,25
1100,驴充充汽车充电站(欣怡家庭酒店),龙华镇商业中心68号欣怡家庭酒店,15579793003,114.6911129,25.82880509,4,1,5,24小时,TRUE,15
1101,国家电网汽车充电站(江西省赣州市南康区龙华镇丹材村车站边充电站),龙华镇丹材村车站边,0797-6577069,114.6859563,25.83096842,4,5,5,24小时,TRUE,45
1102,小桔充电汽车充电站(龙华农贸市场充电站),龙华镇985乡道,4000610999,114.6913266,25.82743486,4,2,1,24小时,TRUE,48
1103,特来电充电站(赣州市第六中学停车场充电站),第六中学,4001300001,114.8514635,25.83038587,3,1,3,24小时,TRUE,39
1104,驴充充汽车充电站(下排康居小区),黄金南大道下排康居社区,18879710186,114.8570947,25.82638686,3,4,5,24小时,TRUE,48
1105,凤岗镇大塘村信租(快来充)充电站,赣州市经济开发区凤岗镇大塘村,19136784931,114.7931344,25.828448,4,1,1,24小时,FALSE,50
1106,汽车充电站(虔易充凤岗中学站),飞翔大道925乡,[],114.7993209,25.83108863,4,1,3,24小时,TRUE,9
1107,驴充充汽车充电站(赣州第十六中学MD),山孜下50号赣州第一中学(西城校区),13970122181,114.7987448,25.83195223,4,2,1,24小时,FALSE,40
1108,超翔汽车充电站(黄金·福临汽车充电桩),黄金福临小区地下室(智储充汽车充电站),13979707780,114.9061994,25.82913824,3,5,1,24小时,TRUE,21
1109,汽车充电站(叙能五洲大道站),五洲大道停车场,19979720618;4006717555,114.9530422,25.8274166,3,4,3,24小时,FALSE,45
1110,小桔充电汽车充电站(虔易充·城央超充站),兴国路41号,13097076946;15179095790,114.9210852,25.8292773,3,4,3,24小时,FALSE,6
1111,云快充目的地充电站(瑞平A区),章江街道会昌路15号,4008288517,114.9376388,25.82569932,3,1,3,24小时,TRUE,46
1112,驴充充汽车充电站(未来已来汽车充电站),未来已来综合物流中心地面停车场,19070733201,114.988388,25.82367977,3,5,5,24小时,TRUE,42
1113,国家电网汽车充电站(江西省赣州市章贡区沙河镇城东供电所充电站),沙河镇站东大道10号江西科维协同创新药物有限公司,19179791366,114.9694719,25.82779166,3,1,1,24小时,FALSE,37
1114,润诚达充电站(中环广场),水南路与赣康路交叉口东100米,[],114.9076658,25.82541623,3,3,1,24小时,FALSE,43
1115,小桔充电汽车充电站(极电超充·福瑞小区站),黄金岭街道信丰路福瑞小区信丰路地下停车场左转,4000610999,114.9086149,25.82947034,3,3,1,24小时,FALSE,29
1116,特来电充电站(兴国路城市家园停车场),龙南路农贸市场对面地面停车场,4001300001,114.9141774,25.82648388,3,1,3,24小时,FALSE,15
1117,虔易充·B15生态公园汽车充电站,登峰大道f44号,[],114.9140235,25.82750265,3,2,5,24小时,TRUE,30
1118,小桔充电汽车充电站(极电超充·全季地上旗舰站),黄金岭街道全季酒店(赣州万象城店),4000610999,114.9136266,25.83130837,3,3,5,24小时,TRUE,24
1119,小鹏超级充电站(小鹏S4超快充赣州信丰路站),黄金岭街道黄金金翔小区停车场(入口信丰路),4007836688,114.9134707,25.83130448,3,3,5,24小时,TRUE,40
1120,极氪能源超级充电站(赣州全季酒店万象城店极充站),信丰路33号全季酒店(赣州万象城店)地面停车位,4000036036,114.9139453,25.83102895,3,2,5,24小时,TRUE,7
1121,虔易充·京九路园林环卫汽车充电站,京九路34-10号,[],114.9574516,25.83096327,3,5,1,24小时,FALSE,39
1122,汽车充电站(虔易充章江宾馆站),章江宾馆西门进来右转地面停车场,[],114.9163143,25.82489113,3,1,5,24小时,FALSE,18
1123,捷顺充汽车充电站(赣州数字企业科技中心),沙河镇工业大道新意思(江西)实业有限公司,19079825862,114.9697811,25.82490896,3,3,5,24小时,TRUE,31
1124,理想汽车超级充电站(理想超充站赣州全季酒店万象城店),黄金岭街道民生路全季酒店(赣州万象城店),4006860400,114.9139503,25.83153728,3,5,5,24小时,TRUE,15
1125,小桔充电汽车充电站(极电超充·全季地下站),全季酒店(赣州万象城店)地下一层,4000610999,114.9139453,25.83102895,3,2,1,24小时,FALSE,17
1126,银盛智慧停车汽车充电站(赣州妇保院汽车充电桩),赣州市妇幼保健院新院赣康路院区地下停车场,400-9155-885,114.9060759,25.82419814,3,2,1,24小时,TRUE,40
1127,驴充充汽车充电站(对外开放丽景江山3栋地下室车库),赞贤路88号丽景江山-3栋,17679031858,114.9000891,25.82849646,3,5,3,24小时,TRUE,23
1128,捷顺充汽车充电站(赣停充万盛商业超充站),章江街道会昌路赣州市樱花公园健康主题公园,19079825862,114.9371994,25.8307283,3,1,5,24小时,FALSE,11
1129,汽车充电站(虔易充汇德馨苑C区地下站),寻乌路53号,[],114.9438428,25.82662613,3,5,1,24小时,FALSE,26
1130,虔易充·汇德馨苑慢充站,瑞金路27号,[],114.943763,25.82713462,3,2,3,24小时,TRUE,11
1131,云快充汽车充电站(赣州康博诺七星酒店充电站),赣州康博诺七星酒店,[],114.9430879,25.82295231,3,5,3,24小时,TRUE,17
1132,特来电汽车充电站(赣州市经开区企业综合服务中心),金兰路赣州市开发区管委会院内地面停车场,[],114.8939436,25.83275516,3,4,3,24小时,FALSE,26
1133,速马力电动汽车充电站(粮食城站),大余路速马力旗舰店,15975548838;15989258618,114.9007727,25.83192355,3,3,5,24小时,TRUE,41
1134,小桔充电汽车充电站(凤岗镇大塘信租充电站),赣州市经济开发区凤岗镇大塘村,4000610999,114.7930903,25.82845894,4,3,5,24小时,FALSE,32
1135,赣州深燃新能源汽车充电站,沙河镇明义路18号,[],114.9609422,25.83188507,3,1,1,24小时,FALSE,20
1136,驴充充汽车充电站(鎏金花园3栋),沙河工业园如日山路鎏金花园,0797-966999,114.9780383,25.83107433,3,4,1,24小时,FALSE,28
1137,汽车充电站(赣通停e充·火车站快充站),五洲大道37号,[],114.958521,25.82362394,3,3,1,24小时,FALSE,34
1138,驴充充汽车充电站(赣源小区外围市场),画眉坳路赣源小区,0797-966999,114.9472667,25.82349703,3,3,3,24小时,FALSE,36
1139,驴充充汽车充电站(赣源小区地下车库),"寻乌路赣源小区内,雅迪附近36米",0797-966999,114.9468517,25.82300861,3,1,5,24小时,TRUE,46
1140,驴充充汽车充电站(赣源小区内雅迪附近36米),"寻乌路赣源小区内,雅迪附近36米",0797-966999,114.9468517,25.82300861,3,1,5,24小时,FALSE,13
1141,小桔充电汽车充电站(国弘新能源江南明珠充电站),江南明珠,15870716555,114.9271081,25.83183566,3,2,5,24小时,FALSE,45
1142,汽车充电站(章贡区春宇智充电站),沙河镇沙河大道14号,[],114.9663989,25.82494126,3,1,1,24小时,TRUE,37
1143,春宇智充汽车充电站(辰兴科技沙河大道充电站),沙河镇工业大道沙河临时农贸市场,4009988722,114.9668206,25.82506319,3,1,5,24小时,FALSE,42
1144,特来电汽车充电站(特来电璞尔曼国际酒店停车场充电站),长征大道19号地面停车场,18370805100,114.9312081,25.83070809,3,1,1,24小时,FALSE,39
1145,中国铁塔汽车充电站(江西赣州章贡区璞尔曼酒店充电站),长征大道19号璞尔曼酒店地面停车场,10096,114.9311442,25.83093834,3,4,5,24小时,TRUE,28
1146,特来电汽车充电站(特来电赣州市兴国路城市博物馆停车场充电站),兴国路博物馆红线控制地带东南角地面停车场,4001300001,114.930134,25.8313361,3,2,3,24小时,FALSE,13
1147,特来电充电站(赣州市中央苏区博物馆充电站),兴国路15号地面停车场,[],114.9297836,25.8313236,3,5,3,24小时,TRUE,30
1148,小鹏目的地充电站(小鹏目充赣州华泓智乐广场站),章江街道长征大道17-8号华泓·智乐广场地面停车场(兴国路入口),4007836688,114.9321793,25.83142606,3,5,3,24小时,TRUE,47
1149,小鹏汽车充电站(小鹏超充赣州华泓智乐广场站),章江街道长征大道17-8号华泓·智乐广场,4007836688,114.9321793,25.83142606,3,5,1,24小时,TRUE,37
1150,驴充充汽车充电站(若尔盖蓝海湾酒店),水南街道兴国路赣州市,966999,114.9292745,25.83228195,3,4,1,24小时,TRUE,16
1151,特来电目的地充电站(特来电赣州市中央苏区博物馆充电站),兴国路15号,4001300001,114.9297836,25.8313226,3,5,5,24小时,TRUE,35
1152,旺速云汽车充电站(盛世江南万盛街桩),章江街道兴国路9号万盛购物中心(兴国路店)底商F1,18107078930,114.9336166,25.83049019,3,1,3,24小时,TRUE,36
1153,昆仑网电汽车充电站(中石油章江新区赣玛酒店停车场充电站),章江新区新赣州大道与长冈路交汇处赣玛酒店停车场,95700,114.92628,25.82318025,3,1,1,24小时,FALSE,28
1154,特来电目的地充电站(恒瑞第五大道地下停车场充电站),恒瑞第五大道地下停车场,13907977612,114.9262351,25.82342046,3,1,1,24小时,TRUE,38
1155,达克云汽车充电站(叙能五洲大道慢充站),五洲大道停车场,4006717555,114.953121,25.82748346,3,4,3,24小时,FALSE,34
1156,新电途汽车充电站(犹江电力友尼宝国际酒店(赣州站店)室内停车场充电站),沙河镇五洲大道127号丽江公馆,4001100835,114.9563272,25.82438084,3,1,1,24小时,FALSE,11
1157,玺易充汽车充电站(凤岗之星小区12栋地下停车位),经济技术开发区迎龙路西侧凤岗之星小区,15970827868,114.7988353,25.82621972,4,5,5,24小时,FALSE,21
1158,国家电网汽车充电站(江西省赣州市会昌县白鹅乡白鹅供电所电动汽车充电站),白鹅乡会昌宏大住宿,19979717637,115.6031654,25.82417068,3,4,5,24小时,FALSE,28
1159,旭电通汽车充电站(会昌北广场东小区快充站),西江大道145号,4006886708,115.7824471,25.82993474,2,5,5,24小时,FALSE,29
1160,蔚景云汽车充电站(西江工业园快充站),西江镇G76厦蓉高速,4006803880,115.8037219,25.82626098,7,3,1,24小时,FALSE,36
1161,国家电网汽车充电站(江西省赣州市会昌县西江北火车站停车场充电站),会昌北站停车场,19179791366,115.7821666,25.83061982,1,5,3,24小时,TRUE,33
1162,特来电汽车充电站(上犹县陡水碧水湾停车场充电站),阳明湖碧水湾游客服务中心,18679764362,114.4257813,25.82179141,4,1,1,24小时,FALSE,18
1163,超翔汽车充电站(陡水镇碧水湾停车场),陡水镇碧水湾停车场,18679764362,114.4258825,25.8220507,3,2,1,24小时,FALSE,43
1164,国家电网汽车充电站(江西省赣州市上犹县陡水镇陡水卫生院城市公共充电站),陡水镇红星村卫生院旁充电桩,15807973888,114.4179249,25.81496442,2,2,5,24小时,FALSE,26
1165,车电网汽车充电站(陡水镇卫生院停车位),陡水镇妇幼保健计划生育服务站,18679764362,114.4178247,25.81499835,2,4,5,24小时,FALSE,35
1166,小桔充电汽车充电站(龙华加油站充电站),华安石油龙华加油站墙外地面停车场,4000610999,114.6924431,25.81964704,4,5,1,24小时,TRUE,46
1167,蔚景云汽车充电站(中网智联赣州龙华镇双江村超充电站),龙华镇小桔充电汽车充电站(龙华加油站充电站)盛千能源集团龙华加油站,4006803880,114.692499,25.81971599,4,1,3,24小时,TRUE,7
1168,全球易电龙华换电站,G4521南龙高速,[],114.6448239,25.81622145,4,5,1,24小时,TRUE,13
1169,小桔充电汽车充电站(沃尔泰唐江道班服务区充电站),沃尔泰充电站(沃尔泰道班站),4000610999,114.7311323,25.81603794,4,5,5,24小时,TRUE,41
1170,小桔充电汽车充电站(新兴汽修厂充电站),唐江镇飞翔路,4000610999,114.7441134,25.81350955,4,1,1,24小时,TRUE,21
1171,国家电网汽车充电站(江西省赣州市南康区唐江镇章石村唐江人民法院门口充电站),唐江镇章石村唐江人民法院门口,0797-6661343,114.7416437,25.81293843,4,5,1,24小时,FALSE,43
1172,蔚景云汽车充电站(中网智联赣州唐江新兴汽修厂超充电站),唐江镇飞翔路溪谷沐足(唐江店),4006803880,114.7436434,25.81318037,4,1,5,24小时,FALSE,10
1173,蔚景云汽车充电站(悦充美唐江镇平田竹山唐城酒店对面充电站),唐江镇赣州唐城酒店(机场高铁店),4006803880,114.7560056,25.81428615,4,4,1,24小时,FALSE,35
1174,云快充汽车充电站(德电行唐江镇唐城酒店),飞翔路与926乡道交叉口西160米,[],114.7561166,25.8143082,4,2,1,24小时,FALSE,43
1175,蔚嘉汽车充电站(王业远充电站),高峰村麦屋王业远家,13207978640,114.6398764,25.81694618,4,5,1,24小时,TRUE,44
1176,小桔充电汽车充电站(国弘新能源高铁西站充电站),赣州市第二十一中学,15870716555,114.8115299,25.81662092,4,5,5,24小时,FALSE,15
1177,驴充充汽车充电站(赣州经济技术开发区凤岗镇凤岗社区居民委员会),凤岗镇凤岗社区居民委员会,400-9155-388,114.8021839,25.81929198,4,3,5,24小时,FALSE,43
1178,国家电网汽车充电站(江西省赣州市南康区凤岗镇供电服务站城市公用充电站),凤岗镇凤岗居委会,19179791366,114.8021819,25.819329,4,1,5,24小时,TRUE,29
1179,小桔充电汽车充电站(赣州高铁西站充电站),高铁西站绿地国际博览城平安大道8号,4000610999,114.8196216,25.82150806,4,2,3,24小时,TRUE,6
1180,星星充电汽车充电站(安盛电力有限公司南康分公司站),唐瑞路200号,13576607059,114.7335263,25.8129078,4,5,1,24小时,FALSE,14
1181,蔚享天成汽车充电站(新红充电桩),三江乡派出所附近三江电器店,18679786666,114.7989464,25.81369899,4,1,5,24小时,TRUE,35
1182,国家电网汽车充电站(江西省赣州市蓉江新区温馨家园和园公共停车场充电站),潭口镇代卫村村委会江西双胞胎集团有限公司,19079951620,114.8872492,25.81921467,3,5,5,24小时,TRUE,39
1183,小桔充电汽车充电站(沃尔泰温馨家园A1-4充电站),蟠龙镇温馨家园·和园地下停车场C176,4000610999,114.8879375,25.81860156,3,1,5,24小时,TRUE,35
1184,能效邻里共享汽车充电站(保利联发康桥4栋负一层领里共享桩),兴国路橙乡大道保利联发·康桥4栋负一层大堂出口旁A24,15970013535,114.904743,25.81816882,3,2,5,24小时,TRUE,48
1185,小桔充电汽车充电站(沃尔泰滨江公园P4停车场充电站),蓉江新区滨江公园P4地面停车场B4-003,4000610999,114.8957556,25.81662009,3,4,5,24小时,FALSE,28
1186,小桔充电汽车充电站(沃尔泰滨江公园P3停车场充电站),蟠龙镇滨江东大道蓉江新区滨江公园(西北角),4000610999,114.8979695,25.8154864,3,5,1,24小时,FALSE,19
1187,特来电动车充电站(赣州市城市中央公园停车场),登峰大道赣州市城市中央公园地面停车场内,4001300001,114.9198396,25.81827763,3,4,3,24小时,FALSE,42
1188,电动汽车充电站(赣州万象城地下站新国标),万象城地下停车场,[],114.9199195,25.81843565,3,5,5,24小时,TRUE,32
1189,汽车充电站(云快充汽车慢充电站君尚中心),君尚中心地下负一层B137-142车位,19979720618;4008288517,114.9284877,25.81892357,3,3,1,24小时,FALSE,19
1190,小桔充电汽车充电站(沃尔泰温馨家园A1-5充电站),新时代大道与春风路交叉口北140米地下停车场B358,4000610999,114.8899432,25.81660401,3,3,1,24小时,FALSE,21
1191,过路加2023汽车充电站(赣州恒大帝景珑珺苑人防区汽车充电桩2),东江源大道与兴国路交叉口北200米恒大帝景珑珺苑,07906209123,114.9051387,25.82001585,3,1,1,24小时,TRUE,41
1192,中国石化汽车充电站(南桥充电站),黄金岭街道中国石化黄金南桥加油站,95105888,114.9031785,25.82182361,3,1,5,24小时,TRUE,29
1193,捷顺充汽车充电站(赣停充赣州市沙河),沙石镇知荣路,19079825862,114.9624796,25.81700965,3,2,5,24小时,FALSE,31
1194,达克云汽车充电站(赣停充赣州沙河超级充电站),沙石镇323国道飞天电商园,4006717555,114.962684,25.81688304,3,1,3,24小时,TRUE,32
1195,特来电汽车充电站(特来电赣州市章贡区软件产业园光储充电站),323国道赣州飞天电商园地面停车场,4001300001,114.9629762,25.81636595,3,5,5,24小时,FALSE,21
1196,云快充目的地充电站(瑞翔小区新能源充电站),红都大道6号,4008288517,114.9397508,25.818628,3,4,5,24小时,FALSE,44
1197,驴充充汽车充电站(赣州华宝数字科技有限公司),江环路赣州华宝数字科技有限公司,966999,114.9707633,25.82069856,3,4,3,24小时,TRUE,31
1198,星星充电汽车充电站(星星充电-德征物流充电站),青峰大道与江环路交叉口德征物流园,13517073148,114.9687012,25.817073,3,5,5,24小时,FALSE,16
1199,小桔充电汽车充电站(沃尔泰滨江公园P5停车场充电站),滨江公园P5地面停车场,4000610999,114.8925054,25.81979367,3,5,3,24小时,FALSE,21
1200,德征物流汽车充电站(江西德征新能源),沙河工业园G323(青峰大道)德征物流园,13517073148,114.9703796,25.81876341,3,5,3,24小时,FALSE,50
1201,驴充充汽车充电站(驴充充园区直流充电站),赣州交通控股集团东260米,966999,114.9792186,25.8132816,3,2,3,24小时,TRUE,19
1202,驴充充汽车充电站(馨悦公寓共享充电站),杨仙岭路沙河镇中心小学南侧约70米汇发百货超市,13184548768,114.9835152,25.821427,3,2,3,24小时,TRUE,18
1203,汽车充电站(虔易充赣州市文化馆停车场站),章江路33号,[],114.9108822,25.81407731,3,4,5,24小时,FALSE,40
1204,润诚达充电站(赣州市综合文化艺术中心充电站),油山路与九曲河路交叉口西南120米,[],114.9107253,25.81410943,3,1,5,24小时,TRUE,29
1205,汽车充电站(虔易充充电站),水南路16号赣通停·E11临时停车场,[],114.8969902,25.82173136,3,1,5,24小时,TRUE,14
1206,小桔充电汽车充电站(沃尔泰温馨家园A1-7充电站),蟠龙镇新时代大道辅路温馨家园·祥园地下停车场135,4000610999,114.8911955,25.81532956,3,5,3,24小时,FALSE,10
1207,小桔充电汽车充电站(国弘新能源站前广场充电站),沙河镇赣江源大道富升大厦,15870716555,114.9569267,25.82228004,3,3,1,24小时,TRUE,28
1208,星星充电汽车充电站(康源滨江国际充电站),东江源大道与章江路交叉路口,18970753376,114.9083311,25.81443997,3,5,1,24小时,TRUE,29
1209,汽车充电站(九铭广场新能源充电区),九曲河路21号九铭广场负1层停车场,[],114.9114846,25.81553885,3,5,3,24小时,FALSE,50
1210,小桔充电汽车充电站(叙能赣州君尚中心充电站),水南街道蓉江路水游城X公域君尚购物中心地下负一层,4000610999,114.9284767,25.81904266,3,1,5,24小时,TRUE,45
1211,汽车充电站(叙能·君尚中心站),负一层下有指示牌周边众多美食便利店等属于万象城商圈厕所在四楼物业服务中心试营业800-2000停车免费,19979720618,114.930591,25.82063862,3,4,3,24小时,TRUE,17
1212,理想汽车超级充电站(理想超充站赣州中创国际城),章江街道赣江源大道35号中创国际4号楼停车场,4006860400,114.9314313,25.82250854,3,5,5,24小时,FALSE,17
1213,小桔充电汽车充电站(中创国际城超充站),赣江源大道35号地面停车场,4000610999,114.9314043,25.82252859,3,5,1,24小时,TRUE,44
1214,叙能超充站(中创国际城站),赣江源大道35号中创国际4号楼停车场,13907977520,114.9314283,25.82250854,3,1,1,24小时,FALSE,20
1215,星星充电汽车充电站(星星充电-赣州国投中创国际城液冷超充站),水南街道长征大道中创国际停车场,18046663492,114.9319005,25.82176535,3,1,5,24小时,TRUE,10
1216,云快充目的地充电站(赣州海关充电站),赣州海关家属院内,4008288517,114.9334276,25.82223224,3,4,3,24小时,FALSE,47
1217,云快充目的地充电站(赣州瑞恒家园充电站),梅江路10号瑞恒家园八栋旁,4008288517,114.9290957,25.81822327,3,4,3,24小时,TRUE,38
1218,闪开汽车充电站(赣州锦程苑9栋1单元),濂江路,4006679990,114.9326596,25.81380715,3,1,1,24小时,TRUE,40
1219,汽车充电站(速停车·大圣鹏欣水游城站),地下停车场负一楼,[],114.9254857,25.81774283,3,5,3,24小时,FALSE,27
1220,汽车充电站(精伦赣州市章贡区盛合公园壹号4栋.6栋地面停车场),盛合公园壹号4栋.6栋地面停车场,[],114.9239491,25.81568043,3,2,3,24小时,TRUE,34
1221,汽车充电站,盛合公园壹号4栋6栋地面停车场,[],114.9239521,25.81561038,3,5,3,24小时,TRUE,21
1222,驴充充汽车充电站(赣州启明星眼科医院),启明星眼科医院地下停车场,400-9155-388,114.9293754,25.81562323,3,4,1,24小时,TRUE,40
1223,润诚达汽车充电站(赣州钱权火车站站赣州钱权吉埠村斜下组停车场站),江西省赣州市章贡区G323辅路,15879798595,114.9575054,25.81667507,3,5,1,24小时,FALSE,26
1224,赣州钱权火车站汽车充电站,五洲大道7栋,[],114.9574156,25.81687342,3,5,1,24小时,FALSE,39
1225,小鹏超级充电站(小鹏S4超快充赣州火车站站),五洲大道赣州商贸城东南钱权火车站充电站,4007836688,114.9573758,25.81690954,3,3,5,24小时,FALSE,29
1226,云快充汽车充电站(德电行赣州商贸城),赣州商贸城,4008288517,114.9561613,25.81646624,3,4,5,24小时,TRUE,26
1227,驴充充汽车充电站(赣州东鑫五金机电有限公司),沙河大道15号江西仰山园油茶开发有限公司,0797-966999,114.9651562,25.82007852,3,4,3,24小时,TRUE,35
1228,驴充充充电站(状元府邸汽车充电桩),长冈路辅路与濂江路交叉口东南160米,[],114.9356008,25.81470791,3,3,1,24小时,TRUE,29
1229,中国石化汽车充电站(迎宾超级充电站),章江街道赣江源大道21号中国石化章贡迎宾加油站,95105888,114.9405388,25.82156137,3,2,5,24小时,TRUE,25
1230,蔚来汽车充电站(赣州中石化章贡迎宾站),瑞金路与赣江源大道交叉口西地面停车场,[],114.940436,25.82239409,3,3,3,24小时,TRUE,49
1231,聚电新能源(迎宾点),中国石化汽车充电站迎宾充电站内,[],114.9402774,25.82204917,3,2,3,24小时,FALSE,10
1232,驴充充汽车充电站(星海天城3号楼汽车充电桩),赣江源大道15号星海天城-3栋,0797-966999,114.9450224,25.82028171,3,3,3,24小时,TRUE,40
1233,小桔充电汽车充电站(沃尔泰嘉福尚江尊品充电站),章江街道叶坪路嘉福·尚江尊品,4000610999,114.938853,25.8147452,3,4,1,24小时,FALSE,27
1234,汽车充电站(国网江西省赣州市章贡区文武坝路13号停车场站),文武坝路11号,19179791366,114.9356524,25.81955587,3,5,1,24小时,FALSE,16
1235,虔易充超级充电站(中央公园超充站·华为超充技术支持),水南街道新赣州大道辅路赣州城市中央公园健康主题公园,15179095790,114.9206747,25.81583923,3,2,5,24小时,FALSE,17
1236,特来电汽车充电站(特来电赣州市自然博物馆停车场充电站),地面停车场,4001300001,114.915373,25.81396502,3,2,1,24小时,FALSE,18
1237,特来电汽车充电站(特来电智捷停车梅关大道充电站),全南路与梅关大道交叉口东北100米地下停车场C024,[],114.9461849,25.81509702,3,2,1,24小时,TRUE,44
1238,赣州鸿俊快充站,滨江路好运来二手车地面停车场,0797-966999,114.9544351,25.81634831,3,2,3,24小时,TRUE,12
1239,小桔充电汽车充电站(章贡区沙角停车场充电站),章江街道龙岩路家和园(寻乌路)赣州市章贡区梅关大道8号地面停车场,4000610999,114.9466097,25.81783685,3,4,1,24小时,TRUE,39
1240,小桔充电汽车充电站(达芬奇中心充电站),水南街道章江路达芬奇城市中心地下负二层入口处,4000610999,114.9181964,25.82164137,3,4,1,24小时,FALSE,44
1241,特来电汽车充电站(智捷停车盘古山),地下停车场B001,[],114.9466845,25.81727734,3,4,3,24小时,FALSE,36
1242,特斯拉超级充电站(赣州市第五大道禧喜购物中心),琴江路3号第五大道禧喜购物中心地下停车场B2层B-262车位旁,[],114.9227454,25.82253417,3,5,1,24小时,FALSE,30
1243,汽车充电站(万年青站),加油站(东方红居委会西)东南侧150米,[],115.468032,25.81796037,5,5,1,24小时,TRUE,8
1244,于都万年青充电站,"450县道边,万年青水泥正对面",[],115.4679597,25.81809826,5,4,5,24小时,FALSE,39
1245,驴充充汽车充电站(白鹅乡圩镇停车场),白鹅乡南大街白鹅乡,0797-966999,115.6136611,25.81759677,6,4,1,24小时,TRUE,34
1246,国家电网汽车充电站(江西省赣州市会昌县白鹅乡白鹅供电所电动汽车充电站),[],[],115.6079001,25.82092412,8,3,1,24小时,TRUE,5
1247,云快充目的地充电站(横水镇鹿湾温泉),横水镇鹿湾温泉,4008288517,114.3543839,25.81033755,4,4,5,24小时,TRUE,25
1248,驴充充汽车充电站(鹿湾温泉充电桩),鹿湾温泉农庄前,0797-966999,114.353424,25.81044509,5,2,3,24小时,FALSE,20
1249,国家电网汽车充电站(江西省赣州市崇义县思顺乡思顺供电所充电站),思顺乡思顺村委会东北50米,13507976940,114.1397799,25.81142157,8,5,3,24小时,FALSE,28
1250,中国石化汽车充电站(天麓广场停车场充电站),东山镇东山大道天麓广场,95105888,114.541759,25.80938111,8,4,1,24小时,TRUE,31
1251,国家电网汽车充电站(江西省赣州市上犹县梁面上城区供电所充电站),东山镇东山大道115号,13576756008,114.5408077,25.80723671,6,3,5,24小时,FALSE,22
1252,车电网汽车充电站(东山路和新华路交叉口),东山镇东山大道丽景佳苑,18679764362,114.5402373,25.80536829,3,5,3,24小时,TRUE,41
1253,中国铁塔汽车充电站(江西赣州南康第二人民医院充电站),南康区第二人民医院,10096,114.742054,25.8081974,4,2,5,24小时,TRUE,22
1254,新电途汽车充电站(南康区唐江镇沃尔顿国际酒店充电站),唐江镇沃尔顿国际酒店(唐江店),4001100835,114.7406242,25.8081666,4,5,1,24小时,FALSE,29
1255,特来电汽车充电站(特来电上犹县银溪路多功能运动场充电站),银溪路多功能运动场地面停车场,18679764362,114.5428604,25.8031746,3,2,1,24小时,FALSE,5
1256,新电途汽车充电站(犹江电力南康区唐江镇鸿运来酒店充电站),唐江镇唐平北路99号赣州鸿运来酒店,4001100835,114.7402841,25.80987774,4,4,1,24小时,FALSE,13
1257,特来电目的地充电站(特来电唐江汽车站-广汽埃安停车场充电站二期),唐江汽车站,18170130007,114.7373649,25.81021567,4,5,5,24小时,FALSE,36
1258,汽车充电站(虔易充唐江第二人民医院站),第二人民医院附近,[],114.7428238,25.80964322,4,3,3,24小时,TRUE,30
1259,新电途汽车充电站(犹江电力南康区唐江镇大唐江山唐国酒店停车场B区充电站),唐江镇大唐馨城唐国国际酒店,19536561391,114.7444637,25.80933892,4,2,1,24小时,TRUE,18
1260,犹江电力南康区唐江镇大唐江山唐国酒店停车场B区充电站,唐江镇大唐馨城唐国国际酒店,4001100835,114.7444637,25.80933892,4,4,3,24小时,TRUE,33
1261,星星充电汽车充电站(赣州市南康区唐江中学),唐江中学,4008280768,114.7420943,25.80363956,4,3,5,24小时,FALSE,28
1262,犹江电力南康区唐江镇大唐江山唐国酒店停车场A区充电站,唐江镇唐国酒店大堂唐国国际酒店,4001100835,114.7444837,25.80910678,4,5,3,24小时,FALSE,27
1263,益星充电汽车充电站(益星充电.南康区唐江中学停车场2号桩),唐江中学,4008889498,114.7411094,25.80358867,4,4,1,24小时,TRUE,27
1264,益星充电汽车充电站(益星充电.南康区唐江中学停车场1号桩),唐江中学,4008889498,114.7410744,25.8036357,4,5,5,24小时,TRUE,41
1265,益星充电汽车充电站(益星充电.南康区唐江中学停车场3号桩),唐江中学,4008889498,114.7411094,25.80360368,4,5,5,24小时,TRUE,23
1266,惠利充汽车充电站(长友机电财富新城站),唐江镇慢性病管理中心赣州市南康区第二人民医院,13387070544;4006189730,114.7427039,25.80818032,4,3,3,24小时,FALSE,33
1267,小桔充电汽车充电站(三江乡伍岭村村委会充电站),三江乡五岭村委会三江乡伍岭村综合文化服务中心,4000610999,114.779752,25.80716508,4,4,1,24小时,FALSE,34
1268,蔚景云汽车充电站(中网赣州三江镇新红村充电站),三江镇唐南段,4006803880,114.8069414,25.81071691,4,2,5,24小时,TRUE,45
1269,昆仑网电汽车充电站(中石油赣州大学城加油充电站),105国道与武陵大道交汇处,95700,114.8854743,25.80894341,3,4,3,24小时,FALSE,9
1270,虔易充超级充电站(世纪之门超充站·华为超充技术支持),水南街道橙香大道章江国家湿地公园(东南角),15179095790,114.9076688,25.81119825,3,2,1,24小时,FALSE,19
1271,小桔充电汽车充电站(沃尔泰滨江公园P2停车场充电站),蟠龙镇滨江东大道蓉江新区滨江公园内(南侧),4000610999,114.9041482,25.80518688,3,3,3,24小时,FALSE,50
1272,润诚达充电站(江西应用黄金校区充电站),赣州师范高等专科学校教师公寓北侧240米,[],114.8917434,25.80328816,3,5,3,24小时,FALSE,22
1273,极氪能源超级充电站(赣州杉杉奥特莱斯广场超充站),杉杉奥特莱斯广场停车场,4000036036,114.9407533,25.80692077,3,3,3,24小时,FALSE,31
1274,蔚来换电站(赣州滨江杉杉奥莱),沙石镇楼梯村和谐大道杉杉奥特莱斯广场·赣州,[],114.9410527,25.80705228,3,2,1,24小时,TRUE,13
1275,驴充充汽车充电站(赣州明葡园生态山庄),赣州绕城高速公路章贡区沙石镇新屋下,400-9155-388,114.9734506,25.80445178,3,2,5,24小时,FALSE,49
1276,阳光充电汽车充电站(赣州金辉运联),天龙山路与金穗路交叉口北340米,19007977450,114.9703802,25.81085043,3,1,5,24小时,TRUE,15
1277,华东城电动汽车充电站,天龙山路1号,[],114.9734042,25.81248893,3,1,3,24小时,TRUE,9
1278,特来电汽车充电站(特来电赣州市杉杉奥特莱斯停车场充电站),G323(和谐大道)地面停车场,4001300001,114.9409641,25.80356128,3,5,3,24小时,TRUE,6
1279,虔易充超级充电站(福祥液冷超充站·华为超充技术支持),水南街道营前路福缘小区,15179095790,114.9266495,25.80841847,3,5,3,24小时,TRUE,11
1280,驴充充汽车充电站(阳光·吉泰新城),阳光·吉泰新城,0797-966999,114.9519954,25.80788371,3,5,3,24小时,TRUE,10
1281,虔易充章江右岸消防公园充电站,梅关大道与全南路交叉口南420米,[],114.9453214,25.81085916,3,4,5,24小时,FALSE,19
1282,财富快充站新能源充电站,和谐大道18号,[],114.9470792,25.80766547,3,3,1,24小时,FALSE,45
1283,润诚达充电站(途诺新能源充电站),力高水投御江府南侧180米,[],114.9470284,25.80748847,3,2,1,24小时,TRUE,6
1284,过路加2023汽车充电站(赣州恒大翡翠华庭二期汽车充电桩4栋一单元人防地库汽车充电桩1和2),九曲河路赣州市滨江第二小学(唐江路校区)北侧约130米恒大翡翠华庭2期-4栋,07906209123,114.9166199,25.81082299,3,3,1,24小时,FALSE,35
1285,国家电网汽车充电站(江西省赣州市赣县区长洛乡供电服务站公共充电站),长洛乡长洛营业站门口,13870749658,115.1788504,25.80540739,7,5,3,24小时,FALSE,40
1286,汽车充电站(速马力世纪嘉园站),梅关大道52号赣州红俏医疗美容旁,4000610999,114.9127742,25.80527256,3,2,3,24小时,TRUE,42
1287,过路加2023汽车充电站(赣州恒大翡翠华庭一期汽车充电桩9栋地库人防负二层汽车充电桩1和2),恒大翡翠华庭地下停车场,07906209123,114.9196006,25.80817353,3,4,5,24小时,FALSE,38
1288,驴充充汽车充电站(华欣小区),文武坝路华欣小区,0797-966999,114.9212086,25.80688304,3,5,5,24小时,FALSE,27
1289,云快充汽车充电站(国誉新能源充电站禾丰镇),禾丰镇圩镇停车场,4008288517,115.4882315,25.80405868,5,5,3,24小时,TRUE,10
1290,66益星充电汽车充电站(/),禾丰镇政府,4008889498,115.4897316,25.80517886,5,3,3,24小时,FALSE,31
1291,66益星充电汽车充电站(/),禾丰镇政府,4008889498,115.4893452,25.80514368,5,2,3,24小时,FALSE,5
1292,瑞金市泽覃国道服务区充电站,G206(胜利大道),[],115.9863324,25.80516468,3,3,1,24小时,FALSE,35
1293,国家电网汽车充电站(江西省赣州市于都县禾丰营业厅充电站),禾丰镇450县道,19179791366,115.4838904,25.80761201,5,1,5,24小时,FALSE,35
1294,云快充汽车充电站(金坑乡乡村滑板基地),金坑乡(乡村滑板基地),4008288517,114.2009221,25.80076159,1,4,3,24小时,FALSE,43
1295,新电途汽车充电站(犹江电力南康区唐江镇古镇新街停车场A区充电站),唐江镇滨江园,4001100835,114.7432345,25.79848024,4,1,1,24小时,FALSE,17
1296,星星充电汽车充电站(南康北服务区东区),三江镇南康北服务区(大广高速大庆方向),4008280768,114.7844202,25.79496443,4,5,3,24小时,FALSE,30
1297,国家电网汽车充电站(江西省赣州市南康区三江镇供电服务站城市公用充电站),三江镇赣州市经济技术开发区三江乡饶家陂村退役军人服务站,19179791366,114.7804182,25.80230486,4,2,1,24小时,FALSE,29
1298,车电网汽车充电站(犹江北路和东阳路三岔路口停车位),东山镇备田大道9号东山公园,18679764362,114.545311,25.79825664,5,1,1,24小时,FALSE,45
1299,安荣新能源汽车充电站(桂花园),"备田大道桂花园(文轁路)内,桂花园2期5栋附近35米",0797-966999,114.5512754,25.79503113,5,3,1,24小时,FALSE,31
1300,汽车充电站(江西理工大学三江校区)(内部专用),唐江镇章田路江西理工大学(三江校区),4006803880,114.7622702,25.79832642,4,1,1,24小时,TRUE,13
1301,蔚享天成汽车充电站(智骏佳苑商业街快充桩),赣州市经济开发区唐龙大道66号智骏佳苑商业街,13450480401,114.7711376,25.7998293,4,1,3,24小时,FALSE,44
1302,虔易充人防办汽车充电站,赣南大道1888号,[],114.8726812,25.79548358,3,3,3,24小时,FALSE,17
1303,安荣新能源汽车充电站(犹江花园B区),文韬路上犹汽车东站东南163米,0797-966999,114.5499024,25.79316045,1,2,3,24小时,TRUE,39
1304,车电网汽车充电站(石磨坊旁停车位水南大道),东山镇水南大道上犹县妇幼保健院,18679764362,114.5431407,25.79500013,3,1,1,24小时,FALSE,22
1305,小麦电站汽车充电站(银溪路二号),银溪路2号,[],114.542674,25.80141411,8,1,1,24小时,TRUE,10
1306,特来电汽车充电站(特来电上犹仙人湖桥头停车场充电站),犹江大道15附近,18679764362,114.5401715,25.79861595,1,4,1,24小时,TRUE,26
1307,车电网汽车充电站(老县人民医院对面停车位),东山镇下西村路粮食大厦,18679764362,114.539285,25.79983173,5,4,3,24小时,FALSE,34
1308,特来电充电站(赣州市江山里公园停车场),水南镇梅关大道30号地面停车场,[],114.9187242,25.80021945,3,1,5,24小时,FALSE,10
1309,车电网汽车充电站(城区小学旁停车位),上犹县犹江北路上犹县第一小学南侧,18679764362,114.5358376,25.79665786,1,3,1,24小时,FALSE,9
1310,云快充汽车充电站(上犹县东山镇人民政府前广场充电站),东山镇人民政府前广场地下停车场,4008288517,114.5335989,25.79912805,8,2,5,24小时,TRUE,21
1311,特来电汽车充电站(赣州市绿捷超充重卡小车充电站),和谐大道与峰山大道交叉口,13407078669,114.9310339,25.7957094,3,1,3,24小时,TRUE,50
1312,汽车充电站(比亚迪兆瓦闪充站赣州乾元新景王朝4S店),沙石镇埠上村和谐大道与赣康路交叉口,0797-5557775,114.9302793,25.79512116,3,4,1,24小时,FALSE,20
1313,车电网汽车充电站(东山镇人民政府停车位),东山镇北门街,18679764362,114.5342709,25.79975505,1,2,5,24小时,FALSE,11
1314,小桔充电汽车充电站(沃尔泰新世纪公园充电站),黄金岭街道新世纪公园P3地面停车场,4000610999,114.9056272,25.79353916,3,2,5,24小时,FALSE,29
1315,中国石化汽车充电站(滨江公园充电站),东山镇滨江公园,95105888,114.5314158,25.79367534,5,3,5,24小时,TRUE,45
1316,车电网汽车充电站(水南农贸市场对面停车位),水南大道89号89-18门口,18679764362,114.5330818,25.79322916,1,5,5,24小时,TRUE,21
1317,虔易充江山里澜湾汽车充电站,梅关大道30号,[],114.9260738,25.80288078,3,3,3,24小时,TRUE,28
1318,汽车充电站(虔易充·沙石垃圾转运中心站),峰山大道68号,[],114.9336848,25.79735427,3,2,1,24小时,TRUE,20
1319,汽车充电站(赣南师范大学),赣南师范大学医院停车场,15216186466,114.883677,25.80046818,3,4,5,24小时,FALSE,5
1320,小桔充电汽车充电站(沃尔泰翰林康居小区充电站),翰林康居小区B,4000610999,114.8815734,25.79334251,3,3,1,24小时,TRUE,30
1321,能效邻里共享汽车充电站(羽冠装饰),和谐大道东南30米,13170847318,114.9372016,25.79981885,3,1,1,24小时,TRUE,42
1322,汽车充电站,杉庄段与G76厦蓉高速入口交叉口北320米,[],115.731924,25.79345746,8,5,5,24小时,TRUE,28
1323,云快充汽车充电站(万长山景区入口),上堡乡万长山景区入口,4008288517,114.0338013,25.78419541,4,2,1,24小时,FALSE,10
1324,云快充汽车充电站(万长山山庄),上堡乡万长山山庄,4008288517,114.0209335,25.78576284,6,1,5,24小时,TRUE,27
1325,车电网汽车充电站(陡水垂钓中心),东山镇清湖路,18679764362,114.468675,25.78738709,3,5,5,24小时,TRUE,13
1326,车电网汽车充电站(陡水垂钓中心),上犹南湖水上运动中心西南侧200米,[],114.4648984,25.7882515,4,3,3,24小时,FALSE,33
1327,驴充充汽车充电站(半山云筑汽车充电站),文锦南路中段碧桂园旁半山云府,0797-966999,114.5259565,25.78488804,4,1,5,24小时,FALSE,27
1328,安荣新能源汽车充电站(塞纳河畔汽车桩),登龙路银信塞纳河畔(犹江大道店),15970766891,114.5529195,25.7881028,3,3,5,24小时,TRUE,36
1329,安荣新能源汽车充电站(丽阳春天),G357(犹江大道)丽阳春天(犹江大道)西南53米,0797-966999,114.5526789,25.78929911,8,5,5,24小时,FALSE,39
1330,驴充充充电站(丽阳春天),犹江大道与文韬路交叉口东北100米,[],114.5526759,25.78929811,8,2,5,24小时,TRUE,39
1331,汽车充电站(润宝唐江镇人民政府站),唐江镇人民政府内部,[],114.7345683,25.7910608,4,3,3,24小时,FALSE,22
1332,国家电网汽车充电站(江西省赣州市上犹县黄埠镇黄沙村金福花园小区充电站),黄埠镇黄沙村金福花园小区02充电桩,15807973888,114.5750563,25.78367258,3,1,5,24小时,TRUE,33
1333,虔易充超级充电站(上犹黑塔公园超充站·华为超充技术支持),黑塔公园停车场,13097076946,114.5416572,25.78930247,5,5,3,24小时,FALSE,34
1334,国家电网汽车充电站(江西省赣州市上犹县犹江大道中段充电站),东山镇江西省上犹县公安局,19179791366,114.5403768,25.78833408,7,2,1,24小时,TRUE,44
1335,云快充汽车充电站(文兴南路停车场充电站),文兴路与文体路交叉口西南地下停车场,4008288517,114.5480085,25.78412033,4,3,3,24小时,TRUE,47
1336,特来电汽车充电站(特来电上犹县行政服务中心充电站),地面停车场,19379969109,114.5493506,25.78526759,7,2,5,24小时,FALSE,40
1337,超翔汽车充电站(行政服务中心后),行政服务中心,18679764362,114.5493415,25.78649132,5,3,1,24小时,FALSE,46
1338,安荣新能源汽车充电站(犹江花园C区),"备田二路犹江花园C区内,犹江花园-C6栋附近24米",0797-966999,114.5506893,25.79175504,2,1,3,24小时,TRUE,7
1339,中国石化汽车充电站(备田充电站),东山镇备田大道(金都花园北侧),95105888,114.551902,25.79219351,3,1,1,24小时,TRUE,11
1340,安荣新能源汽车充电站(备田文明实践站),备田二路-道路,15970766891,114.551917,25.7924677,4,1,3,24小时,TRUE,41
1341,车电网汽车充电站(玉龙湾购物中心马路对面停车位),东山镇文兴路58号,18679764362,114.5457927,25.79060891,7,4,5,24小时,FALSE,8
1342,车电网汽车充电站(备田大道城区丽阳春天公变旁车位),东山镇备田大道88号,18679764362,114.5531056,25.7919715,4,5,3,24小时,TRUE,5
1343,安荣新能源汽车充电站(犹江花园E区),文韬路犹江银座西北51米,0797-966999,114.5513319,25.78949283,8,1,1,24小时,FALSE,45
1344,车电网汽车充电站(犹江花园小区门口旁停车位),东山镇临江酒楼(文轁路)犹江花园,18679764362,114.550965,25.79027464,6,5,1,24小时,FALSE,28
1345,上犹县犹江大道汽车充电站(人民法院站),犹江大道92号,19179791366,114.5369213,25.78758982,1,5,5,24小时,FALSE,38
1346,车电网汽车充电站(文峰新城对面停车位),东山镇文峰北路,18679764362,114.5378337,25.79047868,2,3,1,24小时,TRUE,18
1347,安荣新能源汽车充电站(上犹县农业农村局),文峰南路与犹江大道交叉口往南400米处上犹县农业农村局,15970766891,114.5380527,25.7841163,2,1,5,24小时,TRUE,39
1348,安荣新能源汽车充电站(上犹县生态环境局汽车充电桩),文峰南路辅路上犹县农业和粮食和物资储备局,0797-966999,114.5392861,25.78406005,4,2,3,24小时,TRUE,41
1349,小桔充电汽车充电站(沃尔泰罗边服务区),357国道东南侧罗边服务区,[],114.6265042,25.78739737,4,2,5,24小时,FALSE,11
1350,特来电汽车充电站(赣州翔鸿物流有限公司龙华充电站),龙华乡罗边工业园区空地,18370892661,114.625208,25.78439817,4,5,5,24小时,FALSE,48
1351,汽车充电站(速马力保利堂悦站),赣南大道1888号,[],114.8814717,25.78767598,3,4,3,24小时,TRUE,15
1352,虔易充超级充电站(全民健身中心超充站·华为超充技术支持),阳光·金色春城东区,13097076946,114.8822042,25.78583432,3,5,1,24小时,FALSE,37
1353,云快充汽车充电站(阳光·金色春城西区店),金色春城西区地库19栋下,4008288517,114.8777072,25.7870939,3,2,3,24小时,FALSE,27
1354,小桔充电汽车充电站(沃尔泰金色春城小学充电站),师大附小停车场,4000610999,114.8781714,25.78903244,3,5,3,24小时,FALSE,28
1355,星星充电汽车充电站(南康北服务区西区),大广高速南康北服务区西加油站,4008280768,114.7750545,25.78965594,4,4,3,24小时,FALSE,43
1356,南康北服务区汽车充电站,章田路6号,[],114.7750725,25.78961593,4,5,1,24小时,TRUE,29
1357,南康北服务区电动汽车充电站(东区),三江乡饶家陂村南康北服务区,[],114.7778488,25.7892938,4,3,5,24小时,FALSE,33
1358,星星充电汽车充电站(南康西服务区东区),三江镇南康北服务区(大广高速大庆方向),4008280768,114.7778508,25.78932182,4,4,3,24小时,TRUE,7
1359,特来电汽车充电站(特来电科技城技工学校停车场充电站),科技城技工学校,4001300001,114.7605998,25.78865848,4,5,3,24小时,TRUE,38
1360,汽车充电站(虔易充·全民健身中心华为全液冷超充站),赣南大道1888号停车场,[],114.8814998,25.7858759,3,3,1,24小时,TRUE,24
1361,虔易充超级充电站(人才小镇超充站·华为超充技术支持),黄金岭街道兰竹路星洲萃苑,15179095790,114.8887867,25.79087263,3,2,1,24小时,FALSE,6
1362,特来电汽车充电站(特来电赣州市第十五中学停车场充电站),玫瑰路地面停车场,4001300001,114.9060324,25.78732621,3,3,5,24小时,TRUE,11
1363,国家电网汽车充电站(江西省赣州市章贡区沙石镇供电服务站城市公用充电站),沙石镇226省道143号花海花木市场,19179791366,114.9365238,25.78790972,3,4,1,24小时,FALSE,14
1364,中国铁塔汽车充电站(江西赣州章贡区沙石便民中心充电站),沙石镇文明实践站,10096,114.9338454,25.78504047,3,3,1,24小时,FALSE,42
1365,新电途汽车充电站(灿启超充峰景安居站),光明路与峰山大道交叉口东南方,4001100835,114.9386296,25.78377647,3,2,1,24小时,FALSE,24
1366,蔚景云汽车充电站(领跑慧充峰景安居站),沙石镇峰山村峰景安居小区,4006803880,114.9386296,25.78377647,3,5,1,24小时,FALSE,41
1367,云快充汽车充电站(金色春城快充站),金色春城地库19、60栋下,4008288517,114.8781515,25.78700919,3,1,1,24小时,FALSE,35
1368,云快充目的地充电站(金色春城东区充电站),金色春城小区东区60栋下,4008288517,114.878832,25.78684762,3,4,1,24小时,TRUE,43
1369,汽车充电站(虔易充·启迪科技城站),启迪(赣州)科技城·一期地下停车场,[],114.8905162,25.78857678,3,3,5,24小时,TRUE,41
1370,驴充充汽车充电站(小密花乡景区),小密乡花瑾民宿,0797-966999,115.7301175,25.79234075,2,1,3,24小时,FALSE,27
1371,江投能链汽车充电站(上犹大桥充电站),上犹地中海度假酒店(县政府店)东100米,4008882596,114.5469362,25.78028791,7,1,3,24小时,TRUE,46
1372,车电网汽车充电站(黄埠镇人民政府大门对面停车位),黄埠镇人民政府,18679764362,114.5870961,25.78132258,1,4,5,24小时,TRUE,24
1373,中国石化汽车充电站(黄埠充电站),迎宾大道与北区经四路交叉路口往北约50,95105888,114.5728139,25.78186657,1,3,5,24小时,TRUE,25
1374,车电网汽车充电站(奥沃森新能源门口停车位),工业园江西奥沃森新能源有限公司,18679764362,114.5738365,25.77532852,4,2,5,24小时,TRUE,48
1375,车电网汽车充电站(黄埠供电公司斜对面停车位),经一路,18679764362,114.5779198,25.77629524,7,4,5,24小时,TRUE,19
1376,小桔充电汽车充电站(沃尔泰罗边服务区充电站),357国道南30米,4000610999,114.6225733,25.78090621,4,3,3,24小时,FALSE,14
1377,赣州上犹大桥盛世天成蔚来充电站,文兴路103号,13162584609,114.5471557,25.78070559,6,1,1,24小时,FALSE,41
1378,安荣新能源汽车充电站(印象客家停车场),G357(上犹大桥)奇牛洛克幼儿园,0797-966999,114.5474174,25.78057303,1,5,5,24小时,FALSE,21
1379,特来电目的地充电站(特来电唐龙公园停车场充电站),唐龙公园内(南侧),4001300001,114.7684365,25.77783445,4,4,1,24小时,FALSE,49
1380,特来电唐龙公园停车场交流充电桩,旭日大道6号,[],114.7686058,25.77589743,4,2,1,24小时,FALSE,40
1381,超翔汽车充电站(上犹县人民医院),上犹县人民医院停车场,18679764362,114.5301397,25.78237225,8,4,1,24小时,TRUE,40
1382,驴充充汽车充电站(东埠酒店赣州上犹店),黄埠镇黄沙村茅背组迎宾大道新华书店教材仓库旁东埠酒店,0797-8592888,114.5804218,25.77900842,4,2,5,24小时,TRUE,22
1383,驴充充汽车充电站(东埠酒店),纬一路黄金苑小区东76米,966999,114.5803418,25.77885929,6,5,3,24小时,TRUE,12
1384,特来电汽车充电站(上犹县人民医院),人民医院地面停车场,18679764362,114.5304847,25.78285741,7,4,5,24小时,FALSE,27
1385,铁塔能源金四季酒店汽车充电站,金四季酒店旁,10096,114.5375213,25.78311848,6,3,1,24小时,TRUE,24
1386,小桔充电汽车充电站(南康唐江600亩家具区),唐江600亩家具集聚区物流中心对面,[],114.7342106,25.77563459,4,3,1,24小时,FALSE,44
1387,中国铁塔汽车充电站(江西赣州章贡区沙石社区充电站),沙石镇沙石社区广场,10096,114.9372188,25.78195989,3,4,1,24小时,TRUE,19
1388,驴充充汽车充电站(赣州市章贡区沙石镇原沙石村委会旁快充站),沙石镇S226赣州市欣荣塑胶制品厂,13979727139,114.9344485,25.78101404,3,3,1,24小时,TRUE,10
1389,中国石化汽车充电站(金港充电站),黄金岭街道中国石化金港加油站,95105888,114.904336,25.77700156,3,1,1,24小时,TRUE,44
1390,小桔充电汽车充电站(沃尔泰赣南医学院充电站),地面停车场,4000610999,114.9021381,25.77478882,3,3,1,24小时,TRUE,26
1391,达克云汽车充电站(叙能和谐家园充电站),垂柳路阳光和谐家园地下2号出入口,4006717555,114.9079037,25.78131073,3,1,5,24小时,FALSE,33
1392,达克云汽车充电站(叙能和谐家园慢充站),垂柳路阳光和谐家园地下2号出入口,4006717555,114.9079037,25.78131073,3,1,3,24小时,FALSE,18
1393,小桔充电汽车充电站(沃尔泰温馨家园F-20充电站),温馨家园F-20地下停车场地下一层,4000610999,114.9047855,25.78222156,3,5,5,24小时,TRUE,18
1394,云快充汽车充电站(阳光·和谐家园北区店),阳光和谐家园小区地库A区9栋下,4008288517,114.9061668,25.78153864,3,5,5,24小时,FALSE,40
1395,小桔充电汽车充电站(沃尔泰潭口镇人民政府充电站),潭口镇潭口大道246号,4000610999,114.880474,25.77479651,3,5,3,24小时,TRUE,49
1396,特来电汽车充电站(特来电蓉江新区行政服务中心3号楼停车场充电站),蓉江新区行政服务中心3号楼停车场,4001300001,114.8797365,25.77422765,3,1,5,24小时,FALSE,42
1397,国家电网汽车充电站(江西省赣州市于都县小溪乡小溪供电服务站公共充电站),小溪乡小溪供电服务站公共充电站,0797-6386019,115.331319,25.77540228,5,5,5,24小时,TRUE,21
1398,特来电目的地充电站(崇义上堡八号秘境民宿充电项目),上堡八号秘境民宿,15970819535,114.0415185,25.76927964,1,3,1,24小时,TRUE,49
1399,上犹服务区电动汽车充电站,[],4008280768,114.488931,25.76652485,5,1,5,24小时,FALSE,46
1400,上犹服务区电动汽车充电站,东山镇上犹服务区电动汽车充电站上犹服务区,4008280768,114.4880801,25.76351153,2,4,1,24小时,FALSE,47
1401,中国石化汽车充电站(上犹水南充电站),上犹西互通与赣丰线交叉口西80米,95105888,114.5153205,25.76783569,6,1,5,24小时,TRUE,23
1402,车电网汽车充电站(黄埠镇南村停车位),工业园214乡道,18679764362,114.5881774,25.76973087,7,2,5,24小时,FALSE,37
1403,车电网汽车充电站(黄埠镇卫生院门口停车位),金山大道与214乡道交叉口西南220米,18679764362,114.5841251,25.77169881,2,3,5,24小时,FALSE,43
1404,特来电汽车充电站(特来电赣州经开区洋田小学汽车充电桩),科技城小学,4001300001,114.7640638,25.76579089,4,1,5,24小时,TRUE,17
1405,特来电汽车充电站(特来电洋田科技园停车场充电站),洋田科技园,4001300001,114.7610355,25.76890881,4,4,5,24小时,TRUE,7
1406,驴充充汽车充电站(九里峰山邻里中心汽车充电站),章贡区九里峰山,400-9155-388,114.9226045,25.76590255,3,5,1,24小时,FALSE,26
1407,小桔充电汽车充电站(蓉江新区管委会充电站),潭东镇国家税务总局赣州经济技术开发区税务局潭东税务所赣州蓉江新区财政局,4000610999,114.8731894,25.77075307,3,4,3,24小时,TRUE,6
1408,特来电汽车充电站(特来电云创智谷充电站),和谐大道地面停车场,4001300001,114.8733565,25.77222611,3,3,3,24小时,FALSE,45
1409,阳光城翡丽湾汽车充电站,景明路516号,[],114.867254,25.77257587,3,2,3,24小时,FALSE,8
1410,驴充充汽车充电站(九里峰山六期),九里峰山花语林7号楼西北60米,0797-966999,114.9291292,25.76809947,3,3,5,24小时,FALSE,6
1411,汽车充电站(沃尔泰毅德融城),毅德融城,4000610999,114.8849432,25.76376763,3,3,5,24小时,TRUE,14
1412,驴充充汽车充电站(毅德融城11栋地库2单元门口MD可对外),青阳路毅德融城,139-7012-2181,114.8835515,25.76436523,3,4,3,24小时,TRUE,10
1413,云快充汽车充电站(国誉新能源充电站小溪乡),小溪乡圩镇休闲广场旁停车场,4008288517,115.3311247,25.77257196,5,4,5,24小时,TRUE,31
1414,汽车充电站(上堡汽车充电站),上堡梯田游客中心西侧,[],114.0357796,25.75615992,3,4,1,24小时,FALSE,43
1415,特来电汽车充电站(崇义县上堡景区充电站),上堡乡下张屋,17779712438,114.0355301,25.75537305,8,5,3,24小时,TRUE,18
1416,云快充目的地充电站(木梓排民宿),上堡乡木梓排民宿,4008288517,114.0272865,25.75719869,3,5,5,24小时,TRUE,13
1417,云快充汽车充电站(过埠镇三栖竞技基地),过埠镇(三栖竞技基地),4008288517,114.1952678,25.75882265,3,4,3,24小时,TRUE,46
1418,云快充汽车充电站(赣州小漓江),过埠镇小漓江,4008288517,114.2192518,25.75495696,3,3,5,24小时,TRUE,40
1419,车电网汽车充电站(金山大道江西省安安科技有限公司门口停车位),工业园金山大道,18679764362,114.5871775,25.76118757,2,2,5,24小时,FALSE,14
1420,特来电汽车充电站(特来电上犹县公路服务区充电站),G357国道驿站,18179701888,114.4970781,25.76078588,1,3,5,24小时,FALSE,31
1421,百胜泊充汽车充电站(南康区朱坊高速出口站),朱坊镇桥头村第1停车场,13767750975,114.6541656,25.75750198,4,4,3,24小时,FALSE,14
1422,小桔充电汽车充电站(格力工厂充电站),朱坊镇赣格雅苑,4000610999,114.7026825,25.75603229,4,1,1,24小时,TRUE,16
1423,赣州南服务区特来电电动汽车充电站,赣州绕城高速赣州南服务区停车场,4001300001,114.8930076,25.75865443,3,5,1,24小时,FALSE,43
1424,理想汽车超级充电站(理想5C超充站赣州绕城高速赣州南服务区南昌方向),赣州南服务区,4006860400,114.8929156,25.75864341,3,5,5,24小时,TRUE,43
1425,理想汽车超级充电站(理想5C超充站赣州绕城高速赣州南服务区韶关方向),赣州南服务区,4006860400,114.8939095,25.76103497,3,2,1,24小时,TRUE,27
1426,特来电充电站(赣州绕城高速赣州南服务区广州方向停车场),赣州绕城高速赣州南服务区停车场,[],114.8935605,25.76096888,3,4,1,24小时,TRUE,37
1427,国家电网汽车充电站(江西省赣州市南康区太窝乡元岭村村委会门口充电站),太窝乡元岭村村委会门口,0797-6586058,114.7252256,25.75671862,4,4,5,24小时,FALSE,16
1428,新电途汽车充电站(灿启超充毅德商贸城2号站),玉潭路吉麻湖东北,4001100835,114.8808452,25.76097554,3,4,3,24小时,FALSE,13
1429,蔚景云汽车充电站(领跑慧充毅德商贸城2号站),潭东镇弘腾路毅德城,4006803880,114.8808452,25.76097554,3,2,1,24小时,TRUE,7
1430,国家电网汽车充电站(江西省赣州市开发区毅徳物流园1号广场充电站),赣州市开发区潭东镇毅徳物流园1号广场,0797-8201264;19079951620,114.8794221,25.76292169,3,1,3,24小时,FALSE,31
1431,新电途汽车充电站(灿启超充赣州金富康社区站),金富康社区,4001100835,114.8695657,25.75738346,3,2,1,24小时,TRUE,9
1432,蔚景云汽车充电站(领跑慧充赣州金富康社区站),潭东镇乐美口腔蓉江诊所金富康小区,4006803880,114.8695657,25.75738346,3,4,1,24小时,FALSE,49
1433,新电途汽车充电站(灿启超充毅德商贸城1号站),玉潭路吉麻湖东北,4001100835,114.8802248,25.76042479,3,4,3,24小时,TRUE,32
1434,蔚景云汽车充电站(领跑慧充毅德商贸城1号站),潭东镇弘腾路毅德城,4006803880,114.8802248,25.76042479,3,1,3,24小时,FALSE,25
1435,星星充电汽车充电站(星星充电-太窝镇太和社区充电站),太窝镇太和社区停车场,15070588151,114.7269739,25.76071571,4,5,3,24小时,TRUE,38
1436,中国石化汽车充电站(中东充电站),潭东镇105国道2136公桩处,95105888,114.8600238,25.75586382,3,4,1,24小时,FALSE,7
1437,小桔充电汽车充电站(沃尔泰潭东镇人民政府充电站),潭东镇财政所潭东镇人民政府,4000610999,114.8652026,25.75648891,3,5,1,24小时,FALSE,7
1438,星星充电汽车充电站(星星充电-铁山垅河迳村充电站),铁山垅镇河迳村桥头组民居停车坪,15070588151,115.5302898,25.76253485,5,4,5,24小时,TRUE,17
1439,国家电网汽车充电站(江西省赣州市崇义县横水镇城区供电所充电站),茶滩村委会旁50米,[],114.3352747,25.7454902,8,4,3,24小时,FALSE,23
1440,特来电汽车充电站(崇义县过埠安置点停车场充电站),过埠安置点停车场,17779712438,114.2140733,25.74639677,3,4,3,24小时,FALSE,44
1441,国家电网汽车充电站(江西省赣州市崇义县过埠镇过埠供电所充电站),过埠镇过上路农贸市场门口,19070709128,114.2105661,25.75320272,3,4,1,24小时,FALSE,10
1442,特来电汽车充电站(宝晋宝马新能源汽车),宝晋汽车销售服务有限公司地面停车场,4001300001,114.8226622,25.7435976,4,5,5,24小时,TRUE,16
1443,特来电充电站(赣州驭尊科技),和谐大道与生态大道交叉口西500米,[],114.8630737,25.74497655,3,5,5,24小时,TRUE,30
1444,驴充充汽车充电站(长华商行),鑫林街赣州农商银行(潭口支行)西91米,0797-966999,114.841033,25.74553465,3,3,3,24小时,FALSE,6
1445,小桔充电汽车充电站(潭口圩镇地下停车场充电站),潭口镇湖柏路文化广场(西北角),4000610999,114.8436378,25.74512596,3,4,1,24小时,TRUE,34
1446,特来电汽车充电站(赣州市蓉江新区毅德城E29地块仓储区充电项目),蓉江新区毅德城E29地块仓储区地面停车场,4001300001,114.8686173,25.74744963,3,3,1,24小时,FALSE,49
1447,国家电网汽车充电站(江西省赣州市开发区毅徳物流园8号广场充电站),赣州市开发区潭东镇毅徳物流园8号广场,0797-8201264;19079951620,114.8719285,25.75258312,3,2,5,24小时,TRUE,10
1448,云快充超级充电站(毅德充电站),毅德城,4008288517,114.8686152,25.74958987,3,4,1,24小时,FALSE,10
1449,特来电汽车充电站(赣州驭尊能源科技有限公司充电站),蓉江新区E26地块毅德城项目5栋101A102号铺,18179701888,114.8689555,25.75069589,3,4,5,24小时,TRUE,29
1450,特来电目的地充电站(崇义县上堡党群服务中心停车场充电站),上堡乡人民政府,17779712438,114.0067167,25.73566929,7,1,5,24小时,TRUE,26
1451,国家电网汽车充电站(江西省赣州市崇义县上堡乡上堡供电所充电站),上堡乡老圩背,18007973300,114.001171,25.7359301,3,2,5,24小时,TRUE,16
1452,特来电汽车充电站(崇义县上堡安置点停车场充电站),上堡安置点停车场,17779712438,114.0033654,25.73387932,1,4,5,24小时,FALSE,24
1453,特来电汽车充电站(崇义上堡梯田景区充电站),上堡梯田景区,19136750456,114.0198044,25.74091343,8,3,5,24小时,TRUE,12
1454,特来电充电站(崇义县上堡林站停车场),龙形至龙告通组公路与387县道交叉口东100米,[],114.0139687,25.73506264,4,1,1,24小时,FALSE,5
1455,长安新能源充电站,赣南大道赣南汽车城,[],114.8191144,25.73897627,4,4,3,24小时,FALSE,39
1456,驴充充汽车充电站(锦腾实业),潭口大道龙岭镇下坝小学东南侧约150米锦腾实业,0797-966999,114.8260544,25.73821592,4,5,1,24小时,FALSE,20
1457,特来电充电站(广鑫仁北汽新能源4S店停车场),赣南高架路辅路与驰翔大道交叉口东320米,[],114.8213638,25.74078754,4,5,1,24小时,FALSE,34
1458,特来电汽车充电站(特来电南康区埃安汽车4S店充电站),南康汽车城广汽埃安,18170130007,114.8216825,25.73876399,4,4,3,24小时,TRUE,43
1459,星星充电汽车充电站(赣州华宏之星汽车有限公司),龙岭镇赣南汽车城B-30地块,15870701886,114.8163548,25.74023082,4,1,5,24小时,TRUE,40
1460,特来电超级充电站(鸿蒙智行尚界用户中心·赣南汽车城),龙岭镇东风日产赣州昌泰南康专营店零跑汽车赣州零跑中心赣南汽车城店,15727769696,114.822066,25.74306918,4,5,3,24小时,TRUE,8
1461,驴充充汽车充电站(龙岭镇汽车城驴充充安途充电站),龙岭镇赣南大道辅路龙岭镇汽车城,13870707514,114.8132037,25.73814478,4,2,1,24小时,TRUE,46
1462,小桔充电汽车充电站(龙岭镇汽车城驴充充安途充电站),龙岭镇赣南大道辅路龙岭镇汽车城,[],114.8131686,25.73820575,4,1,3,24小时,TRUE,7
1463,蓝媒优充赣州章贡沙石镇充电站,沙石镇龙下街,[],114.9429142,25.73792934,3,5,5,24小时,FALSE,26
1464,云快充汽车充电站(国誉新能源充电站铁山垅镇),铁山垅镇新建停车场(江西石油对面),4008288517,115.5221569,25.73481358,5,1,1,24小时,TRUE,31
1465,国家电网汽车充电站(江西省赣州市会昌县庄口镇庄口供电所电动汽车充电站),庄口镇汽车站围墙内,18979708589,115.6604923,25.73835402,3,3,1,24小时,TRUE,34
1466,瑞金服务区国家电网电动汽车充电站,济广高速瑞金南服务区充电站(济南方向),0797-2316222;95598,115.9182002,25.73964396,6,1,5,24小时,TRUE,24
1467,蔚来能源超级充电站(济南方向G35济广高速瑞金服务区),济广高速,[],115.9181912,25.73975604,6,4,3,24小时,TRUE,32
1468,理想汽车超级充电站(理想5C超充站济广高速瑞金服务区济南方向),瑞金服务区,4006860400,115.918565,25.7396086,2,3,5,24小时,FALSE,13
1469,蔚来换电站(瑞金服务区济南方向),G35济广高速与瑞金服务区交叉口西380米,[],115.9182142,25.739722,5,3,1,24小时,FALSE,38
1470,中国石化汽车充电站(武阳镇瑞金服务区西区),武阳镇瑞金服务区,95105888,115.9186627,25.74225802,4,5,1,24小时,TRUE,11
1471,中国石化汽车充电站(武阳镇瑞金服务区东区),武阳镇瑞金服务区东区,95105888,115.9217157,25.74127431,2,4,5,24小时,FALSE,32
1472,瑞金服务区国家电网电动汽车充电站,济广高速瑞金南服务区(广州方向)地面停车场,0797-2316222;95598,115.9199958,25.74303414,6,3,5,24小时,FALSE,13
1473,蔚来换电站(瑞金服务区广州方向),G35济广高速与瑞金服务区交叉口西380米,[],115.9201377,25.74313705,8,5,5,24小时,FALSE,36
1474,理想汽车超级充电站(理想5C超充站济广高速瑞金服务区广州方向),瑞金服务区,4006860400,115.9207133,25.74290132,4,3,1,24小时,TRUE,5
1475,中国石化汽车充电站(崇义新城北充电站),崇义新城北加油站,13870738223,114.3057932,25.72423663,1,4,1,24小时,TRUE,18
1476,国家电网汽车充电站(江西省赣州市南康区朱坊乡朱坊村镇政府门口充电站),朱坊乡朱坊村镇政府门口,0797-6689798,114.6677597,25.72646446,4,4,5,24小时,FALSE,7
1477,镜坝23号楼快充充电站(703亩家具聚集区),产业大道1号,[],114.7201401,25.72886388,4,3,3,24小时,TRUE,5
1478,镜坝93号楼快充充电站(703亩家具聚集区),镜坝703亩家具聚集区93号楼门口,[],114.7223229,25.72982548,4,2,5,24小时,FALSE,21
1479,镜坝3号楼快充充电站(703亩家具聚集区),产业大道1号,[],114.7191009,25.73269801,4,3,1,24小时,FALSE,37
1480,小桔充电汽车充电站(镜坝128亩家具集聚区充电站),镜坝128亩家具集聚区宿舍楼门口,15170726671,114.7260619,25.72896407,4,3,5,24小时,TRUE,12
1481,镜坝83号楼快充充电站(703亩家具聚集区),产业大道1号,[],114.7221763,25.72639368,4,3,5,24小时,FALSE,30
1482,驴充充汽车充电站(庙下垄),庙下垄,0797-966999,114.8985911,25.73220451,3,5,5,24小时,TRUE,16
1483,镜坝47号楼快充充电站(703亩家具聚集区),产业大道1号,[],114.7221809,25.73272024,4,3,1,24小时,FALSE,48
1484,云快充汽车充电站(路背和谐充电场),潭口镇路背村(和谐大道潭口与龙岭交界处),[],114.8353694,25.7287399,3,4,3,24小时,TRUE,46
1485,汽车充电站(鑫润物流充电站),龙岭镇龙岭工业园东区鑫润物流,18964936597,114.805855,25.73058718,4,4,1,24小时,TRUE,45
1486,小桔充电汽车充电站(南康永安大酒店充电站),永安大酒店,4000610999,114.8105042,25.72591392,4,5,3,24小时,FALSE,34
1487,驴充充汽车充电站(驴充充电站),龙岭镇G105(京澳线)金石工业小区,0797-966999,114.8139108,25.7279223,4,1,3,24小时,FALSE,41
1488,国家电网汽车充电站(江西省赣州市于都县铁山垅镇铁山垅供电服务站公共充电站),铁山垅镇铁山垅供电服务站公共充电站,0797-6280161,115.5180239,25.73221775,5,3,5,24小时,TRUE,18
1489,云快充超级充电站(崇义检测站充电站),横水镇朱坑口村祥宏机动车检测管理有限公司,4008288517,114.3191717,25.71728284,6,3,5,24小时,TRUE,14
1490,特来电汽车充电站(江西科泉新能源崇义县充电站),祥宏机动车检测管理有限公司,18070576181,114.3159064,25.72228282,1,3,3,24小时,FALSE,45
1491,江投能链汽车充电站(崇义旅游集散中心充电站),城北大道211号,4008882596,114.2996998,25.72030713,3,5,5,24小时,FALSE,16
1492,中国铁塔汽车充电站(江西赣州崇义县汽贸城充电站),崇义汽贸城,10096,114.2986412,25.72016184,2,3,5,24小时,FALSE,50
1493,特来电目的地充电站(崇义县县城职业中专停车场充电站),县城职业中专停车场,17779712438,114.2973727,25.72162377,5,4,1,24小时,TRUE,36
1494,小桔充电汽车充电站(镜坝200亩家具集聚区充电站),镜坝200亩家具集聚区综合楼门口,[],114.7238902,25.7214215,4,3,1,24小时,FALSE,24
1495,星星充电汽车充电站(北汽新能源广鑫仁店),晓东超市北侧170米,[],114.7845297,25.71946035,4,5,1,24小时,FALSE,16
1496,特来电汽车充电站(特来电南康红土地物流园停车场充电站),红土地物流园地面停车场,4001300001,114.7901415,25.71450152,4,3,1,24小时,TRUE,17
1497,星星充电汽车充电站(南康区龙岭中心小学充电站),龙岭中心小学,4008280768,114.8058698,25.71899874,4,4,1,24小时,TRUE,35
1498,小桔充电汽车充电站(龙岭卫生院充电站),龙岭镇卫生院,4000610999,114.8062964,25.72138682,4,2,5,24小时,TRUE,26
1499,小桔充电汽车充电站(迈联龙岭充电站),龙岭镇金龙大道310号,4000610999,114.8041323,25.72202437,4,5,3,24小时,FALSE,25
1500,新能源汽车充电站,龙岭镇中心幼儿园(老街)对面,18146790729,114.8035814,25.7209248,4,1,1,24小时,TRUE,18
1501,星星充电汽车充电站(南康区龙岭中学充电站)(暂停营业),龙岭中学,18170773666,114.8003034,25.72045192,4,1,5,24小时,FALSE,29
1502,蔚来能源汽车充电站(赣州崇义旅游集散中心),厚学路,[],114.2991246,25.71988587,2,1,5,24小时,FALSE,7
1503,蔚来超充站赣州崇义旅游集散中心,城北大道211号,[],114.2991395,25.72005694,2,3,5,24小时,FALSE,7
1504,特来电汽车充电站(崇义县龙勾工业园区充电站),龙勾乡龙勾工业园硬质合金产业园(建设中),17779712438,114.5460384,25.71743272,5,1,1,24小时,FALSE,45
1505,特来电汽车充电站(赣州驭尊崇义安康机动车检测站西侧旗岭隧道口),横水镇安康机动车检测中心,18179701888,114.2905912,25.71356812,6,2,1,24小时,TRUE,23
1506,特来电汽车充电站(崇义县龙沟良田花海充电站),良田村,17779712438,114.5450064,25.70873187,6,4,3,24小时,TRUE,22
1507,特来电目的地充电站(特来电崇义县龙勾良田花海停车场充电站),龙勾良田花海停车场,17779712438,114.5450064,25.70873187,3,3,1,24小时,TRUE,5
1508,国家电网汽车充电站(江西省赣州市崇义县龙勾乡扬眉充电站),龙勾乡田心里,13507074639,114.5411526,25.70501371,2,2,5,24小时,FALSE,40
1509,云快充超级充电站(南康鑫马充电站),龙岭西区西二路29号康祥机动车,4008288517,114.7970303,25.70949149,4,3,3,24小时,TRUE,50
1510,汽车充电站(胜桦新能源龙岭石化),赣南大道,[],114.7861396,25.71110995,4,5,3,24小时,TRUE,15
1511,百胜泊充汽车充电站(明杰便利店站),东山街道办坪塘殷屋安置点明杰便利店旁,13767750975,114.7794315,25.7077755,4,3,1,24小时,FALSE,39
1512,国家电网汽车充电站(江西省赣州市南康区龙岭充电站),龙岭,19179791366,114.7922124,25.70688148,4,1,3,24小时,TRUE,6
1513,中国石化汽车充电站(龙岭充电站),龙岭镇迎宾东大道中国石化龙岭加油站,95105888,114.7990229,25.70811502,4,1,3,24小时,TRUE,29
1514,新电途汽车充电站(犹江电力南康龙岭灯饰城充电站),龙岭镇赣州金凤凰商务宾馆灯饰城,4001100835,114.798453,25.70722559,4,1,1,24小时,FALSE,30
1515,云快充汽车充电站(新市民公寓店),迎宾东大道与秀峰大道交叉口东北460米,[],114.79845,25.70722058,4,5,1,24小时,FALSE,44
1516,云快充汽车充电站(赣州市精印纸品包装有限公司)(内部专用),康佳家美家具厂西侧210米,[],114.7257662,25.71343267,4,3,3,24小时,FALSE,17
1517,小桔充电汽车充电站(智道物流园C区充电站),龙岭镇赣州国际陆港赣州国际港申通物流园,4000610999,114.8166656,25.70916607,4,5,5,24小时,TRUE,34
1518,新电途汽车充电站(犹江电力南康龙泰安冷链产业园路边停车场充电站),龙岭镇向阳大道赣州国际木材交易中心,19536561391,114.8246837,25.70816361,4,2,5,24小时,TRUE,49
1519,国家电网汽车充电站(江西省赣州市瑞金市谢坊镇谢坊供电所城市公共充电站),谢坊镇谢坊供电所,0797-2318222,115.8674864,25.70842048,2,4,3,24小时,FALSE,48
1520,国家电网汽车充电站(江西省赣州市崇义县麟潭乡上堡供电所充电站),麟潭乡乡政府旁100米,0797-3861290,114.096461,25.6959676,8,4,5,24小时,TRUE,19
1521,云快充汽车充电站(能宝汽车),振兴大道西侧,4008288517,114.3090916,25.69463554,5,3,1,24小时,FALSE,16
1522,特来电目的地充电站(崇义县北门小广场停车场充电站),北门小广场地面停车场,17779712438,114.3023677,25.69989741,6,3,5,24小时,FALSE,36
1523,特来电汽车充电站(崇义县人民医院停车场充电站),崇义县人民医院停车场,17779712438,114.2980435,25.69840602,2,4,1,24小时,TRUE,27
1524,特来电汽车充电站(赣州志成钢构充电站),横水镇崇义电子商务创业孵化园,13479458889,114.2929494,25.70231237,8,2,3,24小时,FALSE,27
1525,国家电网汽车充电站(江西省赣州市崇义县龙勾乡扬眉充电站),友善大药房南侧70米,[],114.5381968,25.70267987,3,5,5,24小时,TRUE,30
1526,百胜泊充汽车充电站(32新塘上农庄站),新塘上路与陈赞贤大道辅路交叉口东北120米,13767750975,114.7442614,25.69972305,4,1,5,24小时,FALSE,40
1527,国家电网汽车充电站(江西省赣州市南康区镜坝镇镜坝供电所充电站),镜坝镇老镜坝村桐木路镜坝供电所门口,0797-6586058,114.7379824,25.70140497,4,1,5,24小时,FALSE,39
1528,百胜泊充汽车充电站(连城加油站旁),省道238以南蛇皮塘路西(连城石化加油站旁),13767750975,114.7347841,25.69400712,4,4,3,24小时,FALSE,20
1529,星星充电汽车充电站(星星充电-拼板中心充电站),拼板中心,15170726671,114.7940559,25.70035682,4,2,5,24小时,TRUE,35
1530,百胜泊充汽车充电站(桐木村便民充电站),嘉福尚江尊品外围停车场,19907074998,114.7476718,25.69543585,4,1,3,24小时,FALSE,18
1531,驴充充汽车充电站(南康家居小镇内),家具小镇骑行道江西功夫动漫有限公司附近45米,0797-966999,114.7587547,25.70365651,4,5,5,24小时,FALSE,32
1532,星星充电汽车充电站(星星充电-家居美学馆充电站),家居美学馆右侧位置(机场连线快速路入口处),15170726671,114.7632476,25.70319088,4,3,5,24小时,TRUE,16
1533,星星充电汽车充电站(星星充电-城发滨江加油站充电站),机场快速路与滨江大道交界处,15170726671,114.7673013,25.69576789,4,1,5,24小时,FALSE,12
1534,百胜泊充汽车充电站(凯旋城西站),兴业大道凯旋城小区,13767750975,114.7801699,25.7018572,4,5,5,24小时,FALSE,25
1535,新电途汽车充电站(犹江电力个私工业园充电站),东山街道江西百搭空间家具品牌运营中心,4001100835,114.7765209,25.6947782,4,1,5,24小时,FALSE,16
1536,犹江电力个私工业园充电站,东山街道江西百搭空间家具品牌运营中心,4001100835,114.7768553,25.69488362,4,4,3,24小时,TRUE,43
1537,特斯拉超级充电站(赣州市南康区智造谷),智造谷大厦南面地上停车场,4009100707,114.790529,25.70248958,4,5,1,24小时,FALSE,25
1538,云快充汽车充电站(犹江电力南康米尼优家酒店),兴业大道与坪塘路交叉口西120米,[],114.7816741,25.69872739,4,1,3,24小时,TRUE,18
1539,驴充充汽车充电站(驴充充汽车充电站爱琴海连锁酒店),坪塘路爱琴海连锁酒店(家具城店),0797-966999,114.7809763,25.69722472,4,5,1,24小时,TRUE,14
1540,新电途汽车充电站(犹江电力南康米尼优家酒店汽车充电站),东山街道宁都味道(泓泰店)米尼优家酒店(南康区家具城店),4001100835,114.7816771,25.69872639,4,2,5,24小时,FALSE,39
1541,官坑充电站,迎宾东大道55号,13870735069,114.7892004,25.6945704,4,4,3,24小时,FALSE,17
1542,驴充充汽车充电站(成信充电站),G105(迎宾东大道)南康利安酒店(迎宾东大道店)南150米,0797-966999,114.7902369,25.69686214,4,3,1,24小时,FALSE,41
1543,蔚景云汽车充电站(利安酒店充电站),东山街道南康利安酒店,4006803880,114.7902448,25.69791471,4,3,5,24小时,FALSE,50
1544,驴充充汽车充电站(盈海百丽酒店赣州南康家具城店),盈海家博城停车场,0797-966999,114.7874257,25.6940876,4,1,3,24小时,TRUE,44
1545,国家电网汽车充电站(江西省赣州市赣县区大埠乡供电服务站公共充电站),大埠乡大埠供电所门口,15879718359,115.0644563,25.69490912,7,4,5,24小时,TRUE,23
1546,驴充充汽车充电站(鸡笼山三叉路口),G238(利园线)华红相框厂,0797-966999,115.2805139,25.69802085,5,3,1,24小时,TRUE,5
1547,国家电网汽车充电站(江西省赣州市于都县祁禄山镇祁禄山供电所公共充电站),祁禄山镇祁禄山供电所公共充电站,0797-6388326,115.3011942,25.69547124,5,5,5,24小时,FALSE,12
1548,特来电汽车充电站(崇义县人民广场停车场示范充电站),阳岭大道崇义人民广场,17779712438,114.3032174,25.68765145,1,2,3,24小时,FALSE,49
1549,中国石化汽车充电站(新世界停车场充电站),新世界停车场充电站,95105888,114.3039112,25.69106101,7,3,5,24小时,FALSE,30
1550,极氪能源超级充电站(赣州南康远洋未来广场极充站),赣南高架路辅路与家具大道交叉口东北280米爱琴海购物公园(赣南大道店)地面停车位,4000036036,114.7632787,25.6879058,4,4,3,24小时,TRUE,47
1551,中国石化汽车充电站(东山充电站),东山街道迎宾东大道中国石化东山加油站,18779733937;95105888,114.7834652,25.69018416,4,4,1,24小时,TRUE,17
1552,云快充目的地充电站(赣州洗刷刷汽车美容服务有限公司2号电站),窑边洗刷刷16至20号洗车位,4008288517,114.7491965,25.68776899,4,4,5,24小时,FALSE,31
1553,润诚达汽车充电站(赣州江钛窑边洗刷刷站),东山街道窑边村洗车场里面,13767761241,114.7489305,25.68764589,4,3,1,24小时,TRUE,13
1554,云快充目的地充电站(赣州洗刷刷汽车美容服务有限公司1号电站),窑边洗刷刷16至20号洗车工位,4008288517,114.7489375,25.68764089,4,1,1,24小时,TRUE,14
1555,新电途汽车充电站(犹江电力南康官坑村蓝天工业园充电站(慢充)),东山街道南洋蔡氏家具有限公司(贴面),4001100835,114.7955896,25.68429878,4,4,5,24小时,FALSE,13
1556,特来电目的地充电站(特来电崇义县老电影院停车场充电站),老电影院,17779712438,114.3028162,25.68482568,3,4,1,24小时,FALSE,49
1557,小桔充电汽车充电站(美的爱康公园天下超充站),东山街道旭辉路美的爱康公园天下·云顶,4000610999,114.7657702,25.69362357,4,4,5,24小时,TRUE,34
1558,小桔充电汽车充电站(赣南医科大学第一附属医院南康院区),东山街道朱边赣南医科大学第一附属医院南康院区,15170726671,114.7654464,25.68663066,4,4,5,24小时,FALSE,29
1559,中国铁塔汽车充电站(江西赣州南康区新康东大道充电站),赣南医科大学第一附属医院东南角,10096,114.7669978,25.68433265,4,2,3,24小时,TRUE,32
1560,蔚来能源超级充电站(赣州南康远洋未来广场),赣南大道与家居大道交汇处(家居小镇入口处),[],114.7610973,25.68660476,4,1,5,24小时,FALSE,20
1561,极充站,赣南高架路辅路与家具大道交叉口东北240米,[],114.7610122,25.68685584,4,5,5,24小时,FALSE,31
1562,小桔充电汽车充电站(南康金融中心超充站),东山街道中国赣州低空经济大厦,15170726671,114.7504129,25.68468659,4,5,5,24小时,FALSE,7
1563,润诚达汽车充电站(东山之冠停车场站),东山之冠停车场,13979756008,114.7478924,25.68657621,4,5,1,24小时,FALSE,50
1564,新电途汽车充电站(南康区金融中心窑边安置点停车场充电站),金融中心窑边安置点停车场充电站京东养车对面车位,19536561391;4001100835,114.7477522,25.68987793,4,1,3,24小时,FALSE,49
1565,超翔汽车充电站(南康区金融中心4号地下室),金融中心4号地下室负一楼,15170726671,114.7484726,25.68460225,4,2,1,24小时,FALSE,34
1566,云亿兆汽车充电站(东山之冠西区地下车库D118),"东山之冠西区D118车位,叠墅区10栋车位",13766396511,114.7478225,25.68474926,4,1,5,24小时,TRUE,20
1567,中国石化汽车充电站(广电停车场充电站),横水镇南新路广电公司,95105888,114.3036216,25.6915868,2,5,3,24小时,FALSE,44
1568,驴充充汽车充电站(维也纳国际酒店赣州南康家具城店),文峰大道昕艺舞蹈地下停车场,0797-966999,114.7822417,25.68795642,4,3,1,24小时,TRUE,35
1569,特来电目的地充电站(维也纳国际酒店赣州南康家具城店),迎宾东大道与文峰大道交叉路口往南约220米,17379774161,114.7821586,25.68788427,4,5,3,24小时,FALSE,41
1570,驴充充汽车充电站(南康国际家具城新配套市场广场),星池路中国南康国际家具配套广场内中国邮政银行(家具城支行)附近10米,0797-966999,114.7808025,25.69051796,4,3,5,24小时,FALSE,27
1571,小桔充电汽车充电站(启航超充站),三木办公家具(星池路店)泓泰家具产业交易市场E区,4000610999,114.7830194,25.69332023,4,3,3,24小时,TRUE,7
1572,小桔充电汽车充电站(新天地超充站),东山街道星池路祥光新天地,966999,114.778073,25.69071881,4,5,5,24小时,FALSE,41
1573,驴充充汽车充电站(新天地超充站),星池路祥光·新天地,13924519310,114.7781792,25.69057786,4,1,3,24小时,FALSE,42
1574,快电南康家具城汽车充电站,家具城货物配送中心,[],114.7757781,25.69270229,4,5,1,24小时,TRUE,47
1575,云快充汽车充电站(南康国际家具城荣宝充电站),南康国际家居中心(南康工业大道),4008288517,114.77566,25.69270516,4,5,3,24小时,TRUE,23
1576,云快充汽车充电站(地面停车场店),家具城原考试中心地面停车场,4008288517,114.7757801,25.6927193,4,1,3,24小时,TRUE,37
1577,特来电汽车充电站(赣州陆港综保物业服务综保汇充电站),龙岭镇龙岭南路赣州综合保税区,18370896322,114.8113286,25.68556464,4,3,1,24小时,FALSE,13
1578,驴充充汽车充电站(艾尚公馆停车场),沿江健走步道艾尚公馆,19070689137,114.7464622,25.68856615,4,3,5,24小时,FALSE,21
1579,小桔充电汽车充电站(大埠乡蓝云超市充电站),蓝云超市,4000610999,115.0712369,25.69195891,7,1,1,24小时,TRUE,42
1580,云快充汽车充电站(赣县大埠乡政府充电站),大埠乡政府,4008288517,115.071187,25.69244521,7,2,5,24小时,FALSE,28
1581,云快充汽车充电站(国誉新能源充电站祁禄山镇),祁禄山镇新时代文明实践广场旁停车场,4008288517,115.2993821,25.69071384,5,3,1,24小时,TRUE,36
1582,云快充汽车充电站(崇义黑金酒店快充站),崇义黑金酒店停车场内(章源大道),4008288517,114.3020497,25.67875989,1,3,1,24小时,TRUE,14
1583,云快充汽车充电站(崇义黑金酒店),崇义黑金酒店停车场内(章源大道),4008288517,114.3019588,25.67853093,3,4,5,24小时,FALSE,29
1584,中国铁塔汽车充电站(江西赣州崇义耀升饭店充电站),文竹路1号耀升国际饭店,10096,114.3031782,25.67816861,8,2,1,24小时,TRUE,41
1585,小桔充电汽车充电站(沃尔泰大摆充电站),长龙镇坪西段,4000610999,114.4247759,25.67735165,6,1,5,24小时,FALSE,12
1586,驴充充汽车充电站(城发东顺园),东山北路辅路城发东顺园,0797-966999,114.7551546,25.68096299,4,2,1,24小时,FALSE,30
1587,云快充汽车充电站(崇义县人民法院充电站),崇义县人民法院,4008288517,114.3033078,25.68084475,5,4,3,24小时,TRUE,29
1588,小桔充电汽车充电站(火车站广场),东山街道赣州国际港站赣州四季机动车检测有限公司,15170726671,114.785103,25.68291555,4,4,5,24小时,FALSE,21
1589,云亿兆汽车充电站(越秀能源),越秀华城,15297801289,114.7617682,25.67995271,4,5,1,24小时,FALSE,5
1590,驴充充汽车充电站(南康区康吉机动车检测站),旭山北路辅路南康区公安交警巡逻一中队东北63米,966999,114.7435282,25.6750102,4,4,3,24小时,FALSE,48
1591,润诚达汽车充电站(赣州钱权东顺园停车场站),城发·东顺园西南门东南180米,15879798595,114.7560651,25.67976673,4,5,3,24小时,TRUE,11
1592,特来电目的地充电站(崇义县人力资源中心停车场充电站),人力资源中心,17779712438,114.3026091,25.67622861,6,4,5,24小时,FALSE,26
1593,百胜泊充汽车充电站(东顺园小区大型超充站),东山北路北侧与赣南大道交叉路口南侧商业广场露天停车场,19907074998,114.7549445,25.68222457,4,3,3,24小时,TRUE,21
1594,驴充充汽车充电站(康阳超级充电站),沿江健走步道恒大江湾,966999,114.748502,25.67931952,4,5,5,24小时,FALSE,34
1595,星星充电汽车充电站(赣州市南康区东山中心小学店)(暂停营业),东山中心小学,4008280768,114.7603822,25.68135162,4,2,5,24小时,TRUE,38
1596,中国铁塔汽车充电站(江西赣州南康移动公司充电站),南康区移动公司,10096,114.7679829,25.68200725,4,2,3,24小时,FALSE,40
1597,小桔充电汽车充电站(东山之星超充站),东山之星,15170726671,114.7565651,25.68308664,4,1,1,24小时,TRUE,5
1598,赣州国际港快充充电站,工业大道赣州国际港站门口停车场,[],114.7848427,25.68313932,4,1,3,24小时,TRUE,48
1599,小桔充电汽车充电站(南康蓉江街道城北停车场充电站),蓉江街道旭山北路,4000610999,114.7424633,25.67431895,4,3,3,24小时,TRUE,23
1600,星星充电汽车充电站(崇义新世界购物公园共享充电站),新世界购物公园西门,17379797399,114.3049058,25.67738814,4,1,3,24小时,TRUE,44
1601,特来电汽车充电站(特来电赣州市南康区康泊酒店停车场充电站),迎宾中大道160号地面停车场,4001300001,114.7712203,25.67653029,4,1,1,24小时,TRUE,43
1602,国家电网汽车充电站(江西省赣州市南康区金鸡供电所充电站),东山街道文峰大道辅路佳兴文峰花园地面停车场,0797-6632209,114.7752908,25.6748225,4,1,5,24小时,TRUE,10
1603,小鹏超级充电站(小鹏S4超快充赣州南康三和停车场站),南康区工业园东山工业管理区工业二路22号,4007836688,114.7744699,25.67497171,4,2,5,24小时,FALSE,47
1604,蔚景云汽车充电站(赣州钱权三和充电站),东山街道工业二路22号江西三和医药有限公司,4006803880,114.774612,25.67512994,4,5,5,24小时,TRUE,12
1605,理想汽车超级充电站(理想超充站赣州钱权三和停车场),东山街道工业二路22号(三和充电站内),4006860400,114.7747302,25.67528814,4,2,5,24小时,FALSE,23
1606,赣州钱权三和停车场汽车充电站,工业二路22号,[],114.7744709,25.6749397,4,1,3,24小时,FALSE,22
1607,小桔充电汽车充电站(迎宾苑返迁房地下充电站),迎宾苑小区停车场,[],114.7714121,25.68187121,4,3,3,24小时,FALSE,15
1608,汽车充电站(江西通用机械厂汽车充电站),工业一路9号,18964936597,114.769745,25.67484108,4,3,1,24小时,TRUE,29
1609,全球易电官坑换电站,迎宾东大道258号,[],114.7941953,25.68405545,4,3,3,24小时,TRUE,21
1610,国家电网汽车充电站(江西省赣州市于都县靖石乡靖石供电服务站公共充电站),靖石乡靖石供电服务站公共充电站,0797-6292294,115.4885717,25.6776116,5,2,3,24小时,FALSE,9
1611,驴充充汽车充电站(任头村民委员会),任头村民委员会,13479750212,115.4855451,25.68188379,5,2,3,24小时,FALSE,16
1612,特来电汽车充电站(崇义县富畅公交公司专变旁停车场充电站),富畅公交公司旁,17779712438,114.3031128,25.67110913,8,1,5,24小时,TRUE,39
1613,汽车充电站(旗鱼充充上营菜市场站),振兴大道369号,15970002700,114.309312,25.67036758,4,5,3,24小时,TRUE,33
1614,特来电汽车充电站(崇义县博物馆停车场充电站),崇义县博物馆停车场,17779712438,114.3072728,25.67281155,5,1,5,24小时,TRUE,9
1615,国家电网汽车充电站(江西省赣州市崇义县扬眉镇扬眉供电所充电站),S316与农贸市场交叉口正西方188米,13507074639,114.4862952,25.67050803,5,4,1,24小时,TRUE,36
1616,特来电目的地充电站(特来电崇义县扬眉镇人民法院对面停车场充电站),地面停车场,17779712438,114.4933308,25.67029796,1,1,1,24小时,FALSE,22
1617,益星充电汽车充电站(南康区苏馨园小区3号桩),芙蓉大道50号,4008889498,114.7646469,25.67024968,4,3,1,24小时,FALSE,41
1618,百胜泊充汽车充电站(坪岭站),坪岭大型停车场内,13767750975,114.77428,25.67039419,4,5,1,24小时,FALSE,35
1619,特来电目的地充电站(崇义县扬眉镇政府院内停车场充电站),扬眉镇政府院内停车场,17779712438,114.4858135,25.6701104,7,1,3,24小时,TRUE,5
1620,百胜泊充汽车充电站(新民社区停车场站),新民社区党群服务中心对面停车场内(坪岭农贸市场旁),13767750975,114.7720278,25.6677196,4,4,3,24小时,TRUE,41
1621,驴充充汽车充电站(卡落岛安置点18号楼),文峰大道卡洛岛北侧卡落岛安置点-18号楼,0797-966999,114.7777443,25.66673713,4,3,5,24小时,FALSE,48
1622,益星充电汽车充电站(1号桩),蓝田大道89号,4008889498,114.7675634,25.66892123,4,4,3,24小时,TRUE,45
1623,星星充电汽车充电站(宝辉大酒店),宝辉大酒店,18079791696,114.7713308,25.67101559,4,1,5,24小时,FALSE,39
1624,充电站(赣州俪城酒店停车场),迎宾南大道与学府路交叉口东160米,[],114.7748449,25.66679097,4,1,3,24小时,FALSE,23
1625,驴充充汽车充电站(江西通用机械厂),工业一路9号江西通用机械制造有限公司,13876170423,114.7745702,25.67196329,4,2,5,24小时,TRUE,40
1626,百胜泊充汽车充电站(学府路社区停车场站),东山街道学府路社区党群服务中心办公楼下停车场,13767750975,114.7736295,25.66660863,4,4,1,24小时,TRUE,24
1627,中国石化汽车充电站(南康城南充电站),东山街道迎宾南大道辅路中国石化南康城南加油站,95105888,114.771304,25.66831021,4,4,5,24小时,TRUE,45
1628,云快充汽车充电站(旭山公园店),东门北路503超市往北岭前100米左转(旭山小院)地面停车场,4008288517,114.7486268,25.66878419,4,3,5,24小时,FALSE,10
1629,新电途汽车充电站(犹江电力南康坪岭转盘停车场充电站),蓝田大道与迎宾南大道交汇转盘处,4001100835,114.7709465,25.66938942,4,4,5,24小时,TRUE,13
1630,南康名特优小区外侧坪岭转盘停车场汽车充电站,蓝田大道2-19号辅路,19536561391,114.7709836,25.66930741,4,2,1,24小时,TRUE,42
1631,新电途汽车充电站(犹江电力南康区路福酒店充电站),东山街道路福酒店,4001100835,114.7703859,25.67055949,4,4,1,24小时,FALSE,9
1632,百胜泊充汽车充电站(文峰馨城小区站),迎宾南社区文峰馨城小区外围停车场,13767750975,114.7786354,25.66754456,4,3,5,24小时,FALSE,39
1633,星星充电汽车充电站(人民法院),蓝田大道,18170773866,114.7560261,25.66512229,4,1,3,24小时,TRUE,26
1634,国家电网汽车充电站(江西省赣州市南康区文峰大道停车场公共充电站),东山街道文峰大道辅路九方人才网工业二路总部,[],114.7751908,25.67410803,4,3,1,24小时,TRUE,30
1635,中国铁塔汽车充电站(江西赣州南康办事处充电站),府后路别墅区1栋2号,10096,114.7617592,25.66586557,4,2,1,24小时,FALSE,48
1636,益星充电汽车充电站(1号桩),东山街道工业二路28号,4008889498,114.7777288,25.6734545,4,2,5,24小时,TRUE,9
1637,益星充电汽车充电站(2号桩),东山街道工业二路28号,4008889498,114.7783646,25.6739945,4,2,1,24小时,FALSE,46
1638,益星充电汽车充电站(南康区苏馨园小区4号桩),芙蓉大道50号,4008889498,114.7652314,25.66994194,4,4,1,24小时,TRUE,20
1639,益星充电汽车充电站(南康区苏馨园小区2号桩),芙蓉大道50号,4008889498,114.7646469,25.67024467,4,2,5,24小时,TRUE,16
1640,中国铁塔汽车充电站(江西赣州南康岭背农贸市场充电站),岭背农贸市场旁地面停车场,10096,114.7437834,25.67096013,4,1,5,24小时,FALSE,11
1641,星星充电汽车充电站(南康区第五小学)(暂停营业),岭背社区旭山北路96号,4008280768,114.7427337,25.66927337,4,5,3,24小时,TRUE,42
1642,百胜泊充汽车充电站(仙妮酒店站),上坳路与新康西大道交叉口东100米,13767750975,114.7353557,25.66754427,4,1,1,24小时,TRUE,36
1643,百胜泊充汽车充电站(蓉江街办院内),蓉江街道办事处,13767750975,114.7325392,25.66485114,4,5,5,24小时,TRUE,9
1644,云快充超级充电站(赣驰南康栗古园充电站大小车通用),莲花村赣南大道,4008288517,114.7378744,25.6734244,4,4,1,24小时,FALSE,48
1645,云快充汽车充电站(阳明山国家森林公园别墅),阳明山国家森林公园别墅门口,4008288517,114.3083921,25.6604093,6,1,3,24小时,TRUE,25
1646,国家电网汽车充电站(江西省赣州市南康区横寨乡寨里村上寨组充电站),横寨乡寨里村上寨组,0797-6595569,114.6686528,25.65611281,4,1,1,24小时,TRUE,26
1647,国家电网汽车充电站(江西省赣州市崇义县长龙镇长龙供电所充电站),中心幼儿园边上,0797-3891325,114.422769,25.65529523,2,3,1,24小时,TRUE,31
1648,特来电目的地充电站(特来电崇义县长龙镇广场停车场充电站),地面停车场,17779712438,114.4228823,25.65457001,6,5,1,24小时,TRUE,33
1649,百胜泊充汽车充电站(稍江农庄站),稍江村稍江农庄,13767750975,114.7123819,25.65648189,4,5,1,24小时,TRUE,13
1650,中国石化汽车充电站(南康城区充电站),泰康西大道249号,95105888,114.7355165,25.65449676,4,5,1,24小时,FALSE,15
1651,特来电汽车充电站(赣州国光南康生活广场),国光生活广场停车场,[],114.7515788,25.66207136,4,4,1,24小时,TRUE,5
1652,新电途汽车充电站(犹江电力南康区东门社区上坝6组停车场充电站),蓉江街道东门社区上坝6组地面停车场,19536561391;4001100835,114.7560104,25.6613224,4,2,1,24小时,TRUE,50
1653,益星充电,东皋路与东门南路交叉口西南200米,[],114.7567317,25.66177292,4,5,5,24小时,FALSE,31
1654,益星充电汽车充电站(碧桂园小区),站前路与金龙大道交叉口往南560米,4008889498,114.7562767,25.65827,4,4,5,24小时,TRUE,18
1655,星星充电汽车充电站(南康区体育公园),天马山大道体育公园游泳馆地面停车场,[],114.7670898,25.65765926,4,3,1,24小时,FALSE,31
1656,新电途汽车充电站(犹江电力南康区泰康西大道停车场充电站),蓉江街道泰康西大道206-208号豪城花园,4001100835,114.7369759,25.65528164,4,2,1,24小时,TRUE,43
1657,小桔充电汽车充电站(国弘新能源南康塔坳充电站),南山大道塔坳安置点(百户超市左侧进入),18679783332,114.7736699,25.66192834,4,4,1,24小时,TRUE,45
1658,星星充电汽车充电站(星星充电-南康体育公园光储充充电站)(暂停营业),南康区文化艺术中心体育馆充电站,15170726671,114.7675542,25.65748455,4,3,3,24小时,FALSE,5
1659,益星充电汽车充电站(南康区强力汽修厂),工业四路,4008889498,114.7657128,25.65524501,4,2,5,24小时,TRUE,12
1660,润诚达汽车充电站(赣州钱权文化艺术中心停车场站),南康区文化艺术中心D区4楼西北方向110米南康文化艺术中心,19323827668,114.7661429,25.65876006,4,1,5,24小时,FALSE,39
1661,小桔充电汽车充电站(南康城市商业中心充电站),东山街道幸福路城市商业中心地下停车场A183,4000610999,114.7597845,25.65750429,4,2,5,24小时,FALSE,45
1662,文峰工业园27号楼快充电站,文峰工业园27号楼,[],114.8100722,25.65688886,4,2,5,24小时,FALSE,8
1663,文峰工业园2号楼快充电站,迎宾南大道39号,[],114.8072339,25.65451058,4,1,1,24小时,TRUE,48
1664,特来电汽车充电站(崇义县关田镇芦柴停车区充电站),关田镇荒田坑芦柴停车区,18179701888,114.1898604,25.64679271,8,2,3,24小时,TRUE,47
1665,百胜泊充汽车充电站(桥口村党群服务中心站),桥口村村民委员会停车场,13767750975,114.72971,25.64848664,4,1,1,24小时,FALSE,23
1666,百胜泊充汽车充电站(上垅村枫树下沙厂),东山街办上垅村枫树下沙厂停车场内,13767750975,114.8015384,25.65149016,4,4,1,24小时,FALSE,26
1667,新电途汽车充电站(犹江电力南康区南山村停车场充电站),南水街道和谐大道,4001100835,114.7456948,25.65044795,4,4,5,24小时,TRUE,11
1668,云快充汽车充电站(沃尔顿国际酒店充电站),南山大道11号,4008288517,114.7493655,25.6461762,4,1,5,24小时,TRUE,15
1669,小桔充电汽车充电站(南康南水华府充电站),南水街道南水华府(建设中),4000610999,114.7553868,25.6514003,4,4,1,24小时,TRUE,9
1670,汽车充电站(南水社区充电站),东山街道卫生所南水社区石灰陂,4000610999,114.7561062,25.64975879,4,4,1,24小时,FALSE,31
1671,星星充电汽车充电站(南康区第八中学充电站)(暂停营业),南康区第八中学,[],114.7540065,25.64897165,4,3,1,24小时,TRUE,12
1672,润诚达汽车充电站(南康区天马山社区停车场站),南山三路,15216126255,114.767675,25.6472907,4,2,3,24小时,TRUE,20
1673,小桔充电汽车充电站(天马山社区停车场充电站),南水街道南山三路嘉福里,4000610999,114.767635,25.6471556,4,4,5,24小时,TRUE,29
1674,犹江电力南康区赣州铭冠汽车4S店停车场充电站,南水新区南山大道与迎宾大道交汇处佳兴公园11栋1-6号店铺停车场,4001100835,114.776656,25.6525279,4,1,1,24小时,FALSE,42
1675,汽车充电站(驴充充超神超市),南水大道503号,15679760803,114.7589804,25.65365499,4,1,3,24小时,FALSE,14
1676,小桔充电汽车充电站(南康体育公园充电站),南山大道与天马山大道交叉口,15170726671,114.7680399,25.65403226,4,5,1,24小时,FALSE,16
1677,益星充电汽车充电站(南康区雅居豪庭小区),工业大道,4008889498,114.7666837,25.65412821,4,3,3,24小时,TRUE,34
1678,国家电网汽车充电站(江西省赣州市南康区南山大道52号停车场充电站),南山大道52号停车场,19179791366,114.7588868,25.64691069,4,2,5,24小时,FALSE,22
1679,益星充电汽车充电站(南康区龙华中心小学),天马山大道与南山大道交叉口西北160米,4008889498,114.7664575,25.654057,4,3,1,24小时,TRUE,7
1680,益星充电,联湖路与赛城湖大道交叉路口往东北约220米,4008889498,114.7665136,25.65385094,4,5,5,24小时,TRUE,22
1681,益星充电汽车充电站(南康区上坪安置点),南山三路63号上坪村,4008889498,114.7664575,25.654057,4,1,1,24小时,FALSE,34
1682,润诚达汽车充电站(赣州江钛南水洗刷刷站),江西省赣州市南康区南水大道洗刷刷共享自助洗车广场内,13767761241,114.748421,25.65091735,4,2,3,24小时,FALSE,19
1683,赣州江钛新能源南水汽车充电站,南水大道34号,[],114.748377,25.6508123,4,5,3,24小时,TRUE,45
1684,犹江电力南康区南山村停车场充电站,南水街道和谐大道,4001100835,114.7457118,25.65048997,4,2,5,24小时,TRUE,10
1685,百胜泊充汽车充电站(横寨乡老乡政府院内),横寨乡老乡政府院内停车场,13767750975,114.6856954,25.65041226,4,5,3,24小时,FALSE,18
1686,叮叮汽车充电站(靖石乡杨梅村),靖石乡450县道,17870089925,115.4796373,25.65303298,5,4,5,24小时,FALSE,22
1687,国家电网汽车充电站(江西省赣州市瑞金市拔英乡拔英供电服务站公共充电站),拔英乡503县道拔英光荣敬老院旁,0797-2318222,115.97064,25.65116965,7,2,1,24小时,TRUE,25
1688,云快充汽车充电站(忘忧谷缘溪民宿),忘忧谷缘溪民宿,4008288517,114.3279739,25.6346489,4,5,3,24小时,TRUE,41
1689,百胜泊充汽车充电站(南康西高速出口),南康西高速出口200米(南康区蓉江街道办苏矛村),13767750975,114.6879761,25.63727599,4,4,1,24小时,TRUE,7
1690,国家电网汽车充电站(江西省赣州市南康区赤土供电所充电站),赤土畲族乡赤金路,0797-6595569,114.6536935,25.64196431,4,5,3,24小时,TRUE,32
1691,汽车充电站(闪电蛙汽车换电站南山公园站),和谐大道18栋,[],114.7478037,25.64029021,4,4,5,24小时,FALSE,49
1692,中国铁塔汽车充电站(江西赣州南康区桥口物流重卡充电站),桥口物流园内,10096,114.7301464,25.63899087,4,4,1,24小时,FALSE,20
1693,星星充电汽车充电站(星星充电-桥口物流园充电站),桥口物流园入口左转直行到底再右转到车棚位置,15170726671,114.7298706,25.63840576,4,5,1,24小时,TRUE,49
1694,小桔充电汽车充电站(锦诚智慧充电站),蓉江街道苏访贤大道,4000610999,114.7328567,25.64065625,4,4,5,24小时,TRUE,13
1695,中国铁塔汽车充电站(江西赣州南康区桥口充电站),323国道旁如画小院,10096,114.7308272,25.6360051,4,3,3,24小时,TRUE,46
1696,锦诚智慧超级充电站(锦诚智慧重卡站),蓉江街道苏访贤大道小桔充电(锦诚智慧充电站),18870106118,114.7337083,25.64036272,4,1,1,24小时,FALSE,47
1697,中国铁塔汽车充电站(江西赣州南康区桥口物流园充电站),桥口物流园,10096,114.7268326,25.63944118,4,2,3,24小时,FALSE,41
1698,驴充充汽车充电站(于都县祁禄山镇马岭村卫生室),G238(利园线)于都县祁禄山镇马岭村卫生室,0797-966999,115.2590016,25.63599734,5,5,5,24小时,TRUE,34
1699,国家电网汽车充电站(江西省赣州市于都县盘古山镇盘古山供电所公共充电站),盘古山镇盘古山供电所公共充电站,0797-6296760,115.4306945,25.64111597,5,2,3,24小时,FALSE,16
1700,特来电汽车充电站(崇义县丰州安置点停车场充电站),丰州安置点停车场,17779712438,113.9757619,25.62800673,8,1,3,24小时,TRUE,29
1701,国家电网汽车充电站(江西省赣州市崇义县丰州乡古亭供电所充电站),丰州乡乡政府边上,[],114.042637,25.6290626,6,5,5,24小时,TRUE,23
1702,星星充电汽车充电站(星星充电-万林乔木充电站),东山街道万林金融监管仓项目办公楼斜对面,13979719634,114.7818273,25.62770633,4,3,3,24小时,TRUE,48
1703,国家电网汽车充电站(江西省赣州市会昌县珠兰乡珠兰供电所电动汽车充电站),珠兰圩镇,18779031165,115.7040189,25.63371993,6,1,1,24小时,FALSE,8
1704,云快充汽车充电站(赣县阳埠乡政府充电站),阳埠乡政府,4008288517,114.9202929,25.61677905,7,4,1,24小时,FALSE,34
1705,云快充汽车充电站(赣州赣县王母渡镇政府充电站),王母渡镇政府,4008288517,114.9918803,25.61899064,7,1,5,24小时,FALSE,28
1706,国家电网汽车充电站(江西省赣州市赣县区王母渡镇供电服务站公共充电站),王母渡镇南山大道,18179710239,114.9902711,25.6166785,7,5,1,24小时,TRUE,40
1707,星星充电汽车充电站(会昌县独好园风景里酒店充电站),清平乐大道独好园风景里酒店停车场,17379797399,115.7963699,25.61925867,4,2,5,24小时,FALSE,20
1708,特来电目的地充电站(崇义县关田河边街停车场充电站),关田镇河边街,17779712438,114.1605249,25.60567325,2,4,5,24小时,TRUE,19
1709,驴充充汽车充电站(客家大酒店充电站),区S226(砂园线)客家大酒店,0797-966999,114.995558,25.60968734,7,3,3,24小时,FALSE,37
1710,汽车充电站(特来电),350县道,[],115.2180611,25.61299548,7,4,5,24小时,FALSE,8
1711,盘古山服务区电动汽车充电站,盘古山镇盘古山服务区(宁定高速宁都方向),4008280768,115.4648242,25.61036204,5,3,1,24小时,FALSE,33
1712,星星充电汽车充电站(盘古山服务区东区),盘古山镇盘古山服务区(宁定高速宁都方向),4008280768,115.4648232,25.61038104,5,5,3,24小时,TRUE,35
1713,理想汽车超级充电站(理想5C超充站宁定高速盘古山服务区宁都方向),盘古山服务区,4006860400,115.4637861,25.61003217,5,5,5,24小时,FALSE,33
1714,理想汽车超级充电站(理想5C超充站宁定高速盘古山服务区定南方向),盘古山服务区,4006860400,115.4625623,25.61229499,5,3,5,24小时,TRUE,17
1715,盘古山服务区电动汽车充电站,S41宁定高速与盘古山服务区交叉口西南260米,[],115.4626566,25.6124583,5,1,3,24小时,TRUE,30
1716,驴充充汽车充电站(粤客隆时尚超市停车场),王母渡大街粤客隆时尚超市(平安街店)东78米,0797-966999,114.9952388,25.61384313,7,3,1,24小时,TRUE,11
1717,能效邻里共享汽车充电站(赣县区王母渡镇平安大道快乐番薯充电站),平安大道(包子就这家)隔壁,15970940065,114.9946051,25.6125525,7,3,1,24小时,TRUE,49
1718,星星充电汽车充电站(会昌县未来城社区公共充电桩),红旗大道,[],115.8079674,25.60683905,8,2,1,24小时,TRUE,38
1719,星星充电汽车充电站(会昌县城北小区社区充电桩),文园路,17379797399,115.8040879,25.61143619,1,3,5,24小时,FALSE,48
1720,星星充电汽车充电站(会昌县文园春晓公共充电站),红旗大道425号,17379797399,115.8084436,25.6054333,3,4,5,24小时,FALSE,31
1721,特来电目的地充电站(崇义县关田圩镇墙边停车场充电站),G76厦蓉高速与关田互通交叉口东北140米,17779712438,114.1417705,25.59724827,1,3,3,24小时,TRUE,9
1722,国家电网汽车充电站(江西省赣州市崇义县关田镇关田供电所充电站),关向段与商贸路交叉口东北460米,18879797881,114.1490995,25.59720277,4,5,1,24小时,FALSE,31
1723,特来电汽车充电站(崇义县米墅山舍充电站),米墅山舍,17779712438,114.2809484,25.60042221,6,3,5,24小时,FALSE,42
1724,特来电充电站(崇义县关田停车场),关田镇镇政府河对岸,17779712438,114.1438539,25.59595819,8,4,5,24小时,FALSE,41
1725,特来电汽车充电站(南康区龙回镇105国道汇明商行充电站),龙回镇105国道汇明商行,18970742566,114.772545,25.600771,4,3,1,24小时,TRUE,21
1726,小桔充电汽车充电站(龙回150亩家具集聚区充电站),龙回镇赣州市古徕家具有限公司,15170726671,114.7722628,25.59921206,4,4,1,24小时,FALSE,23
1727,能效邻里共享汽车充电站(会昌县龙腾富兴国际充电站),江西省赣州市水西路42号,15970764278,115.7722469,25.5982708,3,3,1,24小时,FALSE,34
1728,驴充充汽车充电站(金享大酒店),文武坝镇湘青桥头城市大酒店(戏剧小镇店),0797-966999,115.7846725,25.60047215,3,5,1,24小时,FALSE,16
1729,特来电汽车充电站(崇义县关田镇关田村充电站),关田镇关田村仁化桥组2号,18970130559,114.1421978,25.59412366,3,2,1,24小时,TRUE,12
1730,中国铁塔汽车充电站(江西赣州会昌源康嘉苑充电场站),源康嘉苑停车场,10096,115.8116088,25.59800888,6,5,1,24小时,TRUE,33
1731,中国石化汽车充电站(会昌城东充电站),紫云路中国石化会昌城东加油站,15979853559;95105888,115.8108561,25.59577757,6,2,3,24小时,TRUE,40
1732,国家电网汽车充电站(江西省赣州市会昌县湘青路财富线充电点),湘青路,19979717652;95598,115.7923938,25.60031817,1,3,5,24小时,FALSE,14
1733,超翔汽车充电站(维也纳酒店会昌店),城北街,4008399886,115.7801893,25.60312655,8,5,3,24小时,TRUE,39
1734,汽车充电站(星星充电会昌财富港江边公共充电桩),湘江大道100号,[],115.7925024,25.59554432,2,1,3,24小时,FALSE,36
1735,星星充电汽车充电站(星星充电-会昌财富港江边公共充电桩),会昌国际酒店,[],115.7924783,25.59540422,8,3,1,24小时,TRUE,5
1736,能效邻里共享汽车充电站(赣州市阳埠乡充电站),阳埠乡许屋村泥欧里东南121米,15770678684,114.9407581,25.59447215,7,5,5,24小时,FALSE,46
1737,星星充电汽车充电站(会昌欧氏新能源站),206国道九州路段林岗公园对面,18870705866,115.795938,25.59095579,5,4,5,24小时,FALSE,41
1738,驴充充汽车充电站(驴充充充电站天玺食府),S217湘江明珠小区,0797-966999,115.8062848,25.58732683,3,5,5,24小时,FALSE,26
1739,星星充电汽车充电站(杰铭新能源汽车),文武坝镇公园路地面停车场,[],115.8023074,25.58856339,2,4,5,24小时,TRUE,13
1740,星星充电汽车充电站(月亮湾杰铭新能源汽车),文武坝镇公园路,[],115.8024797,25.58976819,2,3,5,24小时,TRUE,30
1741,星星充电汽车充电站(星星充电-湘江明珠社区公共充电桩),湘江明珠,4008280768,115.806385,25.58765514,4,4,5,24小时,FALSE,10
1742,特来电汽车充电站(会昌宾馆停车场充电站),月亮湾新区富东路8号,13767762886,115.8019443,25.59183212,1,5,3,24小时,TRUE,42
1743,中国石化汽车充电站(会昌国际酒店充电站),文武坝镇会昌国际酒店,95105888,115.7938332,25.59477205,4,3,5,24小时,TRUE,6
1744,驴充充汽车充电站(会昌幸福华府),文武坝镇湘南四路会昌幸福华府,0797-966999,115.7774202,25.59444263,8,1,1,24小时,FALSE,17
1745,星星充电汽车充电站(星星充电-财富港赵一鸣零食店下方公共充电桩),财富港2期,[],115.7917059,25.5931281,6,5,3,24小时,TRUE,47
1746,国家电网汽车充电站(江西省赣州市南康区浮石乡浮石乡政府充电站),浮石乡浮石村浮石乡政府,0797-6618709,114.7038629,25.58185253,4,4,3,24小时,TRUE,50
1747,百胜泊充汽车充电站(油田村党群服务中心站),龙回镇油田村党群服务中心门口停车场地,13767750975,114.77724,25.57694412,4,3,3,24小时,FALSE,28
1748,云快充汽车充电站(会昌县鸿运重卡充电场站),鸿运渣土运输有限公司,[],115.7863201,25.58021302,5,3,1,24小时,FALSE,24
1749,飞充网智慧超级充电站(会昌岚祥新能源站),会昌汽车客运总站停车场,13870779185,115.7925707,25.57817232,2,2,3,24小时,FALSE,31
1750,崇义服务区小桔电动汽车充电站,崇义服务区与G76厦蓉高速交叉口西南460米,[],114.0401325,25.56947674,5,2,3,24小时,FALSE,31
1751,理想汽车超级充电站(理想5C超充站厦蓉高速崇义服务区成都方向),文英乡星星充电汽车充电站(崇义服务区北区)崇义服务区,4006860400,114.0401904,25.56938057,2,2,1,24小时,TRUE,24
1752,星星充电汽车充电站(崇义服务区北区),文英乡崇义服务区(厦蓉高速成都方向),4008280768,114.0402223,25.56951055,6,1,3,24小时,FALSE,10
1753,理想汽车超级充电站(理想5C超充站厦蓉高速崇义服务区厦门方向),文英乡G76厦蓉高速崇义服务区,4006860400,114.0406488,25.56659247,7,3,1,24小时,FALSE,16
1754,崇义服务区小桔充电站,中国石化崇义厦蓉高速服务南加油站南侧260米,[],114.0420086,25.56640643,8,5,5,24小时,TRUE,17
1755,星星充电汽车充电站(崇义服务区南区),文英乡G76厦蓉高速,4008280768,114.0420126,25.56642143,7,3,1,24小时,FALSE,7
1756,小桔充电汽车充电站(会昌中京增坑超充站),中京石化加油站(增坑站),4000610999,115.7870032,25.58290905,5,4,3,24小时,FALSE,19
1757,星星充电汽车充电站(阳光汽车城建材停车场充电站),[],[],115.7913521,25.5792509,1,2,1,24小时,FALSE,24
1758,星星充电汽车充电站(天玺湾6栋旁社区公共充电桩),月亮湾新区城南一路,4008280768,115.802381,25.58292322,8,1,5,24小时,FALSE,31
1759,驴充充汽车充电站(阳光汽车城8栋顺通汽贸),S217阳光汽车城阳光汽车城8栋,0797-966999,115.7880604,25.58035152,8,2,1,24小时,TRUE,12
1760,星星充电汽车充电站(星星充电-华南新城社区公共充电站),月亮湾新区城南一路,4008280768,115.8080392,25.5834984,8,1,3,24小时,FALSE,42
1761,金箭电动车充电站(胜利店),王母渡镇胜利村金箭电动车胜利店门口左侧,17779784455,115.0421411,25.56845667,7,5,3,24小时,FALSE,21
1762,特来电汽车充电站(崇义县文英安置点停车场充电站),文英安置点停车场,[],114.019275,25.55745397,8,1,5,24小时,FALSE,37
1763,星星充电汽车充电站(大余武通重卡充电站),赣州市乐达精密五金有限公司东北100米,19970706665,114.6637692,25.56086675,1,3,5,24小时,TRUE,42
1764,百胜泊充汽车充电站(聚源商行站),龙回镇三益村聚源商行店门前停车场,13767750975,114.774544,25.55999262,4,2,1,24小时,FALSE,34
1765,星星充电汽车充电站(星星充电-老宋校油泵充电站),县城农产品交易中心鑫顺石材,15216167699,115.7869547,25.5604242,3,3,5,24小时,TRUE,8
1766,星星充电汽车充电站(星星充电-荣鑫汽修充电站),县城农产品交易中心荣鑫汽车专业维修房屋右侧空地,18370865545,115.7870749,25.56101759,6,4,3,24小时,FALSE,8
1767,国家电网汽车充电站(大余县樟斗镇樟斗村加油站斜对面木头丘景观点充电站),樟斗镇樟斗村加油站斜对面木头丘景观点,13979716520,114.5070187,25.54905593,5,5,3,24小时,TRUE,37
1768,沃尔泰铅厂汽车充电站,铅厂服务区,4000610999,114.2681622,25.55225772,3,1,1,24小时,TRUE,39
1769,蔚景云汽车充电站(左拔村广场),左拔镇左拔村广场(西北角),4006803880,114.4342939,25.55120157,6,3,3,24小时,FALSE,48
1770,蔚景云汽车充电站(左拔政府门口),左拔镇人民政府,4006803880,114.4326063,25.55110384,6,1,5,24小时,FALSE,14
1771,国家电网汽车充电站(江西省赣州市大余县左拔镇左拔村停车场充电站),左拔镇左拔村停车场,13979716520,114.4352663,25.547994,3,5,1,24小时,FALSE,28
1772,蔚景云汽车充电站(樟斗镇停车场),樟斗镇388县道,4006803880,114.5040238,25.55189511,7,3,3,24小时,TRUE,11
1773,国家电网汽车充电站(江西省赣州市南康区龙回镇充电站),龙回镇105国道窑下,19917957299,114.7789021,25.54663653,4,2,1,24小时,TRUE,17
1774,驴充充汽车充电站(赣州小坌来粮加油站充电桩),赣县区-S226小坌加油站,13979711109,115.1886909,25.54720367,7,5,5,24小时,TRUE,31
1775,驴充充汽车充电站(小坌充电站),赣县区-S226小坌汽车维修店,0797-966999,115.1870779,25.54828329,7,1,3,24小时,TRUE,13
1776,新能源重卡充电站(会昌县九州工业园),九州工业园经三路(会昌县建筑垃圾资源化处置厂进门右转50米),[],115.7751961,25.54616741,8,3,1,24小时,FALSE,49
1777,特来电汽车充电站(崇义县铅厂镇街上充电站),铅厂镇农贸市场,17779712438,114.263635,25.54197454,3,4,3,24小时,FALSE,16
1778,蔚景云汽车充电站(家家新能源新城综合充电站),新城大道716-802号,4006803880,114.6380315,25.54039029,5,1,5,24小时,TRUE,19
1779,星星充电汽车充电站(辉能达新能源重卡充电站),新城镇新城工业小区工业一路赣州瑞赛珂新能源材料技术有限公司,18079790022,114.6590597,25.54535398,3,2,1,24小时,FALSE,13
1780,国家电网汽车充电站(江西省赣州市南康区龙回供电所充电站),龙回镇105国道龙回派出所,[],114.7839414,25.53940725,4,2,1,24小时,TRUE,32
1781,国家电网汽车充电站(江西省赣州市安远县塘村乡塘村供电服务站公共充电站),塘村乡塘村供电服务站公共充电站,15779795992,115.3418684,25.54176121,2,1,5,24小时,TRUE,35
1782,云快充汽车充电站(浮槎乡三角公园充电站),浮槎乡450县道,4008288517,115.4344306,25.53879056,1,2,3,24小时,TRUE,7
1783,充电站浮槎乡快慢,浮槎派出所南侧250米,[],115.4341922,25.53855109,1,4,5,24小时,TRUE,21
1784,小桔充电汽车充电站(浮槎乡综合文化站充电站),浮槎乡新时代文明实践所浮槎乡人民政府,19070733497,115.4371878,25.54197135,2,3,1,24小时,TRUE,11
1785,小桔充电汽车充电站(浮槎乡小学对面充电站),浮槎乡爱生亭浮槎中心小学,19070733497,115.4390156,25.53986587,4,5,1,24小时,TRUE,16
1786,国家电网汽车充电站(江西省赣州市会昌县晓龙乡充电站),晓龙乡,0797-5681200,115.5432498,25.54115466,6,1,5,24小时,TRUE,14
1787,国家电网汽车充电站(江西省赣州市上犹县梅水乡梅水供电所充电站),梅水乡园村村委会,0797-8548500,114.2471291,25.52686191,5,5,5,24小时,FALSE,27
1788,国家电网汽车充电站(江西省赣州市大余县新城镇新城供电所充电站),新城镇,0797-8786261,114.6118231,25.53370573,4,5,1,24小时,TRUE,11
1789,蔚景云汽车充电站(大余县新城镇税务分局门口),新城镇新城大道,4006803880,114.6089919,25.53384482,1,5,5,24小时,TRUE,50
1790,优充充电汽车充电站(蓝媒优充赣州南康区龙回镇半岭村充电站),龙回镇半岭村半岭组(平康大酒店),4000826699,114.8178226,25.526113,4,3,1,24小时,TRUE,39
1791,小桔充电汽车充电站(沃尔泰龙回服务区充电站),龙回镇105国道,4000610999,114.8148366,25.52699872,4,1,1,24小时,TRUE,37
1792,蔚景云汽车充电站(大余县新城镇龙祥大酒店对面充电站),新城镇东方口腔门诊部,4006803880,114.6137087,25.53438144,8,3,5,24小时,TRUE,33
1793,云快充汽车充电站(家家新能源新城福聚祥酒店充电站),新城工业园停车场,4006717555,114.6137946,25.53451241,2,2,5,24小时,FALSE,29
1794,百胜泊充汽车充电站(乡土客家酒店站),龙回镇半岭村乡土客家酒店停车场内,18170747705,114.8126021,25.52814497,4,2,3,24小时,TRUE,31
1795,百胜泊充汽车充电站(罗屋候车亭停车场站),龙回镇罗屋候车亭停车场内,13767750975,114.7868159,25.53538075,4,3,1,24小时,TRUE,34
1796,云快充汽车充电站(家家新能源新城四平家电充电站),新城大道与北门街交叉口西60米,[],114.6186454,25.53477996,3,4,1,24小时,FALSE,50
1797,世动云充汽车充电站(世动云充赣州会昌县麻州镇充电站),麻州镇君来顺餐馆(威汕线店),4001030535,115.7842415,25.53295661,1,1,3,24小时,FALSE,36
1798,理想汽车超级充电站(理想5C超充站大广高速南康服务区大庆方向),南康服务区,4006860400,114.8340956,25.51660739,4,4,1,24小时,FALSE,34
1799,国家电网汽车充电站(大广高速南康服务区充电站大庆方向),大广高速南康服务区充电站(大庆方向),0797-6512366,114.834285,25.51653372,4,3,5,24小时,FALSE,19
1800,国家电网汽车充电站(江西省赣州市会昌县麻州镇充电站),麻州镇,0797-5662009,115.7825895,25.51773937,7,3,5,24小时,FALSE,17
1801,国家电网汽车充电站(大广高速南康服务区充电站广州方向),大广高速南康服务区充电站(广州方向),0797-6512366,114.8319656,25.51380555,4,4,1,24小时,FALSE,16
1802,理想汽车超级充电站(理想5C超充站大广高速南康服务区广州方向),南康服务区与G45大广高速交叉口南140米,4006860400,114.8319917,25.51399266,4,4,1,24小时,TRUE,30
1803,驴充充汽车充电站(万象山餐厅充电站),赣县区-区区韩坊镇梅街村富窝里万象山餐厅,0797-966999,115.1227498,25.50859052,7,5,3,24小时,TRUE,12
1804,国家电网汽车充电站(江西省赣州市会昌县富城乡充电站),富城乡充电站,0797-5622997,115.8476303,25.51269015,7,4,1,24小时,TRUE,15
1805,理想汽车超级充电站(理想5C超充站南韶高速大余服务区韶关方向),大余服务区韶关方向(靠近治安亭),4006860400,114.6076252,25.49698983,6,2,1,24小时,FALSE,17
1806,特来电充电站(康大高速大余服务区大余方向),大余服务区,[],114.6074003,25.49718403,7,1,5,24小时,TRUE,32
1807,蔚来换电站(G6011南韶高速大余服务区韶关方向),G6011南韶高速与大余服务区交叉口西120米,[],114.6075452,25.49701889,8,3,5,24小时,FALSE,46
1808,江投能链汽车充电站(大余服务区充电站韶关方向),G6011南韶高速与大余服务区交叉口西300米,4008882596,114.605816,25.49668378,6,4,3,24小时,FALSE,36
1809,百胜泊充汽车充电站(大余服务区重卡站),大余服务区(南韶高速韶关方向),18970828313,114.6056061,25.49662688,5,2,5,24小时,FALSE,11
1810,百胜泊充汽车充电站(公主岭飞行营地站),龙回镇公主岭国家航空飞行营地停车场,13767750975,114.807614,25.50532752,4,3,1,24小时,FALSE,36
1811,国家电网汽车充电站(江西省赣州市安远县浮槎乡浮槎供电服务站公共充电站),浮槎乡浮槎供电服务站公共充电站,15970140010,115.4277501,25.4974531,3,1,1,24小时,TRUE,8
1812,国家电网汽车充电站(江西省赣州市崇义县铅厂镇长龙供电所充电站),义安村农贸市场,0797-3881060,114.299263,25.4874634,8,1,1,24小时,TRUE,29
1813,云快充汽车充电站(家家新能源池江镇政府充电站),323国道与居民街交叉口东北320米,[],114.5555827,25.48776244,6,2,5,24小时,FALSE,44
1814,江投能链汽车充电站(大余服务区充电站南昌方向),南韶高速大余服务区内大余服务区大车停车场,4008882596,114.6075553,25.49494427,2,1,5,24小时,FALSE,34
1815,理想汽车超级充电站(理想5C超充站南韶高速大余服务区南昌方向),大余服务区,4006860400,114.606286,25.49444486,5,4,1,24小时,FALSE,37
1816,蔚来能源超级充电站(南昌方向G6011南韶高速大余服务区),G6011南韶高速与大余服务区交叉口西南380米,[],114.606219,25.4944649,6,5,3,24小时,TRUE,7
1817,云快充汽车充电站(家家新能源池江派出所充电站),323国道与158乡道交叉口西南280米,[],114.5584633,25.4891274,2,4,3,24小时,FALSE,25
1818,驴充充汽车充电站(固营烟酒北138米),S226固营公益电影放映点北131米,0797-966999,115.3251072,25.48664678,8,4,3,24小时,TRUE,7
1819,驴充充汽车充电站(韩坊中国石化加油站旁充电站),兴业街韩坊汽车站西南侧约140米悦达圆梦旅游公司,0797-966999,115.1006159,25.49444947,7,5,1,24小时,FALSE,50
1820,汽车充电站(龙布镇金顺),龙布镇金顺汽修充电站,4001612009,115.3585823,25.48804696,8,4,1,24小时,TRUE,24
1821,云快充汽车充电站(赣县韩坊镇政府充电站),韩坊镇政府,4008288517,115.094016,25.49053111,7,4,5,24小时,FALSE,12
1822,小桔充电汽车充电站(双芫全民健身中心充电站),双芫乡双芫村村委会,19070733497,115.3022689,25.48992527,8,5,5,24小时,FALSE,35
1823,国家电网汽车充电站(江西省赣州市安远县双芫乡双芫供电服务站公共充电站),双芫乡双芫供电服务站公共充电站,15779795992,115.3032288,25.49315953,3,5,5,24小时,TRUE,30
1824,国家电网汽车充电站(江西省赣州市赣县区韩坊镇供电服务站公共充电站),韩坊镇圩镇停车场,13576672130,115.0906964,25.49324401,7,4,3,24小时,FALSE,44
1825,特来电汽车充电站(交通驿站店),昌顺石化加油站旁,15979793382,115.3068379,25.48752044,6,3,5,24小时,FALSE,8
1826,奇历山新能源汽车充电站,双芫乡奇历山喜迎客烟茶酒门口,4008288517,115.2982654,25.49363321,1,2,1,24小时,FALSE,27
1827,驴充充汽车充电站(韩坊恒越石化加油站站旁充电站),区新发装饰,13507978295,115.0910668,25.48677009,7,5,5,24小时,TRUE,45
1828,国家电网汽车充电站(江西省赣州市崇义县乐洞乡聂都供电所充电站),乐洞乡营业厅旁,0797-3848333,113.9897588,25.48428659,7,1,3,24小时,FALSE,27
1829,国家电网汽车充电站(江西省赣州市崇义县聂都乡聂都供电所充电站),聂都乡钟屋沉塘,13767735388,114.1102634,25.482705,7,3,3,24小时,TRUE,47
1830,蔚景云汽车充电站(池江镇文化北门广场),池江镇323国道池江文化广场,4006803880,114.5518038,25.48564334,4,2,1,24小时,FALSE,42
1831,国家电网汽车充电站(江西省赣州市安远县龙布镇龙布供电所充电站),龙布镇龙布供电门口,15779795992,115.3688596,25.47749691,2,3,1,24小时,TRUE,26
1832,小桔充电汽车充电站(龙布镇老方酒家充电站),龙布镇过境大道,19070733497,115.3729507,25.48056348,1,5,1,24小时,FALSE,7
1833,驴充充汽车充电站(丫山旅游度假区道源书院),黄龙镇大龙村丫山旅游度假区内丫山旅游度假区-道源书院,15179720522,114.3906939,25.46961495,7,5,3,24小时,FALSE,22
1834,驴充充汽车充电站(大余丫山旅游度假区卧龙谷),赣州市大余县章源生态旅游骑行道大余丫山旅游度假区-卧龙谷,15179720522,114.3928283,25.46986553,8,5,1,24小时,TRUE,25
1835,新电途汽车充电站(光圳西牛充电站大小车通用),西牛镇105国道旁永安检测站院内(左侧),4001100835,114.8772378,25.46642153,8,5,3,24小时,FALSE,25
1836,云快充汽车充电站(龙布锦华酒店充电站),龙布镇新医院路口龙布锦华酒店,4008288517,115.3706197,25.47542644,2,4,5,24小时,TRUE,49
1837,特来电汽车充电站(会昌县下寨停车区充电站),下寨停车区,18179701888,115.6404806,25.4740769,4,3,5,24小时,FALSE,37
1838,云快充汽车充电站(绿赣长沙充电站),长沙乡小田,[],115.5170892,25.47197294,6,2,5,24小时,FALSE,28
1839,国家电网汽车充电站(江西省赣州市安远县长沙乡长沙供电服务站公共充电站),长沙乡长沙,15779795982,115.5165312,25.47498218,4,4,3,24小时,TRUE,39
1840,小桔充电汽车充电站(长沙乡人民政府充电站),长沙乡人民政府,19070733497,115.5213958,25.4758479,5,3,1,24小时,TRUE,24
1841,蔚景云汽车充电站(大余丫山售票处),黄龙镇大余丫山旅游度假区售票处,4006803880,114.3822091,25.45612835,7,2,5,24小时,TRUE,50
1842,云快充超级充电站(赣驰西牛充电站大小车通用),西牛圩原九合农业厂房4号仓库停车场,4008288517,114.8773533,25.46043208,8,1,5,24小时,FALSE,22
1843,优充充电汽车充电站(蓝媒优充赣州大余青龙镇充电站),伯坚大道入口桂连食品店(西向),4000826699,114.5013505,25.46056875,8,4,1,24小时,TRUE,27
1844,超翔汽车充电站(西牛镇金牛花园小区新能源汽车交流桩),金牛花园停车场,15970827868,114.8805108,25.45725566,8,3,1,24小时,FALSE,32
1845,云快充汽车充电站(青龙镇政府),地面停车场,[],114.4868974,25.4560123,6,2,5,24小时,FALSE,30
1846,蔚景云汽车充电站(青龙323国道旁),青龙镇伯坚大道大余县青龙中学,4006803880,114.4787535,25.45254051,8,5,3,24小时,TRUE,6
1847,家家新能源充电桩,青龙街64-65号,[],114.479732,25.45289244,3,5,5,24小时,FALSE,18
1848,超翔汽车充电站(信丰广通物流),广通物流停车场,15970827868,114.8658323,25.45257948,8,4,5,24小时,FALSE,45
1849,驴充充汽车充电站(信丰绿萌智造),双龙大道wayzim,19979768889，0797-966999,114.9046484,25.44957541,8,5,5,24小时,FALSE,41
1850,江投能链汽车充电站(赣州信丰冷链物流园充电站),迎宾大道69号,4008882596,114.9018945,25.45126856,8,1,5,24小时,TRUE,28
1851,国家电网汽车充电站(江西省赣州市信丰县西牛城市),能量养生门前空地,[],114.8813634,25.45568584,8,2,3,24小时,TRUE,14
1852,国家电网汽车充电站(江西省赣州市信丰县西牛供电所城市公共充电站),西牛镇希望之星幼儿园,17870192081,114.8801757,25.45517091,8,3,5,24小时,FALSE,31
1853,国家电网汽车充电站(江西省赣州市会昌县右水乡右水供电所充电站),右水供电所充电桩(院内),13970726551,115.6685533,25.44718587,2,2,3,24小时,FALSE,22
1854,蔚景云汽车充电站(丫山集散中心停车场),黄龙镇体育路,4006803880,114.3970617,25.44288942,3,3,3,24小时,TRUE,30
1855,特来电充电站(信丰5G产业园停车场),行政服务大楼地面停车场,4001300001,114.8932505,25.44068625,8,1,1,24小时,TRUE,17
1856,星星充电汽车充电站(荣顺驾校充电站),工业大道与工业二路交叉路口往东约190米,13870728261,114.8986911,25.44089257,8,2,1,24小时,FALSE,34
1857,小桔充电汽车充电站(源源·景旺信丰产业园超级快充站),信丰县工业园永冠塑电站(公交站)信丰永冠塑电科技有限公司,4000610999,114.886375,25.43922375,8,5,3,24小时,FALSE,32
1858,PP充电汽车充电站(会昌县金水农业发展有限公司),右水圩街与新兴路交叉口西北方向43米左右金水农业发展有限公司,4006207660,115.672152,25.44497649,1,2,5,24小时,TRUE,22
1859,理想汽车超级充电站(理想5C超充站南龙高速信丰西服务区南康方向),信丰西服务区,4006860400,114.7932735,25.42804324,8,1,1,24小时,FALSE,22
1860,星星充电汽车充电站(信丰西服务区东区),西牛镇G4521南龙高速信丰西服务区,4008280768,114.7933176,25.42791528,8,5,5,24小时,TRUE,46
1861,信丰西服务区汽车充电站,G45大广高速,[],114.792378,25.42856497,8,4,1,24小时,TRUE,8
1862,星星充电汽车充电站(星星充电-大族工业园区充电站),众恒光电科技园西北200米(深圳大道东)信丰县深圳大道,19136998697,114.883479,25.43535139,8,3,1,24小时,FALSE,9
1863,信丰西服务区电动汽车充电站,西牛镇信丰西服务区电动汽车充电站信丰西服务区,4008280768,114.7909518,25.42775964,8,3,3,24小时,TRUE,30
1864,驴充充汽车充电站(幸福集市充电站),迎宾大道辅路圣塔幸福集市,16607078414,114.8991915,25.43319882,8,2,5,24小时,TRUE,12
1865,驴充充汽车充电站(老山铺充电站),迎宾大道圣塔幸福集市,16607078414,114.8985637,25.43271576,8,5,5,24小时,TRUE,38
1866,中国铁塔汽车充电站(江西赣州信丰县迎宾大道充电站),迎宾大道中翔石化金叶加油站,10096,114.8997312,25.43495415,8,5,5,24小时,FALSE,36
1867,驴充充汽车充电站(江西相宜建设有限公司),工业园绿源大道16号江西相宜建设有限公司信丰县分公司,0797-966999,114.9043097,25.43245161,8,2,1,24小时,TRUE,25
1868,国家电网汽车充电站(江西省赣州市会昌县站塘乡充电站),站塘乡,0797-5662009,115.7826519,25.42825348,7,2,3,24小时,FALSE,18
1869,国家电网汽车充电站(江西省赣州市大余县庾岭大道大余中学充电站),海明路5号,19179791366,114.3788823,25.42435439,2,2,1,24小时,TRUE,22
1870,国家电网汽车充电站(江西省赣州市大余县黄龙镇庾岭大道大余中学充电站),黄龙镇福兴路丫山路口,13766339953,114.3792121,25.4246062,7,3,3,24小时,TRUE,36
1871,小桔充电汽车充电站(江西宝睿快充站),西牛镇轩博科技有限公司江西宝睿电子科技有限公司,4000610999,114.8816091,25.41827665,8,3,5,24小时,TRUE,25
1872,中国石化汽车充电站(盛达充电站),工业园城北大道中国石化信丰盛达加油站,95105888,114.9099701,25.41975543,8,4,5,24小时,FALSE,48
1873,汽车充电站(信丰县新田镇下江村新丰站),093乡道,[],115.200624,25.42385161,8,3,1,24小时,TRUE,28
1874,驴充充汽车充电站(阳光花园14kw慢充新能源车桩),脐橙大道阳光花园地面停车场(脐橙大道北50米),400-9155-388,114.9092706,25.41895466,8,3,3,24小时,FALSE,6
1875,汽车充电站(驴充充),诚信大道10号,[],114.9160172,25.42378196,8,5,5,24小时,TRUE,47
1876,超翔汽车充电站(希岸酒店新能源充电桩),嘉定镇城北大道,19067836667,114.9121492,25.42018116,8,2,1,24小时,FALSE,40
1877,驴充充汽车充电站(珍珍商行),威汕线珍珍商行,0797-966999,115.7832075,25.42043257,5,3,3,24小时,TRUE,39
1878,驴充充汽车充电站(永隆乡人民政府内永隆乡退役军人服务站附近34米),S217(上小线)永隆乡人民政府,0797-966999,115.9312753,25.42017559,8,4,1,24小时,TRUE,30
1879,国家电网汽车充电站(江西省赣州市会昌县永隆乡充电站),永隆乡,0797-5622997,115.9270498,25.42407639,5,1,3,24小时,TRUE,24
1880,中国石化汽车充电站(大余五星充电站),海明路5号,95105888,114.369779,25.41181327,3,4,1,24小时,FALSE,46
1881,特来电汽车充电站(大余县安运渣土运输充电站),应急救援处突大队,17370113888,114.3183452,25.40701356,1,3,3,24小时,TRUE,36
1882,驴充充汽车充电站(会昌县站塘乡圩镇停车站液冷超充站),站塘乡G206(威汕线)盛昌超市(威汕线店),0797-966999,115.783618,25.42343572,7,3,3,24小时,FALSE,11
1883,蔚景云汽车充电站(青龙地产南安中学旁),南安镇梅国北路南安中学,4006803880,114.349465,25.40694845,5,5,1,24小时,TRUE,27
1884,中国石化汽车充电站(江西省赣州市大余县新民充电站),中国石化新民加油站,95105888,114.3602958,25.41588877,6,4,3,24小时,TRUE,8
1885,达克云汽车充电站(龙泉山水充电站),龙泉山水小区停车场,4006717555,114.3449949,25.40707199,3,4,5,24小时,TRUE,5
1886,国家电网汽车充电站(江西省赣州市信丰县油山镇供电所城市公共充电站),油山镇人民政府,13879753299,114.7002105,25.41112796,8,2,3,24小时,FALSE,25
1887,星星充电汽车充电站(星星充电-油山镇车辆服务中心充电站),大阿镇牛车,13870728261,114.7047438,25.40719666,8,1,5,24小时,TRUE,15
1888,驴充充汽车充电站(金橙花园小区),工业二路金橙花园东北87米,0797-966999,114.905041,25.40870055,8,5,1,24小时,TRUE,43
1889,星星充电汽车充电站(星星充电-一中充电站),信丰县第一中学,13870728261,114.9305963,25.41023921,8,4,5,24小时,FALSE,33
1890,驴充充汽车充电站(信丰金丰花苑14kw慢充),诚信大道信丰县金丰花苑(诚信大道东150米),400-9155-388,114.9240819,25.41024799,8,2,3,24小时,FALSE,16
1891,特来电汽车充电站(信丰县博大幸福里充电站),博大幸福里2期,15970015603,114.9143381,25.40737109,8,5,5,24小时,FALSE,23
1892,云快充汽车充电站(信丰县达鑫快充充电站),嘉定镇高新技术产业园橙乡大道888号(信丰锦宏农林开发有限公司),[],114.9063818,25.41549935,8,1,1,24小时,FALSE,28
1893,驴充充汽车充电站(驴充充城北农贸市场),嘉定镇漳州路城北农贸市场,0797-2052788,114.9156528,25.40684894,8,4,1,24小时,FALSE,41
1894,驴充充汽车充电站(达鑫),工业园城北大道农夫山泉北门信丰锦宏农林开发有限公司地上停车场-出入口,13970112481,114.9063798,25.41551435,8,1,1,24小时,TRUE,40
1895,云快充汽车充电站(彭屋驿站店),迳背公益电影放映点东侧190米,4008288517,115.3829814,25.40887587,4,1,5,24小时,FALSE,17
1896,小桔充电汽车充电站(龙布镇永清岩停车场充电站),龙布镇利园线永清岩(东南角),19070733497,115.3877734,25.41533672,3,1,3,24小时,FALSE,44
1897,蔚景云汽车充电站(浮江政府门口),浮江乡人民政府,4006803880,114.2915273,25.40151087,5,2,3,24小时,TRUE,28
1898,国家电网汽车充电站(江西省赣州市大余县浮江乡大余县浮江乡人民政府城市公共充电站),浮江乡人民政府,13979716520,114.2920018,25.4018612,2,1,1,24小时,FALSE,34
1899,云快充汽车充电站(家家新能源青隆公司C区西03),地面停车场,[],114.3537169,25.40393311,8,1,5,24小时,TRUE,50
1900,蔚景云汽车充电站(住宅北门河路),南安镇北门河北路江西金唐矿业有限公司,4006803880,114.3543932,25.40313493,4,3,1,24小时,FALSE,36
1901,云快充汽车充电站(家家新能源牡丹苑03公变充电站),北门河北路与金莲山大道交叉口南100米,[],114.3545281,25.40292168,3,4,3,24小时,TRUE,43
1902,蔚景云汽车充电站(县公安局大门旁边充电站),南安镇南安大道金大花园,4006803880,114.3641632,25.40136592,5,2,1,24小时,FALSE,16
1903,蔚景云汽车充电站(步行街香樟华府旁),南安镇北门河路,4006803880,114.3547391,25.39849757,3,1,3,24小时,FALSE,21
1904,蔚景云汽车充电站(人民医院院内),南安镇大余县人民医院医技楼,4006803880,114.3600473,25.39906996,8,2,1,24小时,FALSE,42
1905,家家新能源(人民医院充电桩),人民路与东直路交叉口北180米,[],114.3600503,25.39906995,8,1,5,24小时,TRUE,35
1906,蔚景云汽车充电站(金地锦城金莲山大道西),南安镇金莲山大道金地锦城C区,4006803880,114.346563,25.40430179,6,4,1,24小时,TRUE,50
1907,蔚景云汽车充电站(家家新能源充电站),南安镇金莲山大道,4006803880,114.3592678,25.40369088,7,5,3,24小时,FALSE,9
1908,家家新能源,北门河路,0797-8726199,114.3591189,25.40351205,1,1,1,24小时,FALSE,20
1909,蔚景云汽车充电站(经委门口南安大道),南安镇南安大道大余品牌城·购物广场,4006803880,114.3553922,25.40060696,6,5,3,24小时,TRUE,5
1910,家家新能源粮贸台区充电站,南安大道中国银行对面,0797-8726199,114.3632151,25.40049397,7,3,3,24小时,FALSE,47
1911,蔚景云汽车充电站(乡镇局南安大道),南安镇南安大道13号丽晶酒店,4006803880,114.3599573,25.40050334,3,5,3,24小时,TRUE,42
1912,蔚景云汽车充电站(粮贸南安大道中国银行正对面),南安镇南安大道金缘酒店(大余县店),4006803880,114.3631042,25.40057413,5,2,1,24小时,FALSE,26
1913,云快充汽车充电站(内良),金莲山大道与水库里路交叉口东40米,[],114.3576735,25.40379717,3,1,3,24小时,FALSE,50
1914,蔚景云汽车充电站(中大桥上河边路),南安镇东直路,4006803880,114.3603172,25.3968892,7,2,5,24小时,FALSE,12
1915,蔚景云汽车充电站(牡丹亭宾馆建设路),南安镇建设路世纪花园(建安路),4006803880,114.3523261,25.39777518,1,2,3,24小时,FALSE,22
1916,国家电网汽车充电站(江西省赣州市信丰县大阿镇大阿供电所充电站),大阿镇大阿中学对面,13979703519,114.8218944,25.40009335,8,3,5,24小时,FALSE,23
1917,星星充电汽车充电站(星星充电-大阿充电站),大阿镇人民政府,4008280768,114.820226,25.40088135,8,5,3,24小时,FALSE,38
1918,家家新能源公路段43号充电桩,南安大道263号,[],114.3569575,25.40074166,7,2,3,24小时,FALSE,36
1919,云快充汽车充电站(大余县岭南汽车充电站),大余县汽车站,4008288517,114.3637235,25.40298977,8,1,1,24小时,TRUE,14
1920,蔚景云汽车充电站(牡丹苑北门河路),南安镇北门河路大余鸿运祥旅馆,4006803880,114.3547081,25.39989887,4,2,1,24小时,TRUE,35
1921,家家新能源牡丹苑台区汽车充电站,北门河路,0797-8726199,114.3546481,25.39990896,3,4,3,24小时,FALSE,12
1922,蔚景云汽车充电站(公路段南安大道),南安镇南安大道钨都广场,4006803880,114.3568806,25.40045672,1,4,3,24小时,FALSE,50
1923,特来电汽车充电站(信丰县山水名居充电站),山塘路一号山水名居,15970015603,114.9342652,25.39972354,8,4,5,24小时,FALSE,36
1924,中国铁塔汽车充电站(江西赣州信丰润达充电站),站前大道与深圳大道交汇处润达国际环球港,10096,114.9110064,25.40317063,8,2,1,24小时,TRUE,27
1925,特来电目的地充电站(信丰县松山苑小区2期充电站),柚香园饭庄,15970015603,114.9262691,25.40204773,8,2,1,24小时,FALSE,16
1926,星星充电汽车充电站(星星充电-七小充电站),信丰县第七小学,13870728261,114.9303223,25.40329933,8,5,1,24小时,FALSE,41
1927,星星充电汽车充电站(星星充电-三中对面充电站),嘉定镇建设小区地面停车场(阳明北路),4008280768,114.9256641,25.40167144,8,5,5,24小时,TRUE,42
1928,星星充电汽车充电站(人民医院停车场),信安路与安康路交叉口西360米,[],114.9306001,25.39899314,8,5,1,24小时,TRUE,31
1929,星星充电汽车充电站(星星充电-人民医院充电站),人民医院地面停车场(安康路1号),4008280768,114.9299633,25.39713976,8,2,1,24小时,FALSE,48
1930,星星充电汽车充电站(星星充电-消防救援大队充电站),嘉定镇站前大道信丰县消防救援大队,13870728261,114.9015927,25.4055119,8,3,1,24小时,TRUE,23
1931,国家电网汽车充电站(江西省赣州市信丰县新田供电所城市公共充电站),新田镇金鸡雅迪电动车,13479731196,115.2161603,25.40078068,8,1,5,24小时,FALSE,28
1932,驴充充汽车充电站(江苏宗申盘天线店北407米),G357朱德广场内(东南角),966999,115.5003588,25.40266762,2,3,5,24小时,TRUE,6
1933,驴充充汽车充电站(天心能源充电站),G357哆哆超市(G357店)西北60米,0797-966999,115.4935786,25.40063291,8,4,1,24小时,FALSE,45
1934,小桔充电汽车充电站(天心镇天心党建主题公园充电站),天心镇派出所对面整军园内停车区,19070733497,115.4952683,25.40236329,1,3,3,24小时,TRUE,46
1935,驴充充汽车充电站(文化科技大楼附近19米),农民街文化科技大楼附近15米,966999,115.5037797,25.40038742,8,3,5,24小时,TRUE,18
1936,国家电网汽车充电站(江西省赣州市大余县内良乡内良圩充电站),内良乡内良圩充电站,13979716520,114.080715,25.39234752,5,3,1,24小时,TRUE,9
1937,蔚景云汽车充电站(工业城01号工业园),南安镇梅国大道13号旭光电子有限公司,4006803880,114.3466639,25.39013915,7,1,5,24小时,FALSE,21
1938,家家新能源工业城台区汽车充电站,梅国南路中段,[],114.3466609,25.39007014,4,4,1,24小时,TRUE,6
1939,蔚景云汽车充电站(陶园城余建路),南安镇168乡道,4006803880,114.3596784,25.3887447,3,4,1,24小时,FALSE,23
1940,蔚景云汽车充电站(新华书店城上路),南安镇城上路江西新华发行集团有限公司大余县分公司,4006803880,114.3599078,25.39434733,3,1,5,24小时,FALSE,36
1941,蔚景云汽车充电站(电力公司院内),南安镇大余县供电有限责任公司(梅国大道),4006803880,114.3472131,25.39020623,5,5,3,24小时,TRUE,27
1942,蔚景云汽车充电站(桥头市场城上路),南安镇城上路水城幼儿园,4006803880,114.3556324,25.39500861,2,3,5,24小时,TRUE,36
1943,家家新能源安泰41号充电桩,外环路与漂塘路交叉口南80米,[],114.3522009,25.3885068,7,4,3,24小时,FALSE,41
1944,蔚景云汽车充电站(裕昌楼01号城上路),南安镇城上路裕昌楼,4006803880,114.3585341,25.39540644,7,1,5,24小时,FALSE,28
1945,铁塔能源牡丹亭公园汽车充电站,伯坚大道1号,10096,114.3626512,25.39213926,3,4,5,24小时,FALSE,10
1946,汽车充电站(江投能链大余章源宾馆充电站),南安镇伯坚大道陶园路163号大余章源国际酒店,4008882596,114.3561813,25.38704246,6,4,1,24小时,TRUE,46
1947,云快充汽车充电站(裕昌楼),下河边路与东直路交叉口东南180米,[],114.3603083,25.39514591,3,4,5,24小时,TRUE,23
1948,蔚景云汽车充电站(坝上上河边路),南安镇上河边路,4006803880,114.353375,25.39545213,7,1,3,24小时,FALSE,24
1949,蔚景云汽车充电站(东门小学01号北门河路),南安镇下河边路福兴楼,4006803880,114.3586889,25.39619636,3,3,1,24小时,TRUE,38
1950,蔚景云汽车充电站(南安镇东山街),南安镇陶园路悦安大楼,4006803880,114.3610069,25.39076321,5,5,3,24小时,TRUE,40
1951,星星充电汽车充电站(星星充电-住建局充电站),嘉定镇城南大道信丰县城市公交公司(汽车总站后栋),4008280768,114.920728,25.38927807,8,1,1,24小时,TRUE,37
1952,为民公共汽车有限公司新能源车充电站,嘉定镇信安公路海鑫大厦21号,4008280768,114.919641,25.39446106,8,4,3,24小时,TRUE,34
1953,中国石化汽车充电站(半边岭充电站),迎宾大道与莲花巷交叉路口往西南约90米,95105888,114.9213119,25.39341714,8,5,5,24小时,FALSE,27
1954,星星充电汽车充电站(星星充电-妇幼保健院充电站),信池路信丰县妇幼保健院停车场,4008280768,114.915214,25.3956763,8,5,3,24小时,TRUE,37
1955,星星充电汽车充电站(星星充电-民政局充电站),嘉定镇城南大道信丰县城市公交公司(汽车总站后栋),4008280768,114.9189402,25.39021904,8,1,1,24小时,FALSE,16
1956,星星充电汽车充电站(星星充电-政府中心充电站),信丰县人民政府,13870728261,114.9182311,25.38987967,8,4,1,24小时,TRUE,10
1957,星星充电汽车充电站(星星充电-金品汽贸易公司充电站)(暂停营业),嘉定镇城南大道信丰县城市公交公司(汽车总站后栋),4008280768,114.920728,25.38927807,8,3,3,24小时,FALSE,42
1958,星星充电汽车充电站(果茶局充电站),市政大道与市政东路交叉口南140米,4008280768,114.9191401,25.38793747,8,4,5,24小时,FALSE,44
1959,星星充电汽车充电站(体育馆充电站),圣塔路5号4区,13870728261,114.9288055,25.39382185,8,3,3,24小时,TRUE,18
1960,星星充电汽车充电站(谷山风景区充电站),圣塔路5号4区,13870728261,114.9288055,25.39382185,8,1,1,24小时,FALSE,48
1961,星星充电汽车充电站(星星充电-公安局对面充电站),信丰公安局道路停车位,4008280768,114.9224097,25.38932824,8,4,1,24小时,TRUE,5
1962,星星充电汽车充电站(维也纳酒店充电站),嘉定镇恒福路瑞宏1栋0101号,13870728261,114.9221502,25.3879023,8,1,3,24小时,TRUE,15
1963,星星充电汽车充电站(星星充电-迎宾馆充电站),圣塔路5号4区,13870728261,114.9221502,25.3879023,8,4,5,24小时,FALSE,49
1964,蔚景云汽车充电站(畅逸慧充麦饭石充电站),嘉定镇粮贸路56号江西麦饭石大厦,4006803880,114.9250516,25.39348779,8,5,3,24小时,FALSE,24
1965,驴充充汽车充电站(重石幼儿园),G357重石幼儿园内,0797-966999,115.4183904,25.39048043,6,4,5,24小时,FALSE,10
1966,国家电网汽车充电站(江西省赣州市安远县重石乡重石供电服务站公共充电站),重石乡重石供电服务站公共充电站,15779795972,115.4190764,25.38796268,3,1,1,24小时,TRUE,12
1967,小桔充电汽车充电站(重石乡卫生院充电站),重石乡卫生院,19070733497,115.4132476,25.38749563,4,1,1,24小时,TRUE,35
1968,小桔充电汽车充电站(重石乡人民政府充电站),重石乡人民政府,19070733497,115.4189402,25.38800655,3,2,5,24小时,FALSE,45
1969,国家电网汽车充电站(江西省赣州市安远县天心镇天心供电所充电站),天心镇天心供电所旁边停车场,15779795982,115.4856719,25.3956974,4,1,5,24小时,FALSE,34
1970,星星充电汽车充电站(星星充电-自然资源局充电站),嘉定镇城南大道信丰县城市公交公司(汽车总站后栋),4008280768,114.9159781,25.38214045,8,4,1,24小时,FALSE,6
1971,星星充电汽车充电站(星星充电-财政局充电站),嘉定镇城南大道信丰县城市公交公司,4008280768,114.9101393,25.38440197,8,2,1,24小时,TRUE,49
1972,特来电汽车充电站(信丰县恒福竹林新居充电站),恒福竹林新居1栋地面停车场,15970015603,114.9377991,25.38294869,8,4,3,24小时,FALSE,6
1973,特来电汽车充电站(信丰县嘉定镇迎宾大道都市广场停车场),江西省都市广场停车场,15970015603,114.9202989,25.38451775,8,5,3,24小时,TRUE,17
1974,特来电目的地充电站(信丰县博大新城停车场),嘉定镇迎宾大道中段博大新城停车场,15970808999,114.9201491,25.38454591,8,5,3,24小时,FALSE,8
1975,特来电汽车充电站(信丰县恒福竹林新居充电站),恒福竹林新居1栋地面停车场,15970015603,114.9203348,25.3844457,8,1,3,24小时,TRUE,45
1976,星星充电汽车充电站(星星充电-碧桂园对面充电站),沿江南路,13870728261,114.9364024,25.37714626,8,4,5,24小时,FALSE,36
1977,星星充电汽车充电站(星星充电-党校充电站),中共信丰县委党校(赣州市嘉定镇水东街)江西省赣州市信丰县解放东路,4008280768,114.9308229,25.38064278,8,5,5,24小时,FALSE,7
1978,星星充电汽车充电站(星星充电-公路局充电站),南山东路公路局,13870728261,114.9266149,25.38297006,8,4,3,24小时,FALSE,37
1979,星星充电汽车充电站(星星充电-东南山体育广场充电站),信丰县第一小学(南山东路),4008280768,114.9312721,25.38044608,8,5,5,24小时,FALSE,19
1980,星星充电汽车充电站(星星充电-我行我宿酒店充电站),嘉定镇迎宾大道311号,13870728261,114.926021,25.38107354,8,1,5,24小时,TRUE,32
1981,星星充电汽车充电站(星星充电-林业实验中心充电站),嘉定镇同益村景佳葡萄园,13870728261,114.9286866,25.38178506,8,3,5,24小时,TRUE,22
1982,小桔充电汽车充电站(安远县重石乡重石村委会充电站),重石乡重石村重石村村委会,4000610999,115.4113692,25.38634117,7,4,5,24小时,TRUE,36
1983,国家电网汽车充电站(大余县吉村镇吉村中学充电站),吉村镇吉村中学,13979716520,114.2250781,25.37165158,6,4,5,24小时,FALSE,6
1984,驴充充汽车充电站(驴充充汽车充电站安运超充站),南安镇G220(梅关大道)驴充充充电站安运快充站,17370113888,114.3470226,25.37361296,5,2,1,24小时,FALSE,27
1985,中国石化汽车充电站(新华充电站),南安镇羊牯坪,95105888,114.3483928,25.37287356,4,5,3,24小时,TRUE,42
1986,驴充充汽车充电站(江西省赣州市大余县公安局交通管理大队城区中队),G220红旺建材租售有限公司东北江西省赣州市大余县公安局交通管理大队事故中队,0797-966999,114.3501504,25.37468293,6,5,5,24小时,FALSE,13
1987,星星充电汽车充电站(二附院充电站),迎宾大道(赣南医学院第二附属医院),4008280768,114.9152555,25.3725206,8,4,3,24小时,FALSE,48
1988,谷山森林公园停车场汽车充电站,南山西路,[],114.917373,25.37634134,8,3,5,24小时,FALSE,15
1989,特来电汽车充电站(信丰县花园湾充电站),花园路与城南大道交叉口西北40米,15970015603,114.9360644,25.37367432,8,2,5,24小时,FALSE,49
1990,驴充充汽车充电站(盛汇铂金湾789栋地库A155和A156车位),城南大道盛汇·铂金湾,15970700024,114.9379498,25.36821225,8,1,5,24小时,FALSE,13
1991,特来电目的地充电站(信丰县特超能花园路充电站),花园东路与花园西路交叉口南60米,15970015603,114.9360284,25.37373239,8,2,1,24小时,TRUE,43
1992,星星充电汽车充电站(星星充电-农机局充电站),嘉定镇城南大道信丰县城市公交公司(汽车总站后栋),4008280768,114.9234314,25.37315956,8,1,3,24小时,FALSE,36
1993,恒大星星充电站(电力大厦充电桩),一清路与迎宾大道交叉口东40米,[],114.9235116,25.36865682,8,2,3,24小时,TRUE,40
1994,驴充充汽车充电站(大余高速路口超充),南安镇梅山路健走步道江西南安板鸭有限公司,966999,114.3567265,25.36218998,1,3,1,24小时,FALSE,27
1995,特来电汽车充电站(赣州盛鑫光伏充电),南安镇江西盛源新材料有限公司二厂,13959029666,114.3465631,25.36131602,3,2,5,24小时,TRUE,9
1996,汽车充电站(谷山停车场充电桩),信雄大道35号,[],114.9112917,25.36494041,8,4,3,24小时,TRUE,44
1997,中国石化汽车充电站(广信充电站),嘉定镇马鞍山105国道边中国石化广信加油站,95105888,114.9212151,25.3634487,8,1,1,24小时,TRUE,36
1998,特来电目的地充电站(信丰县君澜度假酒店停车场充电站),信雄大道北侧1号,13979703136,114.9140572,25.36585061,8,3,3,24小时,FALSE,7
1999,益星充电汽车充电站(信丰县南山花园一期2号桩),城南大道,4008889498,114.9337885,25.36520193,8,3,5,24小时,TRUE,49
2000,益星充电汽车充电站(信丰县南山花园一期1号桩),城南大道,4008889498,114.9334192,25.36522353,8,5,5,24小时,TRUE,50
2001,星星充电汽车充电站(星星充电-新田充电站),新田镇人民政府,4008280768,115.2458164,25.36282392,8,4,1,24小时,FALSE,12
2002,国家电网汽车充电站(江西省赣州市会昌县中村乡充电站),中村乡,0797-5699360,115.8363384,25.35919237,2,5,1,24小时,TRUE,37
2003,汽车充电站(风俊站),南安镇新华村323国道原公安检查站,13766316366;4000850006,114.3269447,25.35204669,3,1,1,24小时,TRUE,28
2004,春燕超级充电站(春燕货物充电站),新华工业园,13642565539,114.3325468,25.35613958,5,4,1,24小时,FALSE,11
2005,星星充电汽车充电站(星星充电-花园湾对面充电站),信丰大桥(江西省赣州市信丰县滨江大道),4008280768,114.925314,25.35299358,8,3,1,24小时,FALSE,13
2006,中国铁塔汽车充电站(江西赣州信丰县信丰西站充电站),信丰西站站前广场,10096,114.8971572,25.35509258,8,2,1,24小时,FALSE,31
2007,星星充电汽车充电站(星星充电-公交公司内部充电站),城南大道,4008280768,114.9060645,25.34917911,8,2,1,24小时,FALSE,26
2008,国家电网汽车充电站(江西省赣州市信丰县大桥镇大桥供电所充电站),大桥镇联谊路,13879720110,115.1419808,25.3550384,8,5,3,24小时,TRUE,10
2009,驴充充汽车充电站(大桥镇信安路39号),G357阿龙汽配汽修压管,0797-966999,115.1441116,25.35177455,8,3,3,24小时,FALSE,28
2010,星星充电汽车充电站(铁石口)(暂停营业),嘉定镇城南大道信丰县城市公交公司(汽车总站后栋),4008280768,114.9087414,25.35460354,8,2,5,24小时,TRUE,38
2011,星星充电汽车充电站(星星充电-安西充电站)(暂停营业),嘉定镇城南大道信丰县城市公交公司(汽车总站后栋),4008280768,114.9087524,25.35455853,8,2,3,24小时,TRUE,32
2012,星星充电汽车充电站(星星充电-大桥镇便民社区充电站),大桥镇联谊路101号,13870728261,115.1433702,25.35505371,8,4,3,24小时,FALSE,38
2013,特来电汽车充电站(信丰县特来电新卫上充电站),嘉定镇新围上退役军人服务站,13330140237,114.9463121,25.34710927,8,3,5,24小时,TRUE,33
2014,驴充充汽车充电站(新田饭店),希望路与343省道交叉口东北100米新田饭店(希望路店),0797-966999,115.2449632,25.35272566,8,1,1,24小时,TRUE,10
2015,中国石化汽车充电站(赤岗充电站),正平镇仙济岩村信雄公路北侧,95105888,114.8623651,25.34628627,8,3,3,24小时,FALSE,15
2016,国家电网汽车充电站(大余县河洞乡河洞圩充电站),河洞乡河洞圩,13979716520,114.1020083,25.33262805,1,4,3,24小时,TRUE,47
2017,国家电网汽车充电站(江西省赣州市信丰县古陂镇广场充电站),古陂镇建设路146号,19179791366,115.0970572,25.33232695,8,2,5,24小时,TRUE,45
2018,国家电网汽车充电站(江西省赣州市信丰县古陂镇古陂供电所充电站),古陂镇094乡道,15879731987,115.0895781,25.33545419,8,5,5,24小时,FALSE,31
2019,特来电汽车充电站(赣州翔鸿物流有限公司版石镇充电站),版石镇松岗村石壁仔坑空地,18370892661,115.3534581,25.33085875,5,3,3,24小时,FALSE,5
2020,国家电网汽车充电站(济广高速会昌南服务区充电站济南方向),济广高速会昌南服务区充电站(广州方向),19979717669;95598,115.763056,25.33116838,3,4,3,24小时,FALSE,46
2021,中国石化汽车充电站(会昌南服务区东充电站),周田镇会昌南服务区(济广高速济南方向),95105888,115.7624433,25.33164103,8,3,1,24小时,FALSE,17
2022,国家电网汽车充电站(济广高速会昌南服务区充电站广州方向),济广高速会昌南服务区(广州方向)地面停车场,19979717669;95598,115.7604262,25.3324349,2,1,3,24小时,FALSE,29
2023,中国石化汽车充电站(会昌南服务区西区充电站),周田镇会昌南服务区(济广高速广州方向),95105888,115.7601439,25.33227173,3,5,5,24小时,FALSE,18
2024,小桔充电汽车充电站(会昌周田规划建设管理所充电站),周田镇精艺红木定制,4000610999,115.73215,25.32855859,5,5,1,24小时,FALSE,45
2025,国家电网汽车充电站(江西省赣州市会昌县周田镇圩镇应急广场充电站),周田镇圩镇应急广场内(东侧),19179791366,115.7271314,25.32994868,1,1,1,24小时,FALSE,20
2026,国家电网汽车充电站(江西省赣州市信丰县正兴路32号停车场充电站),正平镇新时代文明实践所,19179791366,114.8062798,25.32514053,8,4,3,24小时,TRUE,8
2027,国家电网汽车充电站(江西省赣州市信丰县正平镇正平供电所充电站),正平镇新时代文明实践所,15770805626,114.8062798,25.32514053,8,3,3,24小时,FALSE,12
2028,特来电汽车充电站(特来电版石镇红光村新能源汽车充电站),357国道东南30米,18070104430,115.3761379,25.32392918,2,4,1,24小时,FALSE,41
2029,特来电汽车充电站(会昌县潮汕欧客牛肉火锅城充电站),潮汕欧客牛肉火锅城,13870779230,115.7389403,25.3198323,1,4,5,24小时,FALSE,20
2030,国家电网汽车充电站(江西省赣州市信丰县城南供电所城市公共充电站),嘉定镇镇江圩,13766362826,114.9052726,25.30912165,8,5,5,24小时,TRUE,27
2031,小桔充电汽车充电站(安远县版石镇派出所充电站),版石镇357国道版石派出所,4000610999,115.3630742,25.3133415,5,5,3,24小时,TRUE,50
2032,驴充充汽车充电站(版石状元府),G357(工业园大道)版石状元府南145米,0797-966999,115.3647416,25.3161896,4,1,3,24小时,FALSE,38
2033,小桔充电汽车充电站(版石北辰·状元府充电站),北辰状元府,19070733497,115.3651001,25.31667719,4,3,5,24小时,FALSE,11
2034,驴充充汽车充电站(胜利路115号),胜利路宝峰电子厂版石总厂,0797-966999,115.3547023,25.31203523,7,4,1,24小时,TRUE,10
2035,小桔充电汽车充电站(安远县北方医院充电站),版石镇357国道北方医院,4000610999,115.3604683,25.30867563,7,2,1,24小时,FALSE,18
2036,国家电网汽车充电站(江西省赣州市会昌县洞头乡充电站),洞头乡圩镇居委会,0797-5699360,115.9139211,25.30778421,2,3,3,24小时,FALSE,42
2037,国家电网汽车充电站(江西省赣州市安远县版石镇版石供电服务站公共充电站),版石镇版石供电服务站公共充电站,15779795972,115.3576132,25.30365532,7,3,5,24小时,FALSE,45
2038,小桔充电汽车充电站(蔡坊乡卫生院充电站),安远县蔡坊乡人民政府,19070733497,115.4477655,25.30315052,8,4,3,24小时,FALSE,15
2039,特来电汽车充电站(会昌县周田镇绿谷山珍重卡充电站),周田镇下营村委会,13576704998,115.7318617,25.30532188,3,4,1,24小时,FALSE,13
2040,小桔充电汽车充电站(安远县市民广场充电站),版石镇238国道市民广场,4000610999,115.3610377,25.30563264,2,2,5,24小时,FALSE,35
2041,国家电网汽车充电站(江西省赣州市信丰县古陂充电站),大塘埠镇357国道,19179791366,115.0202815,25.29596963,8,2,1,24小时,FALSE,12
2042,云快充超级充电站(会昌正丰物流重卡充电站),正丰环保材料有限公司,4008288517,115.7414886,25.29232293,7,1,5,24小时,TRUE,28
2043,小桔充电汽车充电站(安远县版石镇红光村充电站),版石镇红光村新时代文明实践站,4000610999,115.3868437,25.27799429,5,1,5,24小时,TRUE,12
2044,国家电网汽车充电站(江西省赣州市信丰县万隆乡万隆供电所充电站),万隆乡107乡道,18779073958,114.7894084,25.2677936,8,3,3,24小时,FALSE,24
2045,国家电网汽车充电站(江西省赣州市信丰县解放路13号充电站),大塘埠镇105国道大塘埠工业小区,19179791366,114.9208659,25.27102857,8,4,3,24小时,TRUE,14
2046,国家电网小河汽车充电站,小河镇454省道小河镇敬老院,13607078189,114.8342542,25.26466108,8,5,1,24小时,FALSE,8
2047,蔚景云汽车充电站(筠门岭温泉酒店充电站),筠门岭镇金尚食餐厅会昌汉仙温泉度假区,4006803880,115.7577739,25.25777531,5,2,3,24小时,TRUE,36
2048,蔚景云汽车充电站(筠门岭商会充电站),筠门岭镇九二人才公寓,4006803880,115.7469015,25.26056851,2,5,1,24小时,FALSE,9
2049,星星充电汽车充电站(星星充电-大塘公路服务区充电站),大塘服务区,13870728261,114.9261492,25.25715399,8,4,1,24小时,FALSE,41
2050,星星充电汽车充电站(星星充电-万隆充电站),万隆乡人民政府,4008280768,114.7888788,25.24911246,8,5,3,24小时,FALSE,26
2051,特来电目的地充电站(会昌云海莱柏酒店充电站),云海莱柏酒店,18370706688,115.7442562,25.25151435,8,5,3,24小时,TRUE,13
2052,特来电汽车充电站(信丰宏达重卡超充站),小江镇莲青村村部往南100米105国道,15170186320,114.9184061,25.23901554,8,4,5,24小时,FALSE,47
2053,国家电网汽车充电站(江西省赣州市会昌县筠门岭镇筠门岭供电所充电站),筠门岭镇翰林国学幼儿园,0797-5665881,115.7450373,25.25319335,3,3,3,24小时,TRUE,44
2054,汽车充电站(汉仙湖游客中心新能源充电桩),筠金路48号,[],115.7578108,25.24553118,7,4,5,24小时,TRUE,30
2055,国家电网汽车充电站(江西省赣州市安远县蔡坊乡蔡坊供电服务站公共充电站),蔡坊乡蔡坊供电服务站公共充电站,15779795972,115.4458048,25.23244435,1,4,3,24小时,FALSE,46
2056,国家电网汽车充电站(江西省赣州市会昌县清溪乡充电站),清溪乡,0797-5665881,115.6208163,25.22842714,3,1,1,24小时,FALSE,40
2057,星星充电汽车充电站,坪安段,[],115.03904,25.20789964,8,1,5,24小时,TRUE,17
2058,智电熊汽车充电站(信丰县安西镇人民政府),S317安西镇,4008319887,115.0638627,25.20353781,8,5,5,24小时,TRUE,41
2059,安西镇人民政府汽车充电站,安西镇人民政府大门右侧停车场,[],115.0637738,25.20359392,8,2,5,24小时,FALSE,37
2060,国家电网汽车充电站(江西省赣州市信丰县安西供电所城市公共充电站),安西镇莲丰大道,13576777998,115.0640523,25.20440353,8,1,1,24小时,TRUE,6
2061,星星充电汽车充电站(安西服务区)(暂停营业),安西镇,4008280768,115.0636929,25.20352303,8,2,3,24小时,TRUE,50
2062,驴充充汽车充电站(安西镇农机加油站汽车充电站),S317中国石化(安西加油站),15970843969,115.0687154,25.20400097,8,4,5,24小时,TRUE,39
2063,国家电网汽车充电站(江西省赣州市安远县车头镇车头供电服务站公共充电站改造),车头镇车头,95598,115.3281473,25.20001194,6,4,5,24小时,TRUE,36
2064,小桔充电汽车充电站(车头镇卫生院充电站),车头镇野生动植物保护管理站,19070733497,115.3343241,25.2022892,6,4,1,24小时,TRUE,31
2065,驴充充汽车充电站(车头供电所),车头乡健走步道车头村民委员会,0797-966999,115.3332517,25.19717938,6,4,1,24小时,FALSE,10
2066,云快充超级充电站(方通铁石口充电站大小车通用),铁石口镇建华村(原信丰县水泥厂厂区内),4008288517,114.9251066,25.17306302,8,1,1,24小时,TRUE,23
2067,国家电网汽车充电站(江西省赣州市信丰县铁石口供电所城市公共充电站),铁石口镇064县道,13970129663,114.9221309,25.17229859,8,2,1,24小时,FALSE,10
2068,云快充汽车充电站(绿赣高云山乡上濂充电站),高云山乡上濂村,4008288517,115.438623,25.17600112,5,4,1,24小时,TRUE,8
2069,国家电网汽车充电站(江西省赣州市安远县高云山乡高云山供电服务站公共充电站),高云山乡高云山供电服务站公共充电站,15779795933,115.524267,25.17157992,6,2,5,24小时,TRUE,50
2070,汽车充电站(高云山乡人民政府站),高云山乡人民政府往前50米,[],115.5249101,25.16920176,5,4,1,24小时,TRUE,25
2071,星星充电汽车充电站(星星充电-铁石口充电站),景福休闲广场地面停车场,4008280768,114.9282125,25.16034769,8,4,1,24小时,FALSE,21
2072,国家电网汽车充电站(江西省赣州市安远县新龙乡新龙供电服务站公共充电站),新龙乡新龙,15779795989,115.3162462,25.15147724,2,1,3,24小时,TRUE,20
2073,小桔充电汽车充电站(中西医结合医院充电站),车头镇安远县中西医结合医院,19070733497,115.3448364,25.15511064,4,4,5,24小时,FALSE,12
2074,星星充电汽车充电站(东江电商集团充电站),欣山镇中农批公交站,4008280768,115.3649032,25.15265355,1,3,3,24小时,FALSE,40
2075,云快充超级充电站(赣州安远295乡道充电站),295乡道,4008288517,115.4433558,25.14022543,2,4,3,24小时,TRUE,31
2076,小桔充电汽车充电站(安远县新龙乡初中充电站),欣山镇新龙乡居委会,19070733497,115.3249581,25.14371617,4,1,5,24小时,FALSE,40
2077,特来电汽车充电站(青鹏新能源安远高速出口超充站),赣南绿之源公司停车场,17370723082,115.346649,25.14023163,2,2,5,24小时,TRUE,24
2078,蔚景云汽车充电站(沁园小区充电站),沁园小区A2-7号,13317081730;4006803880,115.3801936,25.14148333,7,4,5,24小时,TRUE,45
2079,沁园小区汽车充电站,沁园小区7号,[],115.3814947,25.14132546,4,2,5,24小时,FALSE,39
2080,特来电汽车充电站(青鹏新能源安远绿之源超充站),欣山镇赣州绿之源果业有限公司,17370723082,115.3656691,25.13991756,4,5,1,24小时,FALSE,40
2081,小桔充电汽车充电站(电商产业园电商集团充电站),欣山镇东江电商集团安远县电商产业园,19070733497,115.3535063,25.14653199,1,1,3,24小时,FALSE,44
2082,中国铁塔汽车充电站(江西赣州安远新世纪广场充电站),新世纪广场,10096,115.385844,25.14185594,3,1,3,24小时,TRUE,35
2083,驴充充汽车充电站(安远县西街里花园酒店),欣山镇中山路安远县,966999,115.3892628,25.1385098,5,4,3,24小时,FALSE,45
2084,中安汽车充电站(罗珊乡新医院停车场),377县道,[],115.8163649,25.14479938,5,1,1,24小时,TRUE,39
2085,国家电网汽车充电站(江西省赣州市寻乌县罗珊乡乡镇公共充电站),罗珊乡政府停车场,0797-2831111,115.8187317,25.14592573,2,3,5,24小时,TRUE,30
2086,星星充电汽车充电站(安远县迎宾馆充电站),安远迎宾馆停车场,4008280768,115.3794084,25.13828015,2,2,5,24小时,FALSE,32
2087,中国石化汽车充电站(东江源充电站),欣山镇东江源大道613号中国石化东江源加油站,19979721720;95105888,115.3758256,25.13813804,6,3,1,24小时,FALSE,50
2088,小桔充电汽车充电站(城北汽车站充电站),欣山镇濂江路280号,19070733497,115.3736266,25.14019588,5,2,3,24小时,FALSE,26
2089,新能源汽车充电站,维也纳酒店旁,4008280768,115.358964,25.13699863,8,5,1,24小时,FALSE,6
2090,云快充汽车充电站(安远九龙充电站),赣州银行(安远支行)九龙路252号,4008288517,115.3890983,25.13146143,3,1,5,24小时,FALSE,5
2091,中国铁塔汽车充电站(江西赣州安远翰林府充电站),希望路濂江中学北侧翰林府地下停车场,10096,115.3766213,25.13116993,3,4,1,24小时,FALSE,30
2092,云快充汽车充电站(裕赣超充站),欣山镇排丰安置点路口,[],115.3753557,25.12879023,2,1,5,24小时,TRUE,47
2093,小桔充电汽车充电站(欣山镇人民政府充电站),欣山镇人民政府,19070733497,115.373903,25.13001845,2,3,3,24小时,FALSE,43
2094,安远宏安物流超级充电站(宏安物流充电站),安远客运站后200米(山水海鲜城岔路口对面),13766337421,115.3745769,25.13631331,7,2,3,24小时,TRUE,12
2095,星星充电汽车充电站(安远县综合客运站充电站),平安路综合客运站门口地面停车场,4008280768,115.3738547,25.13506908,6,2,3,24小时,FALSE,5
2096,安远县城区新能源充电站—状元府充电站,东江源小学对面,[],115.3786815,25.13109228,1,3,1,24小时,FALSE,17
2097,江投能链汽车充电站(安远政务服务中心充电站),工业园大道105号安远县政务服务中心,4008882596,115.3939121,25.13254517,5,2,1,24小时,TRUE,36
2098,星星充电汽车充电站(安远县行政审批中心),东江源大道濂江中心小学南侧约80米,4008280768,115.3944521,25.13243211,1,3,3,24小时,FALSE,50
2099,中国铁塔汽车充电站(江西赣州安远生态环境局充电站),欣山镇卫生院,10096,115.3835811,25.13051205,4,1,5,24小时,TRUE,45
2100,驴充充汽车充电站(谊信新能源充电站105国道旁),G105(京澳线)龙迳河,966999,114.928269,25.1217186,8,1,3,24小时,FALSE,41
2101,特来电汽车充电站(赣州驭尊信丰铁石口充电站),105国道中国石油新光加油站南90米,18179701888,114.9340192,25.12791438,8,4,5,24小时,TRUE,40
2102,理想汽车超级充电站(理想5C超充站寻全高速安远服务区全南方向),新龙乡中国石化安远寻全高速北加油站安远服务区,4006860400,115.1965528,25.12576039,3,1,1,24小时,TRUE,9
2103,特来电充电站(安远服务区店),寻全高速安远服务区(安远方向)停车场,[],115.1968322,25.12564783,5,5,1,24小时,TRUE,38
2104,星星充电汽车充电站(星星充电-安远县嘉韵小镇),欣山镇运来生活广场嘉韵小镇,13870717746,115.3597289,25.13581065,5,2,5,24小时,TRUE,49
2105,理想汽车超级充电站(理想5C超充站寻全高速安远服务区寻乌方向),安远服务区,4006860400,115.1982766,25.12358723,5,5,5,24小时,FALSE,5
2106,特来电汽车充电站(特来电寻全高速安远服务区赣州方向停车场充电站),寻全高速安远服务区(赣州方向),4001300001,115.1982245,25.12348216,1,3,3,24小时,FALSE,31
2107,汽车充电站(中安充电站),思源大道,[],115.638493,25.12239665,2,5,3,24小时,FALSE,36
2108,星星充电汽车充电站(银庭书香酒店充电桩),欣山镇城南大道修田路交汇处,13870717746,115.3873348,25.12102202,1,2,3,24小时,TRUE,22
2109,汽车充电站(星星充电中央大街便民站),九龙大道19-20号,13870717746,115.3864119,25.12565701,8,3,3,24小时,TRUE,30
2110,驴充充汽车充电站(书香公园悦府地下室新能源汽车充电站),腾飞路书香公园悦府,0797-966999,115.3859056,25.11856088,6,1,1,24小时,TRUE,19
2111,中国铁塔汽车充电站(江西赣州安远中央公园充电站),中央大街购物中心(安远大道),10096,115.3820674,25.12559239,7,1,5,24小时,TRUE,17
2112,驴充充汽车充电站(日豪商务酒店),三中路日豪商务酒店(日豪花园东北)内,19136975948,115.3927929,25.12370211,6,3,1,24小时,TRUE,45
2113,星星充电汽车充电站(银庭花-筑酒店充电桩),欣山镇阳光佳苑旁圆梦商住楼1栋401,13870717746,115.381008,25.12759591,2,1,5,24小时,FALSE,32
2114,星星充电汽车充电站(星星充电-康莱博酒店地下停车场),欣山镇安远大道安远康莱博国际酒店(地下室),13870717746,115.3821372,25.12715321,6,3,1,24小时,TRUE,11
2115,国家电网汽车充电站(江西省赣州市安远县九龙大道采茶戏公园充电站),九龙大道采茶戏公园,95598,115.3830688,25.12481984,4,3,3,24小时,TRUE,26
2116,国家电网汽车充电站(江西省赣州市安远县九龙大道采茶戏公园充电站赣州江源),九龙大道采茶戏公园,19179791366,115.3842761,25.12509913,4,1,5,24小时,FALSE,11
2117,国家电网汽车充电站(江西省赣州市信丰县崇仙乡崇仙营业站充电站),崇仙乡小天使幼儿园崇仙中心小学,19807971916,114.8094546,25.11084702,8,4,5,24小时,TRUE,10
2118,星星充电汽车充电站(星星充电-崇仙卫生院充电站),崇小段与364县道交叉口东160米,13870728261,114.8128211,25.11125114,8,1,1,24小时,FALSE,25
2119,星星充电汽车充电站(安远县委党校充电站)(暂停营业),安远县委党校,[],115.3810581,25.1119273,2,2,5,24小时,TRUE,33
2120,PP充电汽车充电站(卓乐网络),欣山镇新安远一中大门门口旁书香公园,4006207660,115.3835822,25.11495344,5,5,1,24小时,FALSE,9
2121,驴充充汽车充电站(安远银庭书香酒店),三百山大道与欣山大道交叉口西40米安远银庭书香酒店,966999,115.3918385,25.11756087,1,5,1,24小时,TRUE,23
2122,特来电汽车充电站(信丰宏达重卡超充站),小江镇莲青村村部往南100米105国道,18270037809,114.9370799,25.10114271,8,4,3,24小时,TRUE,44
2123,驴充充汽车充电站(美光充电站105国道旁),小江镇莲青村美光修理厂(快速充电桩),15079757957,114.9351166,25.1049057,8,2,3,24小时,TRUE,34
2124,理想汽车超级充电站(理想5C超充站寻全高速寻乌北服务区全南方向),寻乌北服务区,4006860400,115.6943893,25.10003651,8,4,3,24小时,TRUE,26
2125,特来电充电站(寻全高速寻乌北服务区全南方向停车场),寻全高速寻乌北服务区(全南方向)停车场,[],115.6938601,25.10054532,1,4,5,24小时,FALSE,42
2126,特来电充电站(寻全高速寻乌北服务区寻乌方向停车场),寻全高速寻乌北服务区(寻乌方向)停车场,[],115.6937314,25.0989027,2,1,1,24小时,TRUE,43
2127,理想汽车超级充电站(理想5C超充站寻全高速寻乌北服务区寻乌方向),寻乌北服务区,4006860400,115.6937264,25.09874373,2,5,5,24小时,TRUE,41
2128,驴充充汽车充电站(信丰县小江镇105国道),G105(京澳线)莲花岗社区西南144米,18270037809,114.9402644,25.09577948,8,5,1,24小时,FALSE,27
2129,驴充充汽车充电站(国光品质调控研究院),G206(威汕线)春橙防虫网,0797-966999,115.7312966,25.09419838,8,5,3,24小时,FALSE,16
2130,国家电网汽车充电站(江西省赣州市全南县社迳乡充电站),社迳乡421县道,18970797144,114.6857885,25.08119464,3,1,1,24小时,TRUE,13
2131,国家电网汽车充电站(江西省赣州信丰县小江镇小江供电所充电站),小江镇地面停车场,0797-3226135,114.9427155,25.08627476,8,5,3,24小时,FALSE,37
2132,国家电网汽车充电站(江西省赣州市寻乌县澄江充电站),澄江镇206国道,19179791366,115.7244207,25.07100844,6,3,5,24小时,TRUE,14
2133,信丰服务区国家电网电动汽车充电站,大广高速信丰服务区充电站广州方向,0797-3226135;95598,114.8783052,25.06009222,8,3,3,24小时,FALSE,23
2134,理想汽车超级充电站(理想5C超充站大广高速信丰服务区广州方向),信丰服务区,4006860400,114.8783162,25.05975927,8,1,3,24小时,TRUE,8
2135,理想汽车超级充电站(理想5C超充站大广高速信丰服务区大庆方向),信丰服务区,4006860400,114.8802786,25.05953475,8,5,1,24小时,TRUE,32
2136,信丰服务区国家电网电动汽车充电站,大广高速信丰服务区充电站(大庆方向),0797-3226135;95598,114.8801926,25.05895376,8,2,3,24小时,TRUE,45
2137,云快充超级充电站(赣驰信丰小江镇充电站),小江镇小江高速路口正对面,4008288517,114.9398408,25.05947234,8,1,1,24小时,FALSE,17
2138,国家电网汽车充电站(江西省赣州市信丰县虎山乡虎山营业站充电站),虎山乡虎山中心小学旁,18870798484,115.1099904,25.06534767,8,4,5,24小时,FALSE,43
2139,国家电网汽车充电站(江西省赣州市寻乌县三标乡三标供电所城市公共充电站),三标乡485县道,13970779995,115.5829441,25.05158298,6,5,5,24小时,FALSE,44
2140,小桔充电汽车充电站(凤山乡卫生院充电站),凤山乡238国道安远县凤山乡卫生院,19070733497,115.3755119,25.05351802,7,3,3,24小时,TRUE,11
2141,赣州中安三标停车场汽车充电站,三标乡停车场,[],115.5877397,25.04150688,1,4,3,24小时,TRUE,5
2142,国家电网汽车充电站(江西省赣州市全南县陂头镇充电站),陂头镇正和正河村民委员会,18970797144,114.5914684,25.03500662,4,2,5,24小时,FALSE,44
2143,三百山服务区电动汽车充电站,镇岗乡三百山服务区(宁定高速定南方向),4008280768,115.3450888,25.0301841,4,4,1,24小时,FALSE,29
2144,小桔充电汽车充电站(凤山乡紫参小镇充电站),汽车充电站(凤山乡紫参小镇站),19070733497,115.3660374,25.03063283,7,2,1,24小时,TRUE,28
2145,汽车充电站(云睿充电),公厕斜对面,[],115.3634649,25.03155692,2,3,1,24小时,TRUE,40
2146,三百山服务区电动汽车充电站,镇岗乡三百山服务区餐厅三百山服务区,4008280768,115.3439932,25.02652747,3,3,1,24小时,FALSE,17
2147,国家电网汽车充电站(江西省赣州市全南县龙下乡充电站),龙下乡龙下村村民委员会,18970797144,114.7984307,25.015025,6,1,5,24小时,TRUE,17
2148,云快充汽车充电站(陂头镇陂头),陂头镇陂头村委会西侧454省道,4008288517,114.580338,25.00907344,5,2,1,24小时,TRUE,21
2149,云快充汽车充电站(绿赣镇岗乡围屋充电站),镇岗乡G238(陈屋),4008288517,115.3212955,25.00899905,3,3,5,24小时,TRUE,16
2150,云快充汽车充电站(绿赣镇岗乡桥头充电站),东生围景区停车场,4008288517,115.3228594,25.00565951,1,2,1,24小时,FALSE,11
2151,小桔充电汽车充电站(镇岗乡卫生院充电站),镇岗乡镇岗村卫生所,19070733497,115.3156889,25.00182171,3,4,1,24小时,TRUE,26
2152,驴充充汽车充电站(华松服务充电站),石镇线镇岗幼儿园陈记客家菜馆,966999,115.3201709,25.00797634,5,4,1,24小时,TRUE,28
2153,国家电网汽车充电站(江西省赣州市安远县镇岗乡镇岗供电服务站公共充电站),镇岗乡镇岗供电服务站公共充电站,15779795922,115.31945,25.00006179,3,5,3,24小时,FALSE,50
2154,三百山游客中心-新能源充电桩,新三段与三百山绿道交叉口西100米,[],115.4207933,24.99948169,2,2,1,24小时,TRUE,17
2155,驴充充汽车充电站(符山村停车场2号),符山村村民委员会,0797-966999,115.4215122,24.99841861,7,3,1,24小时,FALSE,43
2156,云快充汽车充电站(绿赣三百山悦山居民宿充电站),玉山农家乐X226西,[],115.4225509,24.97963434,4,1,3,24小时,TRUE,39
2157,小桔充电汽车充电站(传兴电力沃尔顿皇家花园充电站),文峰乡长举大道,4000610999,115.6235454,24.98325127,3,3,3,24小时,TRUE,8
2158,中国铁塔汽车充电站(江西赣州寻乌县客家小镇充电站),客家小镇商业街,10096,115.6264751,24.98531037,5,2,5,24小时,FALSE,18
2159,赣州中安汽车充电站(行政服务中心),行政服务中心地面停车场,[],115.6357973,24.98438937,2,4,5,24小时,TRUE,15
2160,汽车充电站(赣州中安城管站),新东大道70号,[],115.636827,24.98226508,7,5,5,24小时,FALSE,36
2161,汽车充电站(寻乌县大塘坪14栋),长安大道138正,17307972388,115.6225741,24.97283985,8,2,5,24小时,FALSE,50
2162,充充有电汽车充电站(广寻物流园站),长宁镇赣州中安充电站广寻现代物流园,[],115.6550653,24.97338883,8,4,3,24小时,FALSE,22
2163,赣州中安充电站,广寻物流园,[],115.6549924,24.97337797,7,5,5,24小时,TRUE,18
2164,赣州中安充电站,黄岗山公园停车场,[],115.6332974,24.97456149,4,4,1,24小时,TRUE,30
2165,赣州中安充电站,寻乌县人民医院停车场,[],115.6400127,24.97715172,5,4,1,24小时,FALSE,41
2166,赣州中安充电站(华南汽车城B区站),向阳大道与长安大道交叉口南220米,[],115.6234493,24.97132904,6,3,1,24小时,TRUE,13
2167,汽车充电站(尚亿源寻乌县城东小学门口),强国路2-110号,17307972388,115.6568234,24.97108287,5,4,1,24小时,FALSE,19
2168,中国铁塔汽车充电站(江西赣州寻乌县维也纳酒店充电站),强国路电商产业园1栋维也纳国际酒店,17307972388;10096,115.6669452,24.9728004,1,4,5,24小时,FALSE,32
2169,中国铁塔汽车充电站(江西赣州寻乌县长安大道充电站),东江源大道1号寻乌县政府地面停车场,10096,115.6318814,24.97316273,8,4,3,24小时,FALSE,28
2170,汽车充电站(向亿源滨河东路人才公寓站),滨河东路人才公寓桂竹帽街a栋,[],115.6412204,24.96982977,6,3,3,24小时,FALSE,6
2171,汽车充电站,滨河东路与南桥街交叉口东南60米地面停车场,[],115.6378683,24.97135797,8,2,1,24小时,FALSE,46
2172,汽车充电站赣州中安(花期国际酒店),滨河东路11号,[],115.6375456,24.97302524,6,1,1,24小时,FALSE,37
2173,云快充汽车充电站(绿赣孔田明德充电站),孔田镇上魏村明德学校100米内,[],115.3103141,24.96103041,2,3,5,24小时,TRUE,11
2174,小桔充电汽车充电站(孔田信立公司门口充电站),安远孔田电商文化创业园,19070733497,115.310627,24.96778289,2,3,1,24小时,TRUE,39
2175,汽车充电站(孔田镇大围站),孔田镇大围村信立公司门口停车区,[],115.310607,24.96775393,6,2,1,24小时,FALSE,21
2176,中安充电站(国际商贸城),科技大道与纬三路交叉口北280米,[],115.6690511,24.96348267,5,2,3,24小时,TRUE,50
2177,中国石化汽车充电站(寻乌县迎宾加油站),文峰乡中国石化寻乌迎宾加油站(1),95105888,115.6498687,24.96669126,5,1,5,24小时,FALSE,23
2178,国家电网汽车充电站(江西省赣州市寻乌县长宁充电站),文峰乡国家电网汽车充电站,19179791366,115.651352,24.9687463,7,4,3,24小时,TRUE,35
2179,国家电网汽车充电站(江西省赣州市寻乌县长宁镇长宁充电站),长宁镇长宁供电所地面停车场,0797-2831111,115.6517114,24.96880864,3,4,5,24小时,TRUE,19
2180,小桔充电汽车充电站(传兴电力国际商贸城充电站),长宁镇欧派高端全屋定制(国际商贸城店),4000610999,115.6691908,24.96355039,4,4,5,24小时,TRUE,38
2181,汽车充电站(赣州中安商业中心站),长安大道39号,[],115.6405905,24.96789307,8,4,5,24小时,FALSE,10
2182,赣州中安汽车充电站(国土大楼),长安大道63号,[],115.6421382,24.96605577,4,4,3,24小时,FALSE,18
2183,特来电汽车充电站(环城西路充电站),城北一路,18970730033,115.6374245,24.96289585,8,5,3,24小时,TRUE,28
2184,云快充汽车充电站(绿赣三百山榕江酒店充电站),三百山镇温泉大道10-11号,[],115.3878195,24.95432932,3,3,1,24小时,TRUE,36
2185,小桔充电汽车充电站(三百山梅屋集散中心充电站),三百山镇祥兰兰花酒店,19070733497,115.3946467,24.95612432,6,3,5,24小时,TRUE,31
2186,国家电网汽车充电站(江西省赣州市安远县三百山镇三百山供电服务站公共充电站),三百山镇三百山供电服务站公共充电站,15779795922,115.3647479,24.94983443,7,5,3,24小时,FALSE,25
2187,汽车充电站,温泉大道10-11号,[],115.4026917,24.95362422,1,5,5,24小时,TRUE,13
2188,云快充汽车充电站(绿赣三百山虎岗土菜馆充电站),虎岗村东江源酒店,[],115.4024704,24.95638578,6,5,1,24小时,FALSE,29
2189,赣州中安充电站(中山街停车场),新桥西路与中山路交叉口西240米,[],115.6429836,24.95587678,7,1,1,24小时,FALSE,17
2190,驴充充汽车充电站(寻乌县韵达极兔分拣中心),威汕线与科技大道交叉路口往北约140米寻乌县韵达分拣中心,0797-966999,115.6747115,24.95652886,2,3,3,24小时,FALSE,45
2191,汽车充电站(赣州中安岳家庄停车场站),岳家庄大道88号,[],115.6494824,24.95038924,2,2,3,24小时,TRUE,48
2192,汽车充电站(新桥西路长宁佳苑站),新桥西路25号,17307972388,115.6459529,24.95577571,3,1,5,24小时,FALSE,6
2193,特来电汽车充电站(寻乌鑫洲公寓充电站),吉潭镇鑫洲商务宾馆,13576657156,115.7434365,24.95749619,4,1,1,24小时,FALSE,23
2194,国家电网汽车充电站(江西省赣州市寻乌县吉潭镇吉潭充电站),吉潭镇吉潭供电所,0797-2862818,115.7439432,24.94937529,4,3,1,24小时,TRUE,34
2195,汽车充电站(鹤子镇半径村委站),鹤子镇半径村,[],115.2725665,24.94761587,6,5,1,24小时,TRUE,15
2196,小桔充电汽车充电站(孔田停车区充电站),孔田停车区,19070733497,115.3022487,24.9434334,7,4,3,24小时,TRUE,12
2197,云快充汽车充电站(绿赣孔田下魏三角公园充电站),孔田镇下魏村村委会东北100米,4008288517,115.3022398,24.94267752,7,4,1,24小时,TRUE,29
2198,云快充汽车充电站(绿赣孔田下魏三角公园),孔田镇下魏三角公园,[],115.3032629,24.94111195,3,2,1,24小时,FALSE,32
2199,小桔充电汽车充电站(三百山镇供销合作社充电站),山河,19070733497,115.3719192,24.9470477,8,2,5,24小时,FALSE,42
2200,小桔充电汽车充电站(鹤子镇半径村充电站),鹤子镇238国道,19070733497,115.2739268,24.94831637,8,3,1,24小时,TRUE,5
2201,汽车充电站(尚亿源俪枫豪庭酒店站),岳家庄大道162号,17307972388,115.6524081,24.94099125,8,1,1,24小时,FALSE,43
2202,国家电网汽车充电站(江西省赣州市全南县龙源坝镇充电站),龙源坝镇420县道,18970797144,114.4555833,24.93223661,6,5,1,24小时,FALSE,34
2203,驴充充汽车充电站(孔田镇计生办门口),孔田镇金利源健康板材(孔田中心幼儿园店),0797-966999,115.3030148,24.93431933,1,1,3,24小时,FALSE,46
2204,驴充充汽车充电站(孔田卫生院大门口),如意宾馆西南79米,0797-966999,115.30246,24.93262854,6,3,3,24小时,FALSE,44
2205,赣州中安汽车充电站(幸福小镇),岳家庄大道44号,[],115.6268433,24.93208332,7,2,1,24小时,TRUE,44
2206,国家电网汽车充电站(江西省赣州市寻乌县长宁镇236国道供电公司大楼城市公共充电站),长宁镇236国道,0797-2831111,115.6556966,24.93860652,7,4,5,24小时,FALSE,47
2207,云快充汽车充电站(中正广场炫轩二手车行站),中正广场内炫轩二手车行充电桩,[],115.6590637,24.93761734,2,4,1,24小时,TRUE,20
2208,蔚来能源超级充电站(济南方向G35济广高速寻乌服务区),金刚山隧道地面停车场1,[],115.7586364,24.93292684,5,5,1,24小时,FALSE,47
2209,寻乌服务区国家电网电动汽车充电站,济广高速寻乌服务区(济南方向)地面停车场,0797-2862818;95598,115.7585383,24.93260384,4,4,1,24小时,FALSE,40
2210,理想汽车超级充电站(理想5C超充站济广高速寻乌服务区济南方向),寻乌服务区,4006860400,115.7585173,24.93247385,6,1,1,24小时,TRUE,37
2211,国家电网汽车充电站(济广高速寻乌服务区充电站广州方向),济广高速寻乌服务区(广州方向)地面停车场,0797-2862818;95598,115.7555126,24.93463124,7,4,3,24小时,TRUE,21
2212,蔚来换电站(寻乌服务区广州方向),寻乌服务区西30米,[],115.7555356,24.93476623,1,4,1,24小时,TRUE,9
2213,蔚来能源汽车充电站(广州方向G35济广高速寻乌服务区),济广高速地面停车场1,[],115.7557557,24.93489429,8,4,5,24小时,FALSE,30
2214,理想汽车超级充电站(理想5C超充站济广高速寻乌服务区广州方向),寻乌服务区,4006860400,115.7566807,24.93255,7,1,1,24小时,TRUE,21
2215,中国石化汽车充电站(寻乌服务东区充电站),吉潭镇G35济广高速寻乌服务区,18170127899,115.7570328,24.93489982,3,3,1,24小时,FALSE,36
2216,中国石化汽车充电站(寻乌服务区西区充电站),吉潭镇寻乌服务区(济广高速广州方向),0797-2045278;13576657899;95105888,115.7568548,24.9323251,2,1,3,24小时,TRUE,50
2217,国家电网汽车充电站(江西省赣州市寻乌县项山乡乡镇公共充电站),项山乡政府停车场,0797-2831111,115.811778,24.93664189,3,4,3,24小时,FALSE,15
2218,星星汽车充电站,站前路万德小区路口地面停车场,19136788998,114.8735086,24.91940392,1,5,1,24小时,TRUE,16
2219,国家电网汽车充电站(江西省赣州市龙南新杨大桥旁充电点),新杨大桥旁地面停车场,19179791366;95598,114.7970546,24.92181054,2,5,3,24小时,FALSE,15
2220,特来电汽车充电站(特来电龙南市文体中心停车场充电站),龙南体育中心地面停车场,[],114.8196896,24.92172398,1,3,1,24小时,TRUE,33
2221,江湾一品共享汽车充电站,江湾一品,[],114.793727,24.92176425,3,2,3,24小时,TRUE,48
2222,老年活动中心新能源充电站,仙岩路167号,[],114.7991674,24.92126309,4,4,5,24小时,TRUE,45
2223,特来电汽车充电站(寻乌县优能集中式快速充电站),河岭村跃光瑞沿河路边1号,13672299957,115.6693033,24.92525253,2,4,5,24小时,FALSE,33
2224,国家电网汽车充电站(江西省赣州市安远县孔田镇孔田供电服务站公共充电站),孔田镇孔田供电服务站公共充电站,15779795922,115.3045772,24.92663263,1,1,1,24小时,FALSE,17
2225,赣州中安汽车充电站(项山度假山庄店),项山度假山庄,[],115.8342741,24.92612944,6,2,1,24小时,TRUE,10
2226,特来电汽车充电站(特来电赣州驭尊全南县汶坑桥充电站),汶坑桥东100米,18179701888,114.4563026,24.91596656,7,1,1,24小时,TRUE,26
2227,云快充目的地充电站(寨下村充电站),龙源坝镇寨下村,4008288517,114.4354265,24.9133069,2,2,1,24小时,TRUE,47
2228,中国石化江西赣州石油分公司龙南第一人民医院充电站,龙南镇龙南市第一人民医院,95105888,114.7965953,24.91533268,3,1,1,24小时,FALSE,37
2229,特来电充电站(龙南市第一人民医院店),龙南市第一人民医院停车场,4001300001,114.7966143,24.91572566,6,3,1,24小时,TRUE,44
2230,驴充充汽车充电站(富龙大酒店停车坪),市里仁镇象塘围路富龙大酒店,966999,114.8699135,24.91172032,7,4,1,24小时,TRUE,19
2231,云快充汽车充电站(龙南富龙大酒店充电站),龙南富龙大酒店停车坪,4008288517,114.8696973,24.91167809,2,3,1,24小时,FALSE,16
2232,龙南东站高铁站新能源汽车充电站,龙南东站1号停车场,[],114.861167,24.91008894,7,3,1,24小时,TRUE,29
2233,云快充汽车充电站(龙南市105国道里仁高速入口充电站),里仁镇车皇尚小汽车维修部落,[],114.8671083,24.91362692,8,2,1,24小时,TRUE,47
2234,龙南市里仁农贸市场新能源充电站,迎宾大道与里仁互通交叉口北200米,[],114.8669299,24.91588041,6,1,3,24小时,TRUE,18
2235,云快充超级充电站(龙易充-龙南超充阳光龙苑站华为全液冷超充),阳光龙苑西侧阳光龙苑停车场,4008288517,114.8166533,24.91092875,5,5,3,24小时,FALSE,11
2236,共充汽车充电站(莲上贝贝八一九街店停车场内),八一九街莲上贝贝蛋糕店停车场,13758720667,114.7873546,24.91210609,3,3,5,24小时,TRUE,43
2237,国家电网汽车充电站(江西省赣州龙南市里仁供电所充电站),龙南市里仁供电所,15970127531,114.8722054,24.9190247,7,2,3,24小时,FALSE,16
2238,中国铁塔汽车充电站(江西赣州龙南市金塘工业园充电站),金塘路简美康跨境产业园,10096,114.8221728,24.91734726,6,4,5,24小时,TRUE,26
2239,下西门公共停车场新能源汽车充电站,民主街67号,[],114.7807291,24.91427804,8,4,1,24小时,TRUE,37
2240,文化广场公共停车场新能源汽车充电站,红旗大道65号,[],114.7863051,24.91001391,1,2,5,24小时,TRUE,44
2241,特来电汽车充电站(特来电龙南市维也纳国际酒店充电站),维也纳国际酒店赣州龙南店地面停车场,17779712438,114.8258245,24.91098202,5,2,1,24小时,FALSE,20
2242,云快充汽车充电站(华为全液冷超充),阳光龙湾皇厨酒店门口停车场,4008288517,114.7971801,24.91861318,2,1,5,24小时,TRUE,28
2243,小桔充电汽车充电站(寻乌县城南大道重卡充电站),文峰乡城南大道,4000610999,115.686704,24.91588848,5,2,3,24小时,TRUE,29
2244,国家电网汽车充电站(江西省赣州市定南县岭北镇人民政府充电站),岭北镇人民政府,0797-4201039,115.0316284,24.90083947,1,1,1,24小时,TRUE,43
2245,驴充充汽车充电站(龙南虔美宏铭国际酒店),市-龙泉大道与金新二路交叉口东北80米虔美·宏名轩国际酒店大堂,0797-966999、19979768889,114.783705,24.9011526,6,2,3,24小时,FALSE,25
2246,充电站,天下客家演艺小镇附近,[],114.8627083,24.90562758,1,5,5,24小时,FALSE,46
2247,云快充超级充电站(龙南市至中商业广场充电站),明珠街至中商业广场停车场,4008288517,114.7909306,24.90449832,1,2,3,24小时,FALSE,26
2248,中国铁塔汽车充电站(江西赣州龙南市市政北门充电站),龙昌路市政中心北门停车场,10096,114.8002773,24.90671193,4,5,1,24小时,TRUE,47
2249,能效邻里共享汽车充电站(鸿晏新能源),龙泽居别墅北门口鸿晏新能源,18178979889,114.7932897,24.90133434,4,5,1,24小时,FALSE,38
2250,云快充汽车充电站(龙南超充新世界站华为全液冷超充),龙南青少年宫停车场,4008288517,114.7939254,24.90634265,3,4,3,24小时,TRUE,9
2251,龙南市数智中心新能源汽车充电站,龙翔大道1-5号,[],114.7944464,24.90372082,2,2,3,24小时,TRUE,45
2252,龙南市交通运输局新能源汽车充电站,龙翔大道10-12号,[],114.8104828,24.90216552,4,2,1,24小时,TRUE,16
2253,江投能链汽车充电站(龙南市凯里亚德酒店充电站),金水大道500号凯里亚德酒店停车场,4008882596,114.8106407,24.90767007,4,2,5,24小时,TRUE,32
2254,云快充汽车充电站(龙易充-客家文化城快充站),客家文化城,4008288517,114.8117229,24.90682916,8,3,5,24小时,TRUE,17
2255,驴充充充电站(五一广场),金水大道580号君逸商务宾馆(金水大道店),13766346416,114.8190011,24.90786157,7,2,1,24小时,TRUE,24
2256,财富广场停车场新能源汽车充电站,龙翔大道1-5号,[],114.7943853,24.90374472,8,2,3,24小时,FALSE,35
2257,龙南市奥园停车场新能源汽车充电站,迎宾大道88号,[],114.8238217,24.90875354,6,4,1,24小时,FALSE,15
2258,国家电网汽车充电站(江西省赣州市安远县鹤子镇鹤子供电服务站公共充电站),鹤子,15779795922,115.214433,24.90751162,8,4,3,24小时,FALSE,14
2259,国家电网汽车充电站(江西省赣州市龙南市黄花湾景区1号停车场充电站),黄花湾景区1号停车场,19179791366,114.746386,24.89799057,1,4,3,24小时,FALSE,10
2260,金星路公共停车场新能源汽车充电站,金新二路113号,[],114.7869629,24.89872535,3,5,3,24小时,TRUE,21
2261,智电熊汽车充电站(龙南市新都学校),市新兴街龙南市新都学校,4008319887,114.7954036,24.89556443,8,3,3,24小时,FALSE,23
2262,龙南市公交公司新能源汽车充电站,龙泉大道72号,[],114.7831073,24.89871515,8,1,3,24小时,FALSE,13
2263,第六公立幼儿园停车场充电站,龙海路与龙泽路交叉口西南240米,[],114.7940582,24.89716709,8,2,5,24小时,TRUE,17
2264,国家电网汽车充电站(江西省赣州市定南县岭北充电站),岭北镇小定段月子森林派出所,19179791366,115.0291463,24.89184997,1,1,1,24小时,FALSE,36
2265,云快充汽车充电站(龙南超充阳光新都站),阳光新都北门停车场,4008288517,114.8005654,24.89900146,7,4,3,24小时,FALSE,29
2266,国家电网汽车充电站(江西省赣州市寻乌县石排充电站),文峰乡工业园区饭店世纪陶瓷有限公司,19179791366,115.7047898,24.89461055,5,5,3,24小时,TRUE,31
2267,国家电网汽车充电站(江西省赣州市寻乌县文峰乡工业园区文峰供电所充电站),文峰乡工业园区文峰供电所石排站地面停车场,0797-2831111,115.704623,24.89433982,2,4,1,24小时,TRUE,17
2268,赣州中安充电站(孵化基地),产业示范基地,[],115.6917545,24.89529757,5,3,3,24小时,FALSE,45
2269,昆仑网电汽车充电站(中石油龙南兴飞格兰云天酒店停车场充电站),龙南市中心城区市东湖大道南兴飞格兰云天酒店停车场,95700,114.803258,24.88784754,6,1,5,24小时,FALSE,32
2270,昆仑网电汽车充电站(中石油龙南兴飞格兰云天酒店停车场充电二站),龙南市中心城区市东湖大道南兴飞格兰云天酒店停车场,95700,114.803238,24.88781251,4,2,5,24小时,FALSE,7
2271,铁塔能源格兰云天汽车充电快充站,龙南兴飞格兰云天大酒店地面停车场B50,10096,114.8030386,24.88865906,1,2,3,24小时,FALSE,43
2272,东湖公园公共停车场新能源汽车充电站,龙鼎大道666号,[],114.8010508,24.87649723,3,3,3,24小时,TRUE,43
2273,云快充汽车充电站,农产品交易中心大门停车场,4008288517,114.8033574,24.87065294,3,1,5,24小时,TRUE,10
2274,中国石化汽车充电站(龙南中心充电站),东江乡大稳村105国道大广高速龙南南出口处,0797-2045353;95105888,114.8054516,24.86611417,7,4,5,24小时,TRUE,38
2275,国家电网汽车充电站(江西省赣州市定南县龙塘镇人民政府充电站),龙塘镇人民政府,0797-4226016,115.1817365,24.86435328,1,4,1,24小时,TRUE,32
2276,驴充充充电站(志浩电子科技有限公司),志浩路与西经三路交叉口东北320米,[],114.8214687,24.8538422,5,5,3,24小时,FALSE,42
2277,国家电网汽车充电站(江西省赣州市龙南市东江镇政府城市公共充电站),东江镇政府,18007071010,114.80847,24.85641076,7,1,3,24小时,TRUE,45
2278,昌达汽车摩托车充电站,富祥大道1号,[],114.8020882,24.85403081,6,2,5,24小时,FALSE,18
2279,理想汽车超级充电站(理想5C超充站大广高速龙南服务区大庆方向),龙南服务区,4006860400,114.7304045,24.85457937,7,3,5,24小时,TRUE,15
2280,国家电网汽车充电站(大广高速龙南服务区充电站大庆方向),大广高速龙南服务区(大庆方向)地面停车场,15779726911;95598,114.7301936,24.8544635,1,1,3,24小时,TRUE,49
2281,蔚来换电站(G45大广高速龙南服务区大庆方向),龙南服务区南侧,[],114.7294531,24.85433995,7,3,3,24小时,FALSE,15
2282,理想汽车超级充电站(理想5C超充站大广高速龙南服务区广州方向),龙南服务区,4006860400,114.7301694,24.85750415,6,2,1,24小时,TRUE,17
2283,蔚来换电站(G45大广高速龙南服务区广州方向),G45大广高速,[],114.7299375,24.85760927,3,5,3,24小时,TRUE,33
2284,国家电网汽车充电站(大广高速龙南服务区充电站广州方向),大广高速龙南服务区充电站(广州方向),15779726911;95598,114.7294028,24.85818251,4,2,5,24小时,TRUE,8
2285,昆仑网电汽车充电站(中石油赣州龙南骏亚大道加油充电站),市东江乡新圳村委会电子信息产业城A2-X05东侧,95700,114.8091122,24.84231261,3,2,5,24小时,FALSE,31
2286,国桩智充汽车充电站(江西省赣州市龙南市汽车城充电站),东江镇富康大道龙南市汽车城,4006396909,114.7981746,24.84730704,2,2,3,24小时,TRUE,23
2287,国家电网汽车充电站(江西省赣州市龙南市关西镇关西供电所城市公共充电站),关西镇关西供电所,0797-3530350,114.9415477,24.84250083,7,1,1,24小时,FALSE,9
2288,龙南海螺水泥汽车充电站,富康大道与十三经路交叉口西北100米,[],114.7969845,24.84828197,1,5,3,24小时,TRUE,35
2289,特来电汽车充电站(寻乌县运旺物流充电站),南桥镇古坑村古坑岗小组国道旁,13979717579,115.7169754,24.84167548,2,1,3,24小时,TRUE,22
2290,国家电网汽车充电站(江西省赣州市龙南市程龙镇圩镇城市公共充电站),程龙镇圩镇,18879732939,114.676034,24.83840421,1,1,1,24小时,TRUE,38
2291,星星充电汽车充电站(灵石温泉酒店),南桥镇787乡道长江村鳞石背,19070689830,115.6962154,24.82986643,7,5,1,24小时,FALSE,36
2292,国家电网汽车充电站(江西省赣州市定南县鹅公充电站),鹅公镇418县道通达鹅公汽车站,19179791366,115.2605679,24.81985289,1,3,3,24小时,FALSE,26
2293,国家电网汽车充电站(江西省赣州市定南县鹅公镇人民政府充电站),鹅公镇人民政府,0797-4238118,115.2570502,24.81960276,1,3,3,24小时,FALSE,20
2294,国家电网汽车充电站(江西省赣州市寻乌县桂竹帽镇乡镇公共充电站),桂竹帽镇圩镇停车场,0797-2831111,115.4018445,24.82681653,7,4,3,24小时,TRUE,27
2295,赣州中安河角驿站汽车充电站,236国道与545县道交叉口东北220米,[],115.5812954,24.82279828,2,1,3,24小时,FALSE,49
2296,中国石化汽车充电站(瑞寻省界服务区充电站),瑞寻县省界南桥西收费站(G35济广高速入口),95105888,115.7180126,24.81356959,3,1,3,24小时,TRUE,38
2297,汽车充电站(青龙岩服务区),G35济广高速青龙岩服务区(K1568+300),[],115.7181525,24.81270654,4,3,3,24小时,FALSE,44
2298,赣州中安汽车充电站(青龙岩风景区),南桥镇青龙岩风景区停车场,[],115.6840748,24.80578074,8,5,5,24小时,FALSE,47
2299,国家电网汽车充电站(江西省赣州市寻乌县南桥镇南桥供电所充电站),南桥镇南桥供电所地面停车场,0797-2887378,115.7125309,24.8030596,1,3,1,24小时,TRUE,45
2300,汽车充电站(赣州中安晨光文化广场),401县道,[],115.4751283,24.80680264,1,3,3,24小时,FALSE,19
2301,国家电网汽车充电站(江西省赣州市寻乌县晨光镇乡镇公共充电站),晨光镇401县道中国石化晨光加油站,0797-2831111,115.4794725,24.80658816,8,4,5,24小时,TRUE,27
2302,中国石化汽车充电站(中国石化中沙加油站店),历市镇中国石化中沙加油站,19970721860,115.0229255,24.7917821,1,4,3,24小时,TRUE,29
2303,赣州中安充电站(南桥人民政府),南桥镇人民政府停车场,[],115.7168195,24.79843935,4,2,3,24小时,TRUE,13
2304,驴充充汽车充电站(全南天龙山景区充电站),天龙山景区停车场,0797-966999,114.5934055,24.78378142,2,3,3,24小时,FALSE,15
2305,国家电网汽车充电站(江西省赣州市定南县休闲足球场停车场充电站),休闲足球场停车场,19179791366,114.9752655,24.78187906,1,1,3,24小时,FALSE,47
2306,国家电网汽车充电站(江西省赣州市定南县休闲足球场充电站),休闲足球场,18179735703;95598,114.9752456,24.78185212,1,2,5,24小时,TRUE,18
2307,国家电网汽车充电站(江西省赣州市龙南市临塘乡临塘乡人民政府城市公共充电站),临塘乡人民政府,18007071010,114.7991623,24.78874092,2,1,1,24小时,FALSE,50
2308,智慧未来新能源充电站(佳达站)(暂停营业),京九大道与东江源西大道交叉口东南180米,[],114.9938686,24.78343837,1,2,1,24小时,FALSE,29
2309,云快充超级充电站(赣驰定南重卡充电场站),公路港(东江源西大道),4008288517,114.9962968,24.78681467,1,2,3,24小时,FALSE,47
2310,汽车充电站(定南供销冷链物流园),东江源大道888号,[],114.9976283,24.78511877,1,1,3,24小时,TRUE,39
2311,江投能链汽车充电站(赣州定南冷链物流园充电站),历市镇东江源大道西88号,4008882596,114.9985401,24.78471204,1,4,5,24小时,TRUE,49
2312,超翔汽车充电站(定南县城阳光小区),历市镇阳光小区,18046777948,115.037899,24.78232307,1,2,3,24小时,TRUE,46
2313,特来电汽车充电站(定南县第一人民医院),广州大道与安康路交叉口东北80米地面停车场,[],115.0344065,24.7849361,1,4,3,24小时,FALSE,46
2314,公牛充电汽车充电站(定南县工业园区管委会),定南县工业园区服务中心,[],115.0620556,24.78019709,1,5,5,24小时,FALSE,19
2315,定南县工业园区服务中心后面车棚汽车充电站,富工一路5号,[],115.0621215,24.780226,1,3,1,24小时,TRUE,23
2316,云快充超级充电站(定南格兰云天国际酒店充电站),前程大道北侧,4008288517,115.0130052,24.78594767,1,1,1,24小时,TRUE,26
2317,汽车充电站(新能源定南县房投公司行政中心站),一经路,[],115.02292,24.78447979,1,5,5,24小时,TRUE,12
2318,特来电汽车充电站(寻乌县动能集中式快速充电站),南桥镇枫树岗,13767750308,115.7384976,24.78352752,6,2,5,24小时,FALSE,29
2319,星星充电汽车充电站(寻乌南服务区东区),留车镇寻乌南服务区汽车充电站寻乌南服务区,4008280768,115.6398334,24.78087949,1,3,5,24小时,TRUE,42
2320,寻乌南服务区电动汽车充电站(西区),寻龙高速寻乌南服务区,[],115.6355825,24.78076219,4,4,5,24小时,FALSE,25
2321,星星充电汽车充电站(寻乌南服务区西区),留车镇寻乌南服务区(寻龙高速龙川方向),4008280768,115.6365781,24.78097964,3,5,3,24小时,TRUE,11
2322,云快充汽车充电站(全南高速收费站充电站),327省道禾子背,4008288517,114.5958702,24.77868171,1,5,3,24小时,FALSE,25
2323,11KW慢充汽车充电站,江夏新村七栋一号,15270733761,114.9030389,24.770968,5,2,1,24小时,FALSE,48
2324,国家电网汽车充电站(江西省赣州市定南县历市镇修建游客服务中心充电站),历市镇修建村党群服务中心,15018084720,114.9643008,24.7793357,1,2,3,24小时,FALSE,14
2325,小桔充电汽车充电站(国弘新能源定南修建充电站),修建村城市接待中心(定南收费站出口50米),18679783332,114.9646896,24.77948465,1,1,5,24小时,FALSE,24
2326,汽车充电站(定南县房投公司新能源汽车充电站恩荣站),新时代大道373号,[],115.0586222,24.77287673,1,1,5,24小时,FALSE,50
2327,国家电网汽车充电站(江西省赣州市龙南市汶龙镇汶龙供电所城市公共充电站),汶龙镇汶龙供电所,15070741531,114.8974464,24.7727556,8,2,5,24小时,FALSE,23
2328,汽车充电站(定南县房投公司新能源凤栖湖站),京九大道170号,[],115.0089766,24.77582641,1,4,5,24小时,TRUE,26
2329,国家电网汽车充电站(江西省赣州市定南县历市镇火车站充电站),历市镇定南站,18179735703,115.0014714,24.77804773,1,2,1,24小时,TRUE,49
2330,定南工业园铁塔能源汽车充电站,富工一路5号,15007099072,115.0622085,24.77818906,1,1,5,24小时,TRUE,36
2331,智慧未来新能源布衣路电动汽车充电站(暂停营业),布衣路南山公园东门入口停车场,18948726641,115.0365184,24.774218,1,4,5,24小时,FALSE,47
2332,智慧未来新能源电动汽车充电站(定南爱国站),鑫隆花园(解放路)东北侧,[],115.0255792,24.77745825,1,1,1,24小时,FALSE,26
2333,南京能瑞汽车充电站(7天酒店赣州定南火车站店停车场充电站),历市镇京九大道55号,0797-4299882,115.0150892,24.77280679,1,4,3,24小时,FALSE,30
2334,公牛充电汽车充电站(定南县数字经济园),富工一路5号,[],115.0614667,24.77878904,1,1,3,24小时,FALSE,23
2335,特来电汽车充电站(定南县天九镇陈坑闪充充电站),天九镇231省道,17379736803,115.1087256,24.77026555,1,2,5,24小时,FALSE,11
2336,汽车充电站(江投能链赣州全南冷链物流园充电站),江西供销(全南)冷链物流园5号楼路面停车场,[],114.5915401,24.76874465,6,5,1,24小时,TRUE,50
2337,特来电汽车充电站(定南县历市镇良富闪充充电站),东风东路,17379736803,115.0247488,24.76274868,1,4,3,24小时,TRUE,41
2338,驴充充汽车充电站(产学研用园区),海诺路与松山路交叉口东480米产学研用园区,966999,114.5717951,24.75209481,8,4,1,24小时,FALSE,14
2339,特来电目的地充电站(特来电全南县新能源充电桩项目一期工程工业园一期标准厂房充电站),工业园金龙镇松山村电子信息产业园,15979757266,114.566084,24.75346054,4,2,1,24小时,TRUE,28
2340,特来电汽车充电站(全南县工业园标准厂房一期停车场充电站),地面停车场,[],114.566088,24.75346054,2,2,5,24小时,FALSE,32
2341,云快充汽车充电站(临塘乡东坑村充电站),临塘乡东坑村游客服务中心门口,4008288517,114.8329903,24.75340679,3,1,5,24小时,TRUE,27
2342,驴充充汽车充电站(全南县玎玎汽车服务有限公司),南海大道97号东方魅力音乐汇(杰友路),[],114.546547,24.75171918,3,1,3,24小时,TRUE,37
2343,云快充汽车充电站(全南县众平汽车充电站),全南县金源一路,13155798188,114.5462654,24.75083168,6,5,5,24小时,FALSE,14
2344,特来电汽车充电站(特来电定南县文体中心充电站),广州大道与清华大道交叉路口往南约100米地面停车场,4001300001,115.0372248,24.75535484,1,4,5,24小时,TRUE,7
2345,国家电网汽车充电站(江西省赣州市定南县天九镇天九供电所公共充电站),天九镇供电营业厅,0797-4241138,115.1135746,24.75728518,1,2,1,24小时,FALSE,36
2346,国家电网汽车充电站(江西省赣州市定南县天九镇游客服务中心充电站),天九镇游客服务中心,18970125685,115.1023668,24.75787719,1,5,3,24小时,TRUE,46
2347,云快充汽车充电站(天九高速路口游客服务中心),天九旅游服务中心,[],115.1026179,24.75820426,1,4,5,24小时,TRUE,34
2348,国家电网汽车充电站(江西省赣州市全南县中寨乡充电站),中寨乡346省道,18970797144,114.3961109,24.74150582,7,3,5,24小时,FALSE,28
2349,润诚达汽车充电站(全南司法局站),金龙大道,16750080007,114.5331996,24.74415004,2,1,1,24小时,TRUE,12
2350,汽车充电站(全南县全宝站),全宝游乐园东北侧,13707976886,114.5578977,24.73993714,4,1,3,24小时,FALSE,22
2351,特来电目的地充电站(特来电全南县新能源充电桩项目一期工程全南县行政服务中心充电站),行政服务中心,15979757266,114.5217038,24.74547924,2,5,5,24小时,TRUE,29
2352,特来电目的地充电站(特来电全南县新能源充电桩项目一期工程全南县财政局充电站),金龙大道,15979757266,114.5328687,24.74281532,7,3,3,24小时,TRUE,11
2353,特来电汽车充电站(全南县新能源充电桩项目一期工程全南县河边街公园充电站),红旗路河边街公园停车场,18179065811,114.5278485,24.74390064,2,5,3,24小时,TRUE,30
2354,特来电充电站(全南县河边街公园充电站),红旗路与解放路交叉口南200米地面停车场,[],114.5285325,24.74469034,1,4,5,24小时,FALSE,9
2355,云快充汽车充电站(信安直流快充站),城厢镇滨江路7号,4008288517,114.5307102,24.74378092,2,2,5,24小时,TRUE,16
2356,特来电目的地充电站(特来电全南县新能源充电桩项目一期工程全南县住建局充电站),城厢镇金龙大道17号,15979757266,114.5319761,24.7416672,3,1,5,24小时,FALSE,25
2357,充电站,寿梅路208号,[],114.5229838,24.74748857,1,2,1,24小时,TRUE,46
2358,国家电网汽车充电站(江西省赣州市全南县广场充电站),城厢镇寿梅路38号全南宾馆,19179791366,114.5271371,24.74568268,2,5,1,24小时,FALSE,7
2359,特来电汽车充电站(全南县燕鹏汽车充电站),新城工业园二区B栋地面停车场,13755819588,114.5439638,24.74941306,2,5,1,24小时,FALSE,28
2360,云快充目的地充电站(全南碧桂园充电桩),碧桂园小区地下车库,4008288517,114.5460494,24.74210483,3,4,5,24小时,TRUE,20
2361,中国铁塔汽车充电站(江西赣州全南国际商贸城充电站),站前路全南国际商贸城,10096,114.5450249,24.74161278,1,5,3,24小时,FALSE,47
2362,国家电网汽车充电站(江西省赣州市全南县国际商贸城充电站),全南国际商贸城地面停车场,19179791366,114.5444053,24.74243545,8,2,5,24小时,FALSE,49
2363,国家电网汽车充电站(江西省赣州市寻乌县菖蒲乡乡镇公共充电站),菖蒲乡国家电网营业厅,0797-2831111,115.5239364,24.74306244,6,5,3,24小时,TRUE,49
2364,驴充充汽车充电站(全南全宝充电运营中心),金龙镇全南汽车总站东北328米全南县全宝汽车充电站,13707976886,114.5581812,24.73977459,1,2,1,24小时,TRUE,17
2365,汽车充电站(全南交投公交公司站)(暂停营业),滨江路与桃江源大道交汇处,15180283878,114.5542755,24.73851334,5,2,1,24小时,TRUE,43
2366,国家电网汽车充电站(江西省赣州市全南县城区营业厅停车场充电站),城厢镇含江路供电公司家属楼旁,19179791366,114.5261046,24.73483867,4,5,5,24小时,FALSE,22
2367,国家电网汽车充电站(江西省赣州市全南县含江路供电公司旁充电站),含江路御景山庄对面,18569517674;95598,114.5267707,24.73542138,7,1,1,24小时,FALSE,21
2368,星星充电汽车充电站(星星充电-军新充电站),菖蒲乡政府对面,13330133787,115.5254001,24.74087747,3,4,3,24小时,FALSE,10
2369,特来电汽车充电站(特来电龙南市虔心小镇景区停车场充电站),龙南虔心小镇游客中心停车场,4001300001,114.846597,24.7314274,7,2,3,24小时,TRUE,9
2370,汽车充电站(中国石化全南阳明华酒店停车场站),阳明华国际花园酒店,95105888,114.5376717,24.73838998,5,2,5,24小时,FALSE,41
2371,云快充汽车充电站(全南县人民医院店),金龙大道12号,4008288517,114.5311841,24.73730651,3,4,5,24小时,TRUE,25
2372,特来电目的地充电站(特来电全南县新能源充电桩项目一期工程全南县人社局充电站),人力资源和社会保障局,15979757266,114.5330395,24.738585,7,1,3,24小时,TRUE,9
2373,赣州中安充电站(留车镇政府)(建设中),留车镇人民政府,[],115.641024,24.73027528,2,5,3,24小时,TRUE,48
2374,驴充充汽车充电站(含水桥头),骏宏路骏宏(全南)塑胶有限公司,13707976886,114.5291987,24.72798105,7,1,5,24小时,FALSE,45
2375,赣州中安充电站(留车村委),留车村委,[],115.6366138,24.72627655,6,3,1,24小时,FALSE,14
2376,云快充超级充电站(纵海新能源超充站),金龙镇娟坑万通物流园园区内,4008288517,114.5138091,24.71943267,5,1,1,24小时,TRUE,29
2377,国家电网汽车充电站(江西省赣州市龙南市夹湖乡龙南市夹湖小学门口停车场城市公共充电站),夹湖乡龙南市夹湖小学门口停车场,0797-3538280,114.6565415,24.70870295,7,1,1,24小时,TRUE,16
2378,国家电网汽车充电站(江西省赣州市龙南市夹湖乡夹湖小学门口停车场城市公共充电站),夹湖乡夹湖小学门口停车场,18460338083,114.6558238,24.70930927,5,5,5,24小时,FALSE,11
2379,国家电网汽车充电站(江西省赣州龙南市南亨乡武当供电所充电站),南亨乡西村村委会半段3号,0797-3595481,114.8006282,24.69609029,6,5,5,24小时,FALSE,40
2380,特来电汽车充电站(定南老城高速出口充电站),中国石化丁坊加油站,18679775825,114.9659623,24.69633434,1,5,3,24小时,TRUE,8
2381,国家电网汽车充电站(江西省赣州市全南县南迳镇全南县南迳供电所城市公共充电站),南迳镇全南县南迳人民法庭,18970797144,114.4129787,24.68082794,6,4,1,24小时,TRUE,27
2382,驴充充汽车充电站(全南县南迳客运站),X346华为(S549店),15170769481,114.4025086,24.68189698,7,4,5,24小时,TRUE,21
2383,定南服务区特来电电动汽车充电站,定南服务区东区,4001300001,114.9636704,24.68022787,1,5,1,24小时,TRUE,47
2384,理想汽车超级充电站(理想5C超充站龙河高速定南服务区河源方向),定南服务区,4006860400,114.9602696,24.68007869,1,2,1,24小时,FALSE,41
2385,国家电网汽车充电站(江西省赣州市定南县老城镇老城供电所充电站),老城镇人民政府,0797-4216193,115.0037436,24.68902307,1,3,5,24小时,TRUE,45
2386,国家电网汽车充电站(江西省赣州市定南县老城镇人民政府充电站),老城镇人民政府,19179791366,115.0037436,24.68902307,1,2,3,24小时,FALSE,50
2387,国家电网汽车充电站(江西省赣州市定南县岿美山镇人民政府充电站),岿美山镇人民政府,0797-4216193,114.8884625,24.67043301,1,2,3,24小时,FALSE,27
2388,赣州中安充电站(龙廷乡人民政府),龙廷乡人民政府地面停车场,[],115.6064101,24.65195667,5,3,3,24小时,FALSE,38
2389,闪象智充汽车充电站(赣州祥途运输),大吉山镇乌桕坝大吉山镇派出所斜对面停车场,17307073898,114.3746342,24.64380816,4,3,5,24小时,TRUE,24
2390,国家电网汽车充电站(江西省赣州市寻乌县龙廷镇乡镇公共充电站),龙廷乡加油站旁,0797-2831111,115.6105095,24.64834502,6,1,3,24小时,TRUE,9
2391,赣州中安汽车充电站(龙廷停车场),482县道,[],115.6077577,24.64999687,4,1,5,24小时,TRUE,41
2392,云快充汽车充电站(龙南市杨村镇太平古镇燕翼围充电站),杨村镇X410杨村燕翼围地面停车场,[],114.6298416,24.63824234,2,3,1,24小时,FALSE,5
2393,汽车充电站(世界客家第一村),世界客家第一村停车场内,19067097027,114.7639965,24.63859511,3,4,3,24小时,FALSE,37
2394,汽车充电站(龙南市属石化充电站),横九段1号,[],114.6108587,24.6260094,2,4,5,24小时,TRUE,44
2395,国家电网汽车充电站(江西省赣州市龙南市武当镇石下村村委会旁停车场城市公共充电站),武当镇石下村村委会旁停车场,18007071300,114.721237,24.62675433,1,4,1,24小时,FALSE,20
2396,武当公路驿站充电站,105国道与京珠线交叉口北100米,[],114.7098208,24.61581623,1,5,5,24小时,FALSE,15
2397,小桔充电汽车充电站(沃尔泰武当公路驿站),武当公路驿站,4000610999,114.7098697,24.61600417,4,2,5,24小时,TRUE,28
2398,小桔充电汽车充电站(沃尔泰武当服务区充电站),龙南武当服务区,4000610999,114.7075302,24.61113798,6,1,1,24小时,FALSE,36
2399,国家电网汽车充电站(江西省赣州市全南县大吉山镇充电站),大吉山镇大吉山钨矿机修厂,18970797144,114.3673566,24.60530865,3,3,3,24小时,TRUE,26
2400,赣州中安充电站(丹溪人民政府),丹溪人民政府停车场,[],115.7763331,24.60693329,4,5,5,24小时,TRUE,23
2401,国家电网汽车充电站(江西省赣州市寻乌县丹溪乡乡镇公共充电站),丹溪乡车站旁,0797-2831111,115.7818011,24.60894183,8,3,3,24小时,FALSE,18
2402,国家电网汽车充电站(江西省赣州市龙南市九连山镇润洞村上湖城市公共充电站),九连山镇润洞村上湖,15970881231,114.4867533,24.56138878,7,2,1,24小时,FALSE,46
,,,,,,,,,,,
,,,,,,,,,,,
